type,contrast,percentile,alpha,depth_cal,n_modified,depth_mean,angle_mean,lr_mean,sim_to_219
uniform,151,91,1.1,0.5055,11,0.5055,0.5214468266484983,0.4706938459755331,0.0002713149007198536
alt_contrast,25,91,1.1,0.5055,11,0.5055,0.5214468266484983,0.4706938459755331,0.00027131490071985513
uniform,151,92,1.1,0.5055,9,0.5055,0.5213409248343313,0.47094017362937834,0.000288027169402272
uniform,151,91,1.1,,11,0.5059389971139222,0.5214468266484983,0.4706938459755331,0.00038188127449866445
uniform,151,92,1.1,,9,0.5059818456000605,0.5213409248343313,0.47094017362937834,0.0003845635078968489
uniform,151,92,1.1,0.506,9,0.506,0.5213409248343313,0.47094017362937834,0.0003905078689389739
uniform,151,91,1.1,0.506,11,0.506,0.5214468266484983,0.4706938459755331,0.0004018556708250234
uniform,151,90,1.1,0.5055,12,0.5055,0.5212609012292354,0.4708037805182534,0.0004123417949467926
uniform,151,93,1.1,0.5055,8,0.5055000000000001,0.521418307890606,0.4706519775837464,0.00041777573275367995
alt_contrast,25,93,1.1,0.5055,8,0.5055000000000001,0.521418307890606,0.4706519775837464,0.00041777573275368044
uniform,151,91,1.1,0.505,11,0.505,0.5214468266484983,0.4706938459755331,0.00043503171487912763
uniform,151,92,1.1,0.505,9,0.505,0.5213409248343313,0.47094017362937834,0.00045174398356154596
alt_contrast,25,91,1.0,0.5055,11,0.5055000000000001,0.5214316332334633,0.47051411525274334,0.0004812512628211269
uniform,151,91,1.0,0.5055,11,0.5055000000000001,0.5214316332334633,0.47051411525274334,0.0004812512628211287
uniform,151,92,1.0,0.5055,9,0.5055,0.5213353588569479,0.47073804948351167,0.0004950653611039869
uniform,151,90,1.1,,12,0.5058240363078801,0.5212609012292354,0.4708037805182534,0.0005165304603123827
uniform,151,92,1.2,0.5055,9,0.5055,0.5213464908117145,0.4711422977752449,0.0005244413481539382
uniform,151,91,1.2,0.5055,11,0.5055,0.521462020063533,0.47087357669832286,0.0005319130235423831
alt_contrast,25,91,1.2,0.5055,11,0.5055,0.521462020063533,0.47087357669832286,0.0005319130235423838
uniform,151,90,1.1,0.505,12,0.5049999999999999,0.5212609012292354,0.4708037805182534,0.0005343299370507465
uniform,151,93,1.1,,8,0.5058771323166659,0.521418307890606,0.4706519775837464,0.0005390365661359367
uniform,151,90,1.1,0.506,12,0.5059999999999999,0.5212609012292354,0.4708037805182534,0.000573108756598728
uniform,151,93,1.1,0.505,8,0.505,0.521418307890606,0.4706519775837464,0.0005742214616802641
uniform,151,93,1.1,0.506,8,0.5060000000000001,0.521418307890606,0.4706519775837464,0.0005785426944056153
uniform,151,92,1.2,0.506,9,0.506,0.5213464908117145,0.4711422977752449,0.00058646706609618
uniform,151,92,1.2,,9,0.5060279113078918,0.5213464908117145,0.4711422977752449,0.0005946181560114887
uniform,151,91,1.0,,11,0.5058968267230126,0.5214316332334633,0.47051411525274334,0.0005967619024025404
uniform,151,92,1.0,,9,0.5059357798922293,0.5213353588569479,0.47073804948351167,0.0006014913665955909
uniform,151,91,1.2,,11,0.5059811675048318,0.521462020063533,0.47087357669832286,0.0006171156766358115
uniform,151,92,1.0,0.506,9,0.5060000000000001,0.5213353588569479,0.47073804948351167,0.0006213825504183867
uniform,151,91,1.2,0.506,11,0.506,0.521462020063533,0.47087357669832286,0.0006226154318619254
uniform,151,91,1.0,0.505,11,0.505,0.5214316332334633,0.47051411525274334,0.0006272689619361569
uniform,151,91,1.0,0.506,11,0.5060000000000001,0.5214316332334633,0.47051411525274334,0.0006281095352335172
uniform,151,93,1.2,0.5055,8,0.5054999999999998,0.5214309086912869,0.4708279020891009,0.0006317219026000315
alt_contrast,25,93,1.2,0.5055,8,0.5054999999999998,0.5214309086912869,0.4708279020891009,0.0006317219026000321
uniform,151,90,1.0,0.5055,12,0.5055,0.5212626101250427,0.47061405574612536,0.0006318705084492113
alt_contrast,25,93,1.0,0.5055,8,0.5055,0.5214057070899251,0.4704760530783917,0.0006385129722351587
uniform,151,93,1.0,0.5055,8,0.5055,0.5214057070899251,0.4704760530783917,0.0006385129722351602
uniform,151,92,1.0,0.505,9,0.5050000000000001,0.5213353588569479,0.47073804948351167,0.0006410830602190151
uniform,151,90,1.2,0.5055,12,0.5055,0.5212591923334282,0.4709935052903813,0.0006624195680983237
uniform,151,92,1.2,0.505,9,0.5049999999999999,0.5213464908117145,0.4711422977752449,0.0006793086047910894
uniform,151,91,1.2,0.505,11,0.505,0.521462020063533,0.47087357669832286,0.0006838304276721598
per_target,151,92,"{'scaled_angle': 1.2, 'scaled_depth': 0.8, 'scaled_left_right': 1.0}",0.5055,9,0.5055,0.5213464908117145,0.47073804948351167,0.0006931018708707212
uniform,151,88,1.1,0.505,14,0.505,0.5212376454464082,0.4707272736836023,0.0006933350293087592
per_target,151,91,"{'scaled_angle': 1.2, 'scaled_depth': 0.8, 'scaled_left_right': 1.0}",0.5055,11,0.5055,0.521462020063533,0.47051411525274334,0.000702723242388492
uniform,151,92,0.9,0.5055,9,0.5055,0.5213297928795646,0.47053592533764516,0.0007054136130556055
alt_contrast,25,91,0.9,0.5055,11,0.5055,0.5214164398184284,0.47033438452995363,0.000713049872422598
uniform,151,91,0.9,0.5055,11,0.5055,0.5214164398184284,0.47033438452995363,0.0007130498724225992
uniform,151,90,1.0,,12,0.5057923168993379,0.5212626101250427,0.47061405574612536,0.000718961974033675
uniform,151,90,1.0,0.505,12,0.5050000000000001,0.5212626101250427,0.47061405574612536,0.0007212395357861907
per_target,151,91,"{'scaled_angle': 0.8, 'scaled_depth': 1.0, 'scaled_left_right': 0.8}",0.5055,11,0.5055000000000001,0.5214012464033937,0.4701546538071638,0.0007338876602322254
uniform,151,93,1.2,,8,0.5059136786350977,0.5214309086912869,0.4708279020891009,0.0007348399298475049
uniform,151,93,1.0,,8,0.5058405859982342,0.5214057070899251,0.4704760530783917,0.0007440042106263081
per_target,151,92,"{'scaled_angle': 0.8, 'scaled_depth': 1.0, 'scaled_left_right': 0.8}",0.5055,9,0.5055,0.5213242269021813,0.4703338011917785,0.0007446172017676368
alt_contrast,25,88,1.1,0.5055,14,0.5055,0.5212376454464082,0.4707272736836023,0.0007528012829853783
uniform,151,88,1.1,0.5055,14,0.5055,0.5212376454464082,0.4707272736836023,0.0007528012829853783
uniform,151,93,1.0,0.505,8,0.505,0.5214057070899251,0.4704760530783917,0.0007557959175078183
uniform,151,93,1.2,0.506,8,0.506,0.5214309086912869,0.4708279020891009,0.0007595395534331117
uniform,151,95,1.1,0.506,6,0.506,0.5215760517062493,0.47081918505131937,0.0007610417855472487
uniform,151,92,1.3,0.5055,9,0.5055,0.5213520567890978,0.47134442192111153,0.0007625105570305063
uniform,151,90,1.2,,12,0.5058557557164222,0.5212591923334282,0.4709935052903813,0.0007642139766321131
uniform,151,88,1.1,,14,0.5055380629720926,0.5212376454464082,0.4707272736836023,0.0007645906991202649
uniform,151,90,1.0,0.506,12,0.506,0.5212626101250427,0.47061405574612536,0.0007808380600716469
uniform,151,93,1.2,0.505,8,0.505,0.5214309086912869,0.4708279020891009,0.0007895390117445571
uniform,151,93,1.0,0.506,8,0.506,0.5214057070899251,0.4704760530783917,0.0007933802288723458
uniform,151,91,1.3,0.5055,11,0.5055,0.5214772134785679,0.4710533074211126,0.0007937066794839814
uniform,151,90,1.2,0.505,12,0.5049999999999999,0.5212591923334282,0.4709935052903813,0.000795115331178229
uniform,151,92,1.3,0.506,9,0.506,0.5213520567890978,0.47134442192111153,0.0007968153180477984
per_target,151,91,"{'scaled_angle': 1.2, 'scaled_depth': 0.8, 'scaled_left_right': 1.0}",,11,0.5058124859411935,0.521462020063533,0.47051411525274334,0.000797667348414865
per_target,151,92,"{'scaled_angle': 1.2, 'scaled_depth': 0.8, 'scaled_left_right': 1.0}",,9,0.5058436484765668,0.5213464908117145,0.47073804948351167,0.0007995416644976283
uniform,151,90,1.2,0.506,12,0.506,0.5212591923334282,0.4709935052903813,0.0008054874147060094
uniform,151,92,1.3,,9,0.506073977015723,0.5213520567890978,0.47134442192111153,0.0008184192252943328
uniform,151,91,0.9,,11,0.5058546563321031,0.5214164398184284,0.47033438452995363,0.0008208068110852194
uniform,151,85,1.1,0.505,17,0.505,0.521221979536963,0.47073043535313136,0.0008215214811267038
uniform,151,92,0.9,,9,0.5058897141843981,0.5213297928795646,0.47053592533764516,0.0008252924358784352
uniform,151,91,0.9,0.505,11,0.505,0.5214164398184284,0.47033438452995363,0.0008389986237160677
per_target,151,91,"{'scaled_angle': 0.8, 'scaled_depth': 1.0, 'scaled_left_right': 0.8}",,11,0.5058968267230126,0.5214012464033937,0.4701546538071638,0.0008493982998136371
per_target,151,92,"{'scaled_angle': 0.8, 'scaled_depth': 1.0, 'scaled_left_right': 0.8}",,9,0.5059357798922293,0.5213242269021813,0.4703338011917785,0.0008510432072592411
uniform,151,92,0.9,0.505,9,0.505,0.5213297928795646,0.47053592533764516,0.0008514313121706338
uniform,151,93,1.3,0.5055,8,0.5055,0.521443509491968,0.4710038265944556,0.000852806956129319
per_target,151,93,"{'scaled_angle': 1.2, 'scaled_depth': 0.8, 'scaled_left_right': 1.0}",0.5055,8,0.5055000000000001,0.5214309086912869,0.4704760530783917,0.0008528563228403785
uniform,151,90,0.9,0.5055,12,0.5055000000000001,0.5212643190208499,0.47042433097399744,0.0008529166282081553
per_target,151,90,"{'scaled_angle': 1.2, 'scaled_depth': 0.8, 'scaled_left_right': 1.0}",0.5055,12,0.5055,0.5212591923334282,0.47061405574612536,0.0008559774906289636
uniform,151,95,1.1,,6,0.5062970130957748,0.5215760517062493,0.47081918505131937,0.0008565415715043345
uniform,151,91,1.3,0.506,11,0.506,0.5214772134785679,0.4710533074211126,0.0008592810082644756
alt_contrast,25,93,0.9,0.5055,8,0.5055,0.521393106289244,0.47030012857303716,0.0008593824132663592
uniform,151,93,0.9,0.5055,8,0.5055,0.521393106289244,0.47030012857303716,0.0008593824132663602
uniform,151,92,0.9,0.506,9,0.506,0.5213297928795646,0.47053592533764516,0.000859451759294955
uniform,151,95,1.1,0.5055,6,0.5054999999999998,0.5215760517062493,0.47081918505131937,0.0008606705959277312
uniform,151,91,0.9,0.506,11,0.506,0.5214164398184284,0.47033438452995363,0.0008649672765524096
per_target,151,93,"{'scaled_angle': 0.8, 'scaled_depth': 1.0, 'scaled_left_right': 0.8}",0.5055,8,0.5055,0.521380505488563,0.47012420406768257,0.0008659085036923409
uniform,151,91,1.3,,11,0.5060233378957414,0.5214772134785679,0.4710533074211126,0.0008660964999411625
per_target,151,90,"{'scaled_angle': 0.8, 'scaled_depth': 1.0, 'scaled_left_right': 0.8}",0.5055,12,0.5055,0.5212660279166571,0.47023460620186947,0.0008665759990734567
uniform,151,85,1.1,0.5055,17,0.5055,0.521221979536963,0.47073043535313136,0.0008696046647817274
uniform,151,88,1.0,0.505,14,0.5049999999999999,0.5212414685042905,0.47054450407826076,0.0008749923014202404
uniform,151,85,1.1,,17,0.5055574943453893,0.521221979536963,0.47073043535313136,0.000887412647866932
uniform,151,88,1.1,0.506,14,0.506,0.5212376454464082,0.4707272736836023,0.0009076685396225637
uniform,151,90,1.3,0.5055,12,0.5055,0.521257483437621,0.47118323006250923,0.000914773450634723
uniform,151,95,1.2,0.506,6,0.506,0.521602992853807,0.47101031023554424,0.0009173114508551781
uniform,151,92,1.3,0.505,9,0.5050000000000001,0.5213520567890978,0.47134442192111153,0.0009173778136676575
uniform,151,90,0.9,0.505,12,0.505,0.5212643190208499,0.47042433097399744,0.0009235721401810787
per_target,151,90,"{'scaled_angle': 1.2, 'scaled_depth': 0.8, 'scaled_left_right': 1.0}",,12,0.5057288780822538,0.5212591923334282,0.47061405574612536,0.0009241683056957308
uniform,151,90,0.9,,12,0.5057605974907958,0.5212643190208499,0.47042433097399744,0.0009305577685337707
alt_contrast,25,88,1.0,0.5055,14,0.5055,0.5212414685042905,0.47054450407826076,0.0009348007694444508
uniform,151,88,1.0,0.5055,14,0.5054999999999998,0.5212414685042905,0.47054450407826076,0.0009348007694444534
per_target,151,93,"{'scaled_angle': 1.2, 'scaled_depth': 0.8, 'scaled_left_right': 1.0}",,8,0.5057674933613707,0.5214309086912869,0.4704760530783917,0.0009357082489286713
uniform,151,92,0.8,0.5055,9,0.5055,0.5213242269021813,0.4703338011917785,0.0009426537115343725
uniform,151,88,1.0,,14,0.5055323411395313,0.5212414685042905,0.47054450407826076,0.0009440547238236223
uniform,151,93,1.3,,8,0.5059502249535294,0.521443509491968,0.4710038265944556,0.0009443897147272773
uniform,151,91,1.3,0.505,11,0.505,0.5214772134785679,0.4710533074211126,0.0009456240836137582
uniform,151,91,0.8,0.5055,11,0.5055,0.5214012464033937,0.4701546538071638,0.0009499076137415262
uniform,151,93,0.9,,8,0.5058040396798025,0.521393106289244,0.47030012857303716,0.0009535539955060806
per_target,151,90,"{'scaled_angle': 0.8, 'scaled_depth': 1.0, 'scaled_left_right': 0.8}",,12,0.5057923168993379,0.5212660279166571,0.47023460620186947,0.0009536674646579204
uniform,151,93,0.9,0.505,8,0.505,0.521393106289244,0.47030012857303716,0.0009546728837305304
uniform,151,93,1.3,0.506,8,0.506,0.521443509491968,0.4710038265944556,0.0009586321321539781
uniform,151,95,1.0,0.506,6,0.506,0.5215491105586917,0.47062805986709444,0.0009637924439795087
per_target,151,93,"{'scaled_angle': 0.8, 'scaled_depth': 1.0, 'scaled_left_right': 0.8}",,8,0.5058405859982342,0.521380505488563,0.47012420406768257,0.0009713997420834887
uniform,151,88,1.2,0.505,14,0.505,0.5212338223885257,0.4709100432889438,0.0009759375772338015
uniform,151,85,1.0,0.505,17,0.505,0.5212272267684314,0.4705473783232872,0.0009898997839237866
uniform,151,90,0.9,0.506,12,0.506,0.5212643190208499,0.47042433097399744,0.001001884179830591
uniform,151,95,1.0,0.5055,6,0.5055,0.5215491105586917,0.47062805986709444,0.0010098919055787912
uniform,151,93,1.3,0.505,8,0.505,0.521443509491968,0.4710038265944556,0.0010106240652738444
uniform,151,93,0.9,0.506,8,0.506,0.521393106289244,0.47030012857303716,0.0010142496699035457
uniform,151,95,1.1,0.505,6,0.505,0.5215760517062493,0.47081918505131937,0.0010184877050722567
uniform,151,88,1.2,0.5055,14,0.5055,0.5212338223885257,0.4709100432889438,0.0010232299438891182
alt_contrast,25,88,1.2,0.5055,14,0.5055,0.5212338223885257,0.4709100432889438,0.0010232299438891184
uniform,151,85,1.1,0.506,17,0.506,0.521221979536963,0.47073043535313136,0.0010244719214189128
uniform,151,90,1.3,,12,0.5058874751249641,0.521257483437621,0.47118323006250923,0.0010256439141200478
uniform,151,95,1.2,,6,0.5063717303941254,0.521602992853807,0.47101031023554424,0.0010280629842081774
per_target,151,91,"{'scaled_angle': 1.0, 'scaled_depth': 0.5, 'scaled_left_right': 1.0}",0.5055,11,0.5055,0.5214316332334633,0.47051411525274334,0.0010288898441705304
per_target,151,92,"{'scaled_angle': 1.0, 'scaled_depth': 1.5, 'scaled_left_right': 0.8}",0.5055,9,0.5054999999999998,0.5213353588569479,0.4703338011917785,0.0010319250618766398
uniform,151,95,1.0,,6,0.5062222957974241,0.5215491105586917,0.47062805986709444,0.0010326451245975788
per_target,151,92,"{'scaled_angle': 1.0, 'scaled_depth': 0.5, 'scaled_left_right': 1.0}",0.5055,9,0.5055,0.5213353588569479,0.47073804948351167,0.001032981736504987
uniform,151,88,1.2,,14,0.505543784804654,0.5212338223885257,0.4709100432889438,0.00103524170445793
uniform,151,85,1.0,0.5055,17,0.5055,0.5212272267684314,0.4705473783232872,0.0010414025324247294
uniform,151,91,0.8,,11,0.5058124859411935,0.5214012464033937,0.4701546538071638,0.0010448517197678992
uniform,151,92,0.8,,9,0.5058436484765668,0.5213242269021813,0.4703338011917785,0.0010490935051612796
uniform,151,91,0.8,0.505,11,0.505,0.5214012464033937,0.4701546538071638,0.0010507282854959465
uniform,151,85,1.0,,17,0.5055500060243464,0.5212272267684314,0.4705473783232872,0.001055711040866047
uniform,151,90,1.3,0.506,12,0.5060000000000001,0.521257483437621,0.47118323006250923,0.0010578412972424088
uniform,151,95,1.2,0.5055,6,0.5055,0.521602992853807,0.47101031023554424,0.0010592358615018863
per_target,151,92,"{'scaled_angle': 1.0, 'scaled_depth': 1.5, 'scaled_left_right': 0.8}",,9,0.5061661084313855,0.5213353588569479,0.4703338011917785,0.0010592974509529489
uniform,151,92,0.8,0.505,9,0.505,0.5213242269021813,0.4703338011917785,0.0010617795641222197
uniform,151,88,0.9,0.505,14,0.505,0.521245291562173,0.47036173447291924,0.001061949629251688
uniform,151,90,1.3,0.505,12,0.505,0.521257483437621,0.47118323006250923,0.0010661827290786188
uniform,151,90,0.8,0.5055,12,0.5055,0.5212660279166571,0.47023460620186947,0.0010739627479670994
per_target,151,91,"{'scaled_angle': 1.0, 'scaled_depth': 1.5, 'scaled_left_right': 0.8}",0.5055,11,0.5055000000000001,0.5214316332334633,0.4701546538071638,0.0010769881929584889
uniform,151,88,1.0,0.506,14,0.506,0.5212414685042905,0.47054450407826076,0.001077868616052139
uniform,151,93,0.8,0.5055,8,0.5055000000000001,0.521380505488563,0.47012420406768257,0.00108025185429756
per_target,151,91,"{'scaled_angle': 1.0, 'scaled_depth': 0.5, 'scaled_left_right': 1.0}",,11,0.5056859747684649,0.5214316332334633,0.47051411525274334,0.0010853954522881955
per_target,151,92,"{'scaled_angle': 1.0, 'scaled_depth': 0.5, 'scaled_left_right': 1.0}",,9,0.5057054513530732,0.5213353588569479,0.47073804948351167,0.0010966171113506872
uniform,151,92,0.8,0.506,9,0.506,0.5213242269021813,0.4703338011917785,0.001097520968171558
uniform,151,91,0.8,0.506,11,0.506,0.5214012464033937,0.4701546538071638,0.0011018250178713366
per_target,151,93,"{'scaled_angle': 1.0, 'scaled_depth': 1.5, 'scaled_left_right': 0.8}",0.5055,8,0.5055,0.5214057070899251,0.47012420406768257,0.0011040211870825636
uniform,151,95,1.3,0.506,6,0.506,0.5216299340013647,0.4712014354197691,0.001110705866872791
per_target,151,91,"{'scaled_angle': 1.0, 'scaled_depth': 1.5, 'scaled_left_right': 0.8}",,11,0.5061076786775605,0.5214316332334633,0.4701546538071638,0.0011237523481432094
alt_contrast,25,88,0.9,0.5055,14,0.5055,0.521245291562173,0.47036173447291924,0.001125066295453069
uniform,151,88,0.9,0.5055,14,0.5055,0.521245291562173,0.47036173447291924,0.0011250662954530705
uniform,151,90,0.8,0.505,12,0.505,0.5212660279166571,0.47023460620186947,0.0011259047445759673
per_target,151,88,"{'scaled_angle': 1.2, 'scaled_depth': 0.8, 'scaled_left_right': 1.0}",0.5055,14,0.5055000000000001,0.5212338223885257,0.47054450407826076,0.0011273592662224138
per_target,151,95,"{'scaled_angle': 1.2, 'scaled_depth': 0.8, 'scaled_left_right': 1.0}",0.5055,6,0.5055,0.521602992853807,0.47062805986709444,0.0011325084319781323
uniform,151,88,0.9,,14,0.5055266193069697,0.521245291562173,0.47036173447291924,0.0011326830293057828
per_target,151,88,"{'scaled_angle': 1.2, 'scaled_depth': 0.8, 'scaled_left_right': 1.0}",,14,0.5055208974744083,0.5212338223885257,0.47054450407826076,0.0011333387795487012
uniform,151,85,1.2,0.505,17,0.5049999999999999,0.5212167323054947,0.4709134923829755,0.00113670170839942
per_target,151,88,"{'scaled_angle': 0.8, 'scaled_depth': 1.0, 'scaled_left_right': 0.8}",0.5055,14,0.5054999999999998,0.5212491146200554,0.4701789648675778,0.0011409029993532797
uniform,151,90,0.8,,12,0.5057288780822538,0.5212660279166571,0.47023460620186947,0.0011421535630338666
per_target,151,88,"{'scaled_angle': 0.8, 'scaled_depth': 1.0, 'scaled_left_right': 0.8}",,14,0.5055323411395313,0.5212491146200554,0.4701789648675778,0.0011501569537324485
per_target,151,90,"{'scaled_angle': 1.0, 'scaled_depth': 0.5, 'scaled_left_right': 1.0}",0.5055,12,0.5055,0.5212626101250427,0.47061405574612536,0.001150337380683318
uniform,151,93,0.8,0.505,8,0.505,0.521380505488563,0.47012420406768257,0.001153549849953243
per_target,151,92,"{'scaled_angle': 1.5, 'scaled_depth': 0.5, 'scaled_left_right': 1.2}",0.5055,9,0.5055,0.5213631887438644,0.4711422977752449,0.0011559037253678585
uniform,151,95,1.0,0.505,6,0.5049999999999999,0.5215491105586917,0.47062805986709444,0.0011572181123177172
uniform,151,88,1.2,0.506,14,0.506,0.5212338223885257,0.4709100432889438,0.0011617690839255716
uniform,151,93,0.8,,8,0.5057674933613707,0.521380505488563,0.47012420406768257,0.001163103780385853
per_target,151,90,"{'scaled_angle': 1.0, 'scaled_depth': 1.5, 'scaled_left_right': 0.8}",0.5055,12,0.5055000000000001,0.5212626101250427,0.47023460620186947,0.0011646043558151008
uniform,151,85,0.9,0.505,17,0.505,0.5212324739998997,0.470364321293443,0.0011652639606542807
uniform,151,95,0.9,0.506,6,0.506,0.5215221694111339,0.47043693468286957,0.0011676206634999922
uniform,151,95,0.9,0.5055,6,0.5055,0.5215221694111339,0.47043693468286957,0.0011687575030829031
per_target,151,91,"{'scaled_angle': 1.5, 'scaled_depth': 0.5, 'scaled_left_right': 1.2}",0.5055,11,0.5055,0.5215076003086376,0.47087357669832286,0.0011705706125540222
uniform,151,85,1.2,0.5055,17,0.5055,0.5212167323054947,0.4709134923829755,0.0011708725534180615
per_target,151,93,"{'scaled_angle': 1.0, 'scaled_depth': 1.5, 'scaled_left_right': 0.8}",,8,0.5060233175903928,0.5214057070899251,0.47012420406768257,0.0011725334083814572
per_target,151,93,"{'scaled_angle': 1.0, 'scaled_depth': 0.5, 'scaled_left_right': 1.0}",0.5055,8,0.5055000000000001,0.5214057070899251,0.4704760530783917,0.0011743713487481742
uniform,151,85,1.0,0.506,17,0.506,0.5212272267684314,0.4705473783232872,0.001184470379032415
uniform,151,85,1.2,,17,0.5055649826664323,0.5212167323054947,0.4709134923829755,0.0011883162780356085
per_target,151,90,"{'scaled_angle': 1.0, 'scaled_depth': 0.5, 'scaled_left_right': 1.0}",,12,0.5056337198566275,0.5212626101250427,0.47061405574612536,0.0011901772199735406
per_target,151,95,"{'scaled_angle': 1.2, 'scaled_depth': 0.8, 'scaled_left_right': 1.0}",,6,0.5060728612007227,0.521602992853807,0.47062805986709444,0.001198901842953954
per_target,151,95,"{'scaled_angle': 0.8, 'scaled_depth': 1.0, 'scaled_left_right': 0.8}",0.5055,6,0.5055,0.5214952282635762,0.47024580949864464,0.0012050065741877063
uniform,151,95,1.3,,6,0.5064464476924762,0.5216299340013647,0.4712014354197691,0.0012087486776908227
uniform,151,95,1.2,0.505,6,0.505,0.521602992853807,0.47101031023554424,0.0012111532656316631
uniform,151,95,0.9,,6,0.5061475784990733,0.5215221694111339,0.47043693468286957,0.001213330818080224
uniform,151,92,1.5,0.506,9,0.5059999999999999,0.5213631887438644,0.47174867021284467,0.0012175118219509703
per_target,151,92,"{'scaled_angle': 1.5, 'scaled_depth': 0.5, 'scaled_left_right': 1.2}",,9,0.5057054513530732,0.5213631887438644,0.4711422977752449,0.0012195391002135585
uniform,151,85,0.9,0.5055,17,0.5055,0.5212324739998997,0.470364321293443,0.001221007882135281
uniform,151,90,0.8,0.506,12,0.506,0.5212660279166571,0.47023460620186947,0.0012229302995895351
per_target,151,93,"{'scaled_angle': 1.0, 'scaled_depth': 0.5, 'scaled_left_right': 1.0}",,8,0.5056578544060756,0.5214057070899251,0.4704760530783917,0.0012232643063822188
per_target,151,85,"{'scaled_angle': 0.8, 'scaled_depth': 1.0, 'scaled_left_right': 0.8}",0.5055,17,0.5055,0.521237721231368,0.4701812642635989,0.0012263511579127533
per_target,151,91,"{'scaled_angle': 1.5, 'scaled_depth': 0.5, 'scaled_left_right': 1.2}",,11,0.5056859747684649,0.5215076003086376,0.47087357669832286,0.001227076220671687
per_target,151,95,"{'scaled_angle': 0.8, 'scaled_depth': 1.0, 'scaled_left_right': 0.8}",,6,0.5062222957974241,0.5214952282635762,0.47024580949864464,0.0012277597932064943
uniform,151,85,0.9,,17,0.5055425177033035,0.5212324739998997,0.470364321293443,0.0012331737146439653
uniform,151,93,0.8,0.506,8,0.506,0.521380505488563,0.47012420406768257,0.0012351191109347456
per_target,151,85,"{'scaled_angle': 1.2, 'scaled_depth': 0.8, 'scaled_left_right': 1.0}",0.5055,17,0.5055,0.5212167323054947,0.4705473783232872,0.0012369458634784078
uniform,151,92,1.5,0.5055,9,0.5054999999999998,0.5213631887438644,0.47174867021284467,0.0012386489747837114
per_target,151,85,"{'scaled_angle': 0.8, 'scaled_depth': 1.0, 'scaled_left_right': 0.8}",,17,0.5055500060243464,0.521237721231368,0.4701812642635989,0.0012406596663540707
per_target,151,85,"{'scaled_angle': 1.2, 'scaled_depth': 0.8, 'scaled_left_right': 1.0}",,17,0.5055350293822605,0.5212167323054947,0.4705473783232872,0.001246969020054427
uniform,151,88,0.8,0.505,14,0.505,0.5212491146200554,0.4701789648675778,0.0012489069570831683
per_target,151,90,"{'scaled_angle': 1.0, 'scaled_depth': 1.5, 'scaled_left_right': 0.8}",,12,0.5059509139420483,0.5212626101250427,0.47023460620186947,0.0012567080241613292
uniform,151,88,1.3,0.505,14,0.505,0.5212299993306433,0.47109281289428534,0.0012620734956388642
uniform,151,95,1.3,0.5055,6,0.5055,0.5216299340013647,0.4712014354197691,0.0012626232710026017
uniform,151,92,1.5,,9,0.5061661084313855,0.5213631887438644,0.47174867021284467,0.0012660213638600209
uniform,151,88,0.9,0.506,14,0.506,0.521245291562173,0.47036173447291924,0.0012681341420607561
per_target,151,93,"{'scaled_angle': 1.5, 'scaled_depth': 0.5, 'scaled_left_right': 1.2}",0.5055,8,0.5055000000000001,0.52146871109333,0.4708279020891009,0.0012902585143133361
uniform,151,93,1.5,0.5055,8,0.5055,0.52146871109333,0.47135567560516484,0.001294977063187928
uniform,151,88,1.3,0.5055,14,0.5055,0.5212299993306433,0.47109281289428534,0.001306057664117075
uniform,151,85,1.2,0.506,17,0.5059999999999999,0.5212167323054947,0.4709134923829755,0.0013063367798157044
uniform,151,95,0.9,0.505,6,0.505,0.5215221694111339,0.47043693468286957,0.0013147752021979314
uniform,151,88,0.8,0.5055,14,0.5055000000000001,0.5212491146200554,0.4701789648675778,0.0013153318214616566
uniform,151,91,1.5,0.5055,11,0.5055000000000001,0.5215076003086376,0.47141276886669214,0.0013172939913671448
uniform,151,88,1.3,,14,0.5055495066372154,0.5212299993306433,0.47109281289428534,0.0013196391309637993
uniform,151,88,0.8,,14,0.5055208974744083,0.5212491146200554,0.4701789648675778,0.0013213113347879443
per_target,151,90,"{'scaled_angle': 1.5, 'scaled_depth': 0.5, 'scaled_left_right': 1.2}",0.5055,12,0.5055,0.5212540656460066,0.4709935052903813,0.0013268513666957317
uniform,151,95,0.8,0.5055,6,0.5055,0.5214952282635762,0.47024580949864464,0.0013276231005870478
uniform,151,91,1.5,0.506,11,0.506,0.5215076003086376,0.47141276886669214,0.0013326121610696094
per_target,151,93,"{'scaled_angle': 1.5, 'scaled_depth': 0.5, 'scaled_left_right': 1.2}",,8,0.5056578544060756,0.52146871109333,0.4708279020891009,0.001339151471947381
per_target,151,95,"{'scaled_angle': 1.0, 'scaled_depth': 0.5, 'scaled_left_right': 1.0}",0.5055,6,0.5055000000000001,0.5215491105586917,0.47062805986709444,0.001340279613422419
uniform,151,85,0.8,0.505,17,0.5050000000000001,0.521237721231368,0.4701812642635989,0.0013406281373847437
uniform,151,93,1.5,0.506,8,0.506,0.52146871109333,0.47135567560516484,0.0013568172895956788
uniform,151,93,1.5,,8,0.5060233175903928,0.52146871109333,0.47135567560516484,0.0013634892844868218
uniform,151,91,1.5,,11,0.5061076786775605,0.5215076003086376,0.47141276886669214,0.0013640581465518653
uniform,151,85,0.9,0.506,17,0.506,0.5212324739998997,0.470364321293443,0.0013640757287429665
per_target,151,90,"{'scaled_angle': 1.5, 'scaled_depth': 0.5, 'scaled_left_right': 1.2}",,12,0.5056337198566275,0.5212540656460066,0.4709935052903813,0.0013666912059859544
per_target,151,88,"{'scaled_angle': 1.0, 'scaled_depth': 0.5, 'scaled_left_right': 1.0}",0.5055,14,0.5055,0.5212414685042905,0.47054450407826076,0.001370872824715348
uniform,151,95,0.8,0.506,6,0.506,0.5214952282635762,0.47024580949864464,0.0013714488830204416
per_target,151,88,"{'scaled_angle': 1.0, 'scaled_depth': 0.5, 'scaled_left_right': 1.0}",,14,0.505503731976724,0.5212414685042905,0.47054450407826076,0.0013719406764623613
uniform,151,92,1.5,0.505,9,0.5049999999999999,0.5213631887438644,0.47174867021284467,0.0013935162314208625
uniform,151,95,0.8,,6,0.5060728612007227,0.5214952282635762,0.47024580949864464,0.0013940165115628696
uniform,151,85,0.8,0.5055,17,0.5055,0.521237721231368,0.4701812642635989,0.0014006132318458645
per_target,151,95,"{'scaled_angle': 1.0, 'scaled_depth': 1.5, 'scaled_left_right': 0.8}",,6,0.5065958822891775,0.5215491105586917,0.47024580949864464,0.0014048648512259918
uniform,151,85,0.8,,17,0.5055350293822605,0.521237721231368,0.4701812642635989,0.001410636388421884
uniform,151,95,1.3,0.505,6,0.505,0.5216299340013647,0.4712014354197691,0.0014145406751323783
per_target,151,95,"{'scaled_angle': 1.5, 'scaled_depth': 0.5, 'scaled_left_right': 1.2}",0.5055,6,0.5055000000000001,0.52168381629648,0.47101031023554424,0.0014418264321109145
uniform,151,88,1.3,0.506,14,0.506,0.5212299993306433,0.47109281289428534,0.0014432258057100107
per_target,151,95,"{'scaled_angle': 1.0, 'scaled_depth': 0.5, 'scaled_left_right': 1.0}",,6,0.5058487093056705,0.5215491105586917,0.47062805986709444,0.0014482869204885177
uniform,151,93,1.5,0.505,8,0.505,0.52146871109333,0.47135567560516484,0.0014527941723324535
uniform,151,85,1.3,0.505,17,0.5050000000000001,0.5212114850740264,0.47109654941281964,0.0014558738636340199
uniform,151,90,1.5,0.5055,12,0.5055000000000001,0.5212540656460066,0.47156267960676523,0.0014564001207496894
uniform,151,88,0.8,0.506,14,0.5060000000000001,0.5212491146200554,0.4701789648675778,0.0014583996680693422
uniform,151,91,1.5,0.505,11,0.5050000000000001,0.5215076003086376,0.47141276886669214,0.0014692113954969217
uniform,151,95,0.8,0.505,6,0.505,0.5214952282635762,0.47024580949864464,0.0014736407997020758
per_target,151,85,"{'scaled_angle': 1.0, 'scaled_depth': 0.5, 'scaled_left_right': 1.0}",0.5055,17,0.5055,0.5212272267684314,0.4705473783232872,0.0014770577172574602
per_target,151,85,"{'scaled_angle': 1.0, 'scaled_depth': 0.5, 'scaled_left_right': 1.0}",,17,0.5055125644191317,0.5212272267684314,0.4705473783232872,0.0014806528460355793
per_target,151,88,"{'scaled_angle': 1.0, 'scaled_depth': 1.5, 'scaled_left_right': 0.8}",0.5055,14,0.5055000000000001,0.5212414685042905,0.4701789648675778,0.0014812153685179387
uniform,151,85,1.3,0.5055,17,0.5055,0.5212114850740264,0.47109654941281964,0.0014858035356726663
per_target,151,88,"{'scaled_angle': 1.0, 'scaled_depth': 1.5, 'scaled_left_right': 0.8}",,14,0.5055609503023382,0.5212414685042905,0.4701789648675778,0.0014979362479204579
per_target,151,95,"{'scaled_angle': 1.0, 'scaled_depth': 1.5, 'scaled_left_right': 0.8}",0.5055,6,0.5055,0.5215491105586917,0.47024580949864464,0.0015041428765738768
uniform,151,85,1.3,,17,0.5055724709874752,0.5212114850740264,0.47109654941281964,0.0015052573995671902
uniform,151,95,1.5,0.506,6,0.506,0.52168381629648,0.47158368578821885,0.0015174806858741872
uniform,151,85,0.8,0.506,17,0.5060000000000001,0.521237721231368,0.4701812642635989,0.0015436810784535504
uniform,151,90,1.5,,12,0.5059509139420483,0.5212540656460066,0.47156267960676523,0.0015485037890959179
per_target,151,95,"{'scaled_angle': 1.5, 'scaled_depth': 0.5, 'scaled_left_right': 1.2}",,6,0.5058487093056705,0.52168381629648,0.47101031023554424,0.0015498337391770135
uniform,151,90,1.5,0.506,12,0.5060000000000001,0.5212540656460066,0.47156267960676523,0.0015625490623151447
uniform,151,95,1.5,,6,0.5065958822891775,0.52168381629648,0.47158368578821885,0.0015701200646561129
per_target,151,88,"{'scaled_angle': 1.5, 'scaled_depth': 0.5, 'scaled_left_right': 1.2}",0.5055,14,0.5055,0.5212223532148784,0.4709100432889438,0.0015781042335183922
per_target,151,88,"{'scaled_angle': 1.5, 'scaled_depth': 0.5, 'scaled_left_right': 1.2}",,14,0.505503731976724,0.5212223532148784,0.4709100432889438,0.0015791720852654052
uniform,151,90,1.5,0.505,12,0.5050000000000001,0.5212540656460066,0.47156267960676523,0.001608317524879466
uniform,151,85,1.3,0.506,17,0.5060000000000001,0.5212114850740264,0.47109654941281964,0.0016200218247582271
per_target,151,85,"{'scaled_angle': 1.0, 'scaled_depth': 1.5, 'scaled_left_right': 0.8}",0.5055,17,0.5055,0.5212272267684314,0.4701812642635989,0.0016436951106307937
per_target,151,85,"{'scaled_angle': 1.0, 'scaled_depth': 1.5, 'scaled_left_right': 0.8}",,17,0.5055874476295611,0.5212272267684314,0.4701812642635989,0.0016671692530793602
uniform,151,95,1.5,0.5055,6,0.5055,0.52168381629648,0.47158368578821885,0.001669398090003998
per_target,151,85,"{'scaled_angle': 1.5, 'scaled_depth': 0.5, 'scaled_left_right': 1.2}",0.5055,17,0.5055,0.5212009906110897,0.4709134923829755,0.0017135343141266852
per_target,151,85,"{'scaled_angle': 1.5, 'scaled_depth': 0.5, 'scaled_left_right': 1.2}",,17,0.5055125644191317,0.5212009906110897,0.4709134923829755,0.0017171294429048046
uniform,151,95,1.5,0.505,6,0.505,0.52168381629648,0.47158368578821885,0.001821315494133775
uniform,151,88,1.5,0.505,14,0.5050000000000001,0.5212223532148784,0.4714583521049684,0.0018343453324489575
uniform,151,88,1.5,0.5055,14,0.5055000000000001,0.5212223532148784,0.4714583521049684,0.001871713104573021
uniform,151,88,1.5,,14,0.5055609503023382,0.5212223532148784,0.4714583521049684,0.0018884339839755398
uniform,151,88,1.5,0.506,14,0.5060000000000001,0.5212223532148784,0.4714583521049684,0.0020088812461659567
uniform,151,85,1.5,0.505,17,0.505,0.5212009906110897,0.4714626634725079,0.002094218174103321
uniform,151,85,1.5,0.5055,17,0.5055,0.5212009906110897,0.4714626634725079,0.002115665500181789
uniform,151,85,1.5,,17,0.5055874476295611,0.5212009906110897,0.4714626634725079,0.0021391396426303556
uniform,151,85,1.5,0.506,17,0.506,0.5212009906110897,0.4714626634725079,0.0022498837892673497
two_stage,151+9,92+88,1.0+0.3,0.5055,9+14,0.5055,0.5213573220920814,0.47244228154000134,0.002793956758421938
two_stage,151+9,91+88,1.0+0.3,0.5055,11+14,0.5055000000000001,0.5215373584781511,0.472173688962331,0.0028060206012228495
two_stage,151+9,90+88,1.0+0.3,0.5055,12+14,0.5054999999999998,0.521196105838491,0.4722613771505746,0.0028736265083589125
two_stage,151+9,92+85,1.0+0.3,0.5055,9+17,0.5055,0.5215321003538486,0.47268322216918973,0.00297303247703988
two_stage,151+9,91+85,1.0+0.3,0.5055,11+17,0.5055,0.5215319831186699,0.47226088996682697,0.0030141308744373635
two_stage,151+9,92+88,1.1+0.3,0.5055,9+14,0.5055000000000001,0.521404284218662,0.4729432348814702,0.003074154175007683
two_stage,151+9,91+88,1.1+0.3,0.5055,11+14,0.5055000000000001,0.5214541302546881,0.47244873062040427,0.003081372279912593
two_stage,151+9,90+85,1.0+0.3,0.5055,12+17,0.5054999999999998,0.5212937101420181,0.47230718643662406,0.0031147846262229674
two_stage,151+9,90+88,1.1+0.3,0.5055,12+14,0.5055,0.5211959947209309,0.4725001594621873,0.00315702084430154
two_stage,151+9,92+85,1.1+0.3,0.5055,9+17,0.5055,0.5215393361244468,0.4729459835588163,0.0032511810347150075
two_stage,151+9,91+85,1.1+0.3,0.5055,11+17,0.5055,0.5215517345582151,0.4724945399064537,0.0033180477008323927
two_stage,151+9,92+88,1.2+0.3,0.5055,9+14,0.5055,0.5214115199892604,0.47320599627109683,0.003361288404411172
two_stage,151+9,90+85,1.1+0.3,0.5055,12+17,0.5055000000000001,0.5212011365985667,0.47263836240916307,0.0033929646667396093
two_stage,151+9,91+88,1.2+0.3,0.5055,11+14,0.5055,0.5214738816942335,0.472682380560031,0.0033949782374340424
alt_contrast,152,93,0.9,0.5055,8,0.5055,0.5215131075303313,0.46871680802484567,0.003426005525506096
two_stage,151+9,90+88,1.2+0.3,0.5055,12+14,0.5055000000000001,0.5211958836033709,0.47273894177380016,0.003471842143227462
alt_contrast,152,93,1.0,0.5055,8,0.5055,0.5215390418022443,0.46871680802484567,0.0034912889103835276
two_stage,151+9,92+85,1.2+0.3,0.5055,9+17,0.5055,0.5215465718950452,0.4732087449484429,0.003537961957804747
alt_contrast,152,93,1.1,0.5055,8,0.5055,0.5215649760741572,0.46871680802484567,0.003556572295260892
alt_contrast,152,91,0.9,0.5055,11,0.5055000000000001,0.5213685418146274,0.46871680802484567,0.0035628171006989603
alt_contrast,152,93,1.2,0.5055,8,0.5055,0.5215909103460702,0.46871680802484567,0.0036306791379912533
two_stage,151+9,91+85,1.2+0.3,0.5055,11+17,0.5054999999999998,0.5215714859977605,0.47272818984608034,0.0036310067969003617
alt_contrast,152,91,1.0,0.5055,11,0.5055,0.52137841322924,0.46871680802484567,0.003643572642626016
alt_contrast,152,88,0.9,0.5055,14,0.5055000000000001,0.5213511974425865,0.46871680802484567,0.0036733929919412988
two_stage,151+9,90+85,1.2+0.3,0.5055,12+17,0.5055000000000001,0.5211989150340174,0.47288500461292954,0.003718543523161833
alt_contrast,152,91,1.1,0.5055,11,0.5054999999999998,0.5213882846438525,0.46871680802484567,0.0037398614736759202
alt_contrast,152,88,1.0,0.5055,14,0.5055,0.5213591417047501,0.46871680802484567,0.003766705614923509
alt_contrast,152,91,1.2,0.5055,11,0.5055,0.521398156058465,0.46871680802484567,0.0038428615687862784
alt_contrast,152,88,1.1,0.5055,14,0.5055,0.5213670859669135,0.46871680802484567,0.0038600182379057526
alt_contrast,152,88,1.2,0.5055,14,0.5055000000000001,0.521375030229077,0.46871680802484567,0.003953330860887997
alt_contrast,150,93,0.9,0.5055,8,0.5055,0.5219492326077908,0.4692802189310428,0.00400880093068539
alt_contrast,150,93,1.0,0.5055,8,0.5055,0.5220236252216437,0.46934282014284257,0.004147774546501237
alt_contrast,150,93,1.1,0.5055,8,0.5055,0.5220980178354966,0.46940542135464225,0.004286748162317116
alt_contrast,160,93,0.9,0.5055,8,0.5054999999999998,0.5212023881707375,0.4684418589328404,0.004322160147129394
alt_contrast,150,91,0.9,0.5055,11,0.5055000000000001,0.5218764573527389,0.46921690945109035,0.004353632056663874
alt_contrast,150,93,1.2,0.5055,8,0.5055,0.5221724104493495,0.46946802256644193,0.0044460162197424895
alt_contrast,160,93,1.0,0.5055,8,0.5055,0.5211937980693623,0.4684113090337287,0.004526339355059019
alt_contrast,150,91,1.0,0.5055,11,0.5055,0.5219427638271417,0.46927247627622865,0.004531191112950017
alt_contrast,150,88,0.9,0.5055,14,0.5055,0.5219873541707805,0.469474075646794,0.00455110984692276
alt_contrast,160,91,0.9,0.5055,11,0.5055,0.5213569267529146,0.46836839122253726,0.004565548335660353
two_stage,151+9,92+88,1.0+0.5,0.5055,9+14,0.5055,0.521371964248837,0.4735784362443278,0.004590416345695923
two_stage,151+9,91+88,1.0+0.5,0.5055,11+14,0.5055000000000001,0.5216078419746095,0.4732800714353894,0.004660752408181729
alt_contrast,150,91,1.1,0.5055,11,0.5055,0.5220090703015443,0.469328043101367,0.004708750169236161
two_stage,151+9,90+88,1.0+0.5,0.5055,12+14,0.5055,0.5211517696474566,0.47335959142020745,0.004711159528653676
alt_contrast,160,93,1.1,0.5055,8,0.5055,0.521185207967987,0.468380759134617,0.004730518562988613
alt_contrast,150,88,1.0,0.5055,14,0.5055,0.5220659825138544,0.4695582164936771,0.004750881750821504
alt_contrast,160,91,1.0,0.5055,11,0.5055,0.5213655076051145,0.468329678244503,0.0048014557326879455
alt_contrast,150,91,1.2,0.5055,11,0.5055,0.5220753767759471,0.46938360992650524,0.004886309225522302
alt_contrast,160,88,0.9,0.5055,14,0.5055,0.5215148245291867,0.46816911029435937,0.004904596954375861
two_stage,151+9,92+85,1.0+0.5,0.5055,9+17,0.5055,0.5216632613517822,0.47398000395964174,0.004912460447879875
two_stage,151+9,92+88,1.1+0.5,0.5055,9+14,0.5055000000000001,0.521446523808216,0.47427860904953156,0.00493377888557786
alt_contrast,160,93,1.2,0.5055,8,0.5055,0.5211766178666117,0.46835020923550524,0.004934697770918206
alt_contrast,150,88,1.1,0.5055,14,0.5055,0.5221446108569283,0.46964235734056037,0.004950653654720216
two_stage,151+9,91+88,1.1+0.5,0.5055,11+14,0.5055,0.5214589993254813,0.4736186537169851,0.004982921048440885
two_stage,151+9,91+85,1.0+0.5,0.5055,11+17,0.5055,0.5215988830421409,0.47342540644288283,0.005026671363294042
alt_contrast,9,93,0.9,0.5055,8,0.5055,0.521570906822172,0.47081932896895734,0.005031840038155377
alt_contrast,160,91,1.1,0.5055,11,0.5055,0.5213740884573145,0.46829096526646874,0.005037363129715537
two_stage,151+9,90+88,1.1+0.5,0.5055,12+14,0.5055000000000001,0.5211527237153947,0.4736310787581434,0.005040343135975185
two_stage,151+9,90+85,1.0+0.5,0.5055,12+17,0.5055,0.5213144434866683,0.47343594023028984,0.005112334409470039
alt_contrast,150,88,1.2,0.5055,14,0.5054999999999998,0.5222232392000022,0.4697264981874435,0.005150425558618925
alt_contrast,160,88,1.0,0.5055,14,0.5055,0.5215409495787503,0.468108254990972,0.005178718161983861
two_stage,151+9,92+85,1.1+0.5,0.5055,9+17,0.5055000000000001,0.5216716103178572,0.4742831901784416,0.0052334010913511995
two_stage,151+9,92+88,1.2+0.5,0.5055,9+14,0.5055000000000001,0.521454872774291,0.47458179526833144,0.00525748144136387
alt_contrast,160,91,1.2,0.5055,11,0.5055000000000001,0.5213826693095145,0.4682522522884344,0.005273270526743128
two_stage,151+9,91+88,1.2+0.5,0.5055,11+14,0.5055,0.5214817894480336,0.47388824980116967,0.00533716790590149
two_stage,151+9,91+85,1.1+0.5,0.5055,11+17,0.5055,0.5216216731646931,0.4736950025270674,0.005377778594346917
two_stage,151+9,90+88,1.2+0.5,0.5055,12+14,0.5055,0.5211536777833327,0.47390256609607934,0.005394076300310755
two_stage,151+9,90+85,1.1+0.5,0.5055,12+17,0.5055,0.5211612935114543,0.473861417003103,0.005433077037953189
alt_contrast,160,88,1.1,0.5055,14,0.5055,0.5215670746283139,0.4680473996875847,0.005452839369591891
alt_contrast,9,91,0.9,0.5055,11,0.5055,0.5216929373924801,0.47139505973409634,0.0054833702465922765
alt_contrast,9,93,1.0,0.5055,8,0.5055,0.5216032632376228,0.47105294240719187,0.005552992578113281
two_stage,151+9,92+85,1.2+0.5,0.5055,9+17,0.5055,0.5216799592839322,0.4745863763972415,0.00555669598600596
alt_contrast,9,88,0.9,0.5055,14,0.5055,0.5213517815919605,0.4720841385125969,0.005596009895392639
alt_contrast,160,88,1.2,0.5055,14,0.5055,0.5215931996778774,0.46798654438419723,0.005726960577199889
two_stage,151+9,91+85,1.2+0.5,0.5055,11+17,0.5055,0.5216444632872455,0.47396459861125206,0.005731279073207321
alt_contrast,100,93,0.9,0.5055,8,0.5055,0.5227732770733357,0.469870535969658,0.005777960717608497
two_stage,151+9,90+85,1.2+0.5,0.5055,12+17,0.5055000000000001,0.5211587301677435,0.47414600416129493,0.005801138778760788
alt_contrast,9,93,1.1,0.5055,8,0.5055,0.5216356196530737,0.4712865558454265,0.006074145118071122
alt_contrast,9,91,1.0,0.5055,11,0.5055,0.5217388527601873,0.47169264325734644,0.00608397423943489
alt_contrast,100,93,1.0,0.5055,8,0.5055,0.5229392301833602,0.469998727963526,0.006169090898166186
alt_contrast,9,88,1.0,0.5055,14,0.5055000000000001,0.5213597907596099,0.47245828634456916,0.00625088275505569
two_stage,151+9,92+88,1.0+0.7,0.5055,9+14,0.5055,0.5213866064055928,0.4747145909486543,0.006386875932969907
two_stage,151+9,91+88,1.0+0.7,0.5055,11+14,0.5055,0.5216783254710681,0.47438645390844786,0.006515816126150721
two_stage,151+9,90+88,1.0+0.7,0.5055,12+14,0.5055,0.5211074334564222,0.4744578056898403,0.00654902445995852
alt_contrast,100,93,1.1,0.5055,8,0.5055,0.5231051832933847,0.470126919957394,0.0065718074574914334
alt_contrast,9,93,1.2,0.5055,8,0.5055,0.5216679760685246,0.4715201692836612,0.006606575314959145
alt_contrast,9,91,1.1,0.5055,11,0.5055,0.5217847681278946,0.47199022678059654,0.006684578232277534
alt_contrast,100,91,0.9,0.5055,11,0.5054999999999998,0.522545740219755,0.4702703195338738,0.006775782182432288
two_stage,151+9,92+88,1.1+0.7,0.5055,9+14,0.5055000000000001,0.5214887633977698,0.4756139832175928,0.006793403596148037
two_stage,151+9,92+85,1.0+0.7,0.5055,9+17,0.5055,0.521794422349716,0.47527678575009374,0.006851888418719904
two_stage,151+9,91+88,1.1+0.7,0.5055,11+14,0.5054999999999998,0.5214638683962746,0.4747885768135659,0.006884469816969209
alt_contrast,9,88,1.1,0.5055,14,0.5055,0.5213677999272595,0.4728324341765415,0.00690575561471874
two_stage,151+9,90+88,1.1+0.7,0.5055,12+14,0.5055,0.5211094527098583,0.4747619980540994,0.0069236654276488615
alt_contrast,100,93,1.2,0.5055,8,0.5055,0.5232711364034094,0.470255111951262,0.006981457372217779
two_stage,151+9,91+85,1.0+0.7,0.5055,11+17,0.5055,0.5216657829656117,0.47458992291893853,0.007039543763160833
two_stage,151+9,90+85,1.0+0.7,0.5055,12+17,0.5055,0.5213351768313186,0.47456469402395557,0.007110216103727192
two_stage,151+9,92+88,1.2+0.7,0.5055,9+14,0.5055,0.5214982255593215,0.4759575942655661,0.0071287719458610205
two_stage,151+9,92+85,1.1+0.7,0.5055,9+17,0.5055,0.5218038845112677,0.475620396798067,0.0072156211479873925
two_stage,151+9,91+88,1.2+0.7,0.5055,11+14,0.5055000000000001,0.5214896972018338,0.4750941190423084,0.007254455041913324
alt_contrast,84,93,0.9,0.5055,8,0.5055,0.5198295925781939,0.46584307400830216,0.007272576887143799
alt_contrast,100,91,1.0,0.5055,11,0.5055,0.5226864114571594,0.4704429319237658,0.00728628228766961
two_stage,151+9,90+88,1.2+0.7,0.5055,12+14,0.5055,0.5211114719632944,0.47506619041835857,0.007291343376665208
alt_contrast,9,91,1.2,0.5055,11,0.5055,0.5218306834956019,0.47228781030384664,0.0072969768040692445
two_stage,151+9,91+85,1.1+0.7,0.5055,11+17,0.5055,0.5216916117711711,0.4748954651476811,0.007437509487861411
two_stage,151+9,90+85,1.1+0.7,0.5055,12+17,0.5055,0.5211214504243418,0.47508447159704287,0.007473189409166705
two_stage,151+9,92+85,1.2+0.7,0.5055,9+17,0.5055000000000001,0.5218133466728193,0.4759640078460402,0.007550820414128772
alt_contrast,100,88,0.9,0.5055,14,0.5055,0.5242328611622781,0.4708169144319087,0.007555091435972866
alt_contrast,9,88,1.2,0.5055,14,0.5054999999999998,0.521375809094909,0.47320658200851395,0.007573111331373691
two_stage,151+9,91+85,1.2+0.7,0.5055,11+17,0.5055,0.5217174405767303,0.4752010073764238,0.007807234681813054
alt_contrast,100,91,1.1,0.5055,11,0.5055,0.5228270826945638,0.4706155443136579,0.00780836877167451
alt_contrast,84,93,1.0,0.5055,8,0.5055000000000001,0.5196684696332028,0.46552377022868624,0.007813385923976795
two_stage,151+9,90+85,1.2+0.7,0.5055,12+17,0.5055,0.5211185453014696,0.4754070037096603,0.007859124434281337
alt_contrast,100,88,1.0,0.5055,14,0.5055,0.5245609902821851,0.4710502595882491,0.008169232623335571
alt_contrast,100,91,1.2,0.5055,11,0.5055,0.5229677539319683,0.47078815670354984,0.008337388611080505
alt_contrast,84,93,1.1,0.5055,8,0.5055,0.5195073466882116,0.46520446644907026,0.008354194960809793
alt_contrast,84,91,0.9,0.5055,11,0.5055,0.5209926422025692,0.46612764129665196,0.008412005436842932
alt_contrast,100,88,1.1,0.5055,14,0.5055,0.5248891194020922,0.47128360474458936,0.008794960189465852
alt_contrast,84,93,1.2,0.5055,8,0.5055,0.5193462237432204,0.46488516266945434,0.00889500399764279
alt_contrast,84,91,1.0,0.5055,11,0.5055,0.5209607469936197,0.4658399561046304,0.009079959387698976
alt_contrast,100,88,1.2,0.5055,14,0.5055,0.5252172485219991,0.4715169499009297,0.009427621110997243
alt_contrast,84,88,0.9,0.5055,14,0.5055,0.5216095482803229,0.46599910987562754,0.009466559499440221
alt_contrast,84,91,1.1,0.5055,11,0.5055,0.5209288517846703,0.46555227091260887,0.00974791333855505
alt_contrast,84,88,1.0,0.5055,14,0.5055,0.5216461981911237,0.46569714341460333,0.010254043913134803
alt_contrast,84,91,1.2,0.5055,11,0.5055000000000001,0.5208969565757209,0.4652645857205873,0.010415867289411126
alt_contrast,84,88,1.1,0.5055,14,0.5054999999999998,0.5216828481019247,0.465395176953579,0.011041528326829385
alt_contrast,84,88,1.2,0.5055,14,0.5055,0.5217194980127257,0.46509321049255486,0.01182916772976725
