player,feature_type,config,r2,mse
1,right_wrist_xyz,right_wrist_xyz_f100,-0.01704124931651485,1.702712332462501
1,right_wrist_xyz,right_wrist_xyz_f110,0.10813369909308279,1.4931466648795841
1,right_wrist_xyz,right_wrist_xyz_f120,-0.013524687755442244,1.6968249677740719
1,right_wrist_xyz,right_wrist_xyz_f130,0.09850356258481774,1.5092692677798498
1,right_wrist_xyz,right_wrist_xyz_f140,0.08553546241115206,1.530980229954834
1,right_wrist_xyz,right_wrist_xyz_f150,-0.052104381807575706,1.7614144039344475
1,right_wrist_xyz,right_wrist_xyz_f160,-0.045872848891955975,1.7509816825942834
1,right_wrist_xyz,right_wrist_xyz_f170,-0.032800411866615864,1.7290960415218641
1,left_wrist_xyz,left_wrist_xyz_f100,0.011637572990232603,1.6546987593109537
1,left_wrist_xyz,left_wrist_xyz_f110,0.10395957742519979,1.5001349049788717
1,left_wrist_xyz,left_wrist_xyz_f120,-0.06377497766206353,1.7809531075042158
1,left_wrist_xyz,left_wrist_xyz_f130,0.0911684299724358,1.5215496160624233
1,left_wrist_xyz,left_wrist_xyz_f140,0.027288378110515987,1.6284964603292922
1,left_wrist_xyz,left_wrist_xyz_f150,0.07304910678347709,1.5518846639972512
1,left_wrist_xyz,left_wrist_xyz_f160,0.04397554575858287,1.60055910167513
1,left_wrist_xyz,left_wrist_xyz_f170,-0.011571137016807898,1.693554367946386
1,right_elbow_xyz,right_elbow_xyz_f100,0.020158151952464176,1.640433757878158
1,right_elbow_xyz,right_elbow_xyz_f110,0.08208232846952501,1.5367614052532839
1,right_elbow_xyz,right_elbow_xyz_f120,-0.12202369959123938,1.8784720795671872
1,right_elbow_xyz,right_elbow_xyz_f130,-0.15971842558547023,1.941579917978171
1,right_elbow_xyz,right_elbow_xyz_f140,-0.0691402542215871,1.789935557892646
1,right_elbow_xyz,right_elbow_xyz_f150,0.05353394363486286,1.5845566023139066
1,right_elbow_xyz,right_elbow_xyz_f160,-0.04058036796245301,1.7421211053521672
1,right_elbow_xyz,right_elbow_xyz_f170,-0.032548436791058455,1.7286741893414208
1,arm_vector,arm_vector_f120,-0.03412238014346469,1.7313092572489819
1,arm_vector,arm_vector_f130,-0.08872331205014583,1.8227211642723498
1,arm_vector,arm_vector_f135,0.12302132588621051,1.4682220654508065
1,arm_vector,arm_vector_f140,0.03459686822866248,1.6162607164357075
1,arm_vector,arm_vector_f150,-0.08762398100089985,1.8208806838235303
1,arm_vector,arm_vector_f160,-0.14082547260417466,1.9099496728337337
1,arm_vector,arm_vector_f170,-0.04388124806475968,1.7476473799865093
1,full_arm_xyz,full_arm_xyz_f110,-0.13253124237321234,1.8960636204125227
1,full_arm_xyz,full_arm_xyz_f120,0.10086754814269516,1.5053115252931353
1,full_arm_xyz,full_arm_xyz_f130,-0.19189545994323964,1.9954501353954714
1,full_arm_xyz,full_arm_xyz_f140,0.05151247807590775,1.5879409039232997
1,full_arm_xyz,full_arm_xyz_f150,-0.11104078222679137,1.8600846750686677
1,full_arm_xyz,full_arm_xyz_f160,0.043596295095256754,1.6011940363761303
1,full_arm_xyz,full_arm_xyz_f170,0.10730056032429891,1.4945414909569081
1,both_wrists_xyz,both_wrists_xyz_f100,-0.10784250589170652,1.8547301778326593
1,both_wrists_xyz,both_wrists_xyz_f110,0.0951055412052334,1.5149581746092216
1,both_wrists_xyz,both_wrists_xyz_f120,0.11173802580915371,1.487112365332931
1,both_wrists_xyz,both_wrists_xyz_f130,-0.008340887315464007,1.688146341470461
1,both_wrists_xyz,both_wrists_xyz_f140,0.04980405434016533,1.5908011164917428
1,both_wrists_xyz,both_wrists_xyz_f150,0.04727037533849665,1.5950429567175368
1,both_wrists_xyz,both_wrists_xyz_f160,0.019351324555303084,1.6417845339260697
1,y_axis_key,y_axis_key_f100,-0.025740650224320927,1.7172767144093606
1,y_axis_key,y_axis_key_f110,0.08380648431862114,1.5338748542610638
1,y_axis_key,y_axis_key_f120,0.08155636982868375,1.5376419558354038
1,y_axis_key,y_axis_key_f130,0.0007620441543743084,1.6729063758489378
1,y_axis_key,y_axis_key_f140,-0.11442031876967151,1.8657426349138924
1,y_axis_key,y_axis_key_f150,0.052323715884003086,1.5865827440440106
1,y_axis_key,y_axis_key_f160,0.003882946819195987,1.6676814162326212
1,y_axis_key,y_axis_key_f170,0.005553540474023344,1.664884538111385
1,y_axis_key,y_axis_key_f180,0.1173748714518098,1.4776752588258075
1,temporal_change,temporal_change_prep80_rel150,-0.16319600173203508,1.9474020139804842
1,temporal_change,temporal_change_prep80_rel160,-0.0985239294079705,1.839129183172398
1,temporal_change,temporal_change_prep80_rel170,0.062201526782758476,1.5700454890935882
1,temporal_change,temporal_change_prep100_rel150,-0.3788146936245653,2.3083869848866017
1,temporal_change,temporal_change_prep100_rel160,-0.40057752918984635,2.3448219363020533
1,temporal_change,temporal_change_prep100_rel170,-0.473090604536643,2.4662220346173855
1,temporal_change,temporal_change_prep120_rel150,0.09422943035992926,1.5164249437711468
1,temporal_change,temporal_change_prep120_rel160,-0.15620075964726365,1.935690704361228
1,temporal_change,temporal_change_prep120_rel170,-0.1992441292456819,2.007753146563274
2,right_wrist_xyz,right_wrist_xyz_f100,0.08905722198176436,3.8412828125907583
2,right_wrist_xyz,right_wrist_xyz_f110,0.146154015730517,3.600515842618982
2,right_wrist_xyz,right_wrist_xyz_f120,0.03849112896949736,4.054510985287242
2,right_wrist_xyz,right_wrist_xyz_f130,0.02323109059660844,4.1188598385146395
2,right_wrist_xyz,right_wrist_xyz_f140,-0.012711735550676284,4.270424309573807
2,right_wrist_xyz,right_wrist_xyz_f150,-0.08675432680626782,4.582648677616486
2,right_wrist_xyz,right_wrist_xyz_f160,-0.08165449434149274,4.561143595994729
2,right_wrist_xyz,right_wrist_xyz_f170,-0.05752238908322349,4.459382823093179
2,left_wrist_xyz,left_wrist_xyz_f100,0.010459560140306579,4.172715098818696
2,left_wrist_xyz,left_wrist_xyz_f110,0.09934615944627856,3.7978962030297914
2,left_wrist_xyz,left_wrist_xyz_f120,0.021729222605487597,4.12519294728973
2,left_wrist_xyz,left_wrist_xyz_f130,-0.02310188303689653,4.314237703699319
2,left_wrist_xyz,left_wrist_xyz_f140,-0.055027581271405834,4.44886266463811
2,left_wrist_xyz,left_wrist_xyz_f150,-0.1123229274929598,4.6904668948852555
2,left_wrist_xyz,left_wrist_xyz_f160,-0.10201861971849069,4.647015471475518
2,left_wrist_xyz,left_wrist_xyz_f170,-0.14282902890566906,4.819105669859379
2,right_elbow_xyz,right_elbow_xyz_f100,0.0042612779467103845,4.198852146537154
2,right_elbow_xyz,right_elbow_xyz_f110,0.02247361353149324,4.1220539838565555
2,right_elbow_xyz,right_elbow_xyz_f120,0.06066790693503288,3.9609954779543015
2,right_elbow_xyz,right_elbow_xyz_f130,0.041541506497719816,4.041648088677462
2,right_elbow_xyz,right_elbow_xyz_f140,-0.012923036465010584,4.271315327747619
2,right_elbow_xyz,right_elbow_xyz_f150,-0.09550291771204211,4.619539921162923
2,right_elbow_xyz,right_elbow_xyz_f160,-0.07889270035806839,4.549497604592806
2,right_elbow_xyz,right_elbow_xyz_f170,-0.04796398962704207,4.41907676168855
2,arm_vector,arm_vector_f120,0.04198654728803708,4.039771431240793
2,arm_vector,arm_vector_f130,0.008860068256220321,4.179459870094654
2,arm_vector,arm_vector_f135,-0.014608485665033921,4.278422565655174
2,arm_vector,arm_vector_f140,-0.06936283527577136,4.509311867540721
2,arm_vector,arm_vector_f150,-0.028412826019565074,4.336633000627141
2,arm_vector,arm_vector_f160,-0.12140324815062509,4.728756983480046
2,arm_vector,arm_vector_f170,-0.02591252833404356,4.3260896923562875
2,full_arm_xyz,full_arm_xyz_f110,0.12145318616573597,3.7046748242296004
2,full_arm_xyz,full_arm_xyz_f120,0.12476037891042435,3.6907289837721637
2,full_arm_xyz,full_arm_xyz_f130,0.02212772197107027,4.123512546719267
2,full_arm_xyz,full_arm_xyz_f140,-0.015765988141301923,4.283303546628855
2,full_arm_xyz,full_arm_xyz_f150,-0.09339777635180613,4.610662916459357
2,full_arm_xyz,full_arm_xyz_f160,-0.016181986494638645,4.285057737301748
2,full_arm_xyz,full_arm_xyz_f170,-0.038886496786388,4.380798597492465
2,both_wrists_xyz,both_wrists_xyz_f100,0.0792856318892059,3.8824878607891593
2,both_wrists_xyz,both_wrists_xyz_f110,0.09953980455633304,3.7970796362256585
2,both_wrists_xyz,both_wrists_xyz_f120,0.06328010980322452,3.9499802855374804
2,both_wrists_xyz,both_wrists_xyz_f130,0.014809577104685667,4.1543718550903685
2,both_wrists_xyz,both_wrists_xyz_f140,-0.011558445411283813,4.265561091271538
2,both_wrists_xyz,both_wrists_xyz_f150,-0.09889626053178668,4.633849041082695
2,both_wrists_xyz,both_wrists_xyz_f160,-0.10225439328411445,4.648009686443953
2,y_axis_key,y_axis_key_f100,-0.01084733822909012,4.262562479434674
2,y_axis_key,y_axis_key_f110,0.05430193556218499,3.987839640957783
2,y_axis_key,y_axis_key_f120,-0.04847127722201017,4.42121590277031
2,y_axis_key,y_axis_key_f130,-0.025397300531129874,4.32391706883738
2,y_axis_key,y_axis_key_f140,0.005858402086549419,4.192117359615319
2,y_axis_key,y_axis_key_f150,-0.048662470380700595,4.422022130133965
2,y_axis_key,y_axis_key_f160,0.011645931868475956,4.16771238137175
2,y_axis_key,y_axis_key_f170,0.07309395461760959,3.9085970567325465
2,y_axis_key,y_axis_key_f180,-0.06781381005562714,4.502779905162849
2,temporal_change,temporal_change_prep80_rel150,-0.08995973244089162,4.596165300030958
2,temporal_change,temporal_change_prep80_rel160,-0.0751396892337064,4.533671827743422
2,temporal_change,temporal_change_prep80_rel170,-0.00704280459648432,4.246519441380577
2,temporal_change,temporal_change_prep100_rel150,-0.026338389647907468,4.327885473370164
2,temporal_change,temporal_change_prep100_rel160,-0.029522823719521085,4.341313662453269
2,temporal_change,temporal_change_prep100_rel170,0.011524491976273143,4.168224471682951
2,temporal_change,temporal_change_prep120_rel150,-0.09286867306899627,4.60843178252275
2,temporal_change,temporal_change_prep120_rel160,-0.08821364015265143,4.588802341063759
2,temporal_change,temporal_change_prep120_rel170,-0.029376022512936473,4.340694628014083
3,right_wrist_xyz,right_wrist_xyz_f100,-0.06746990587340518,2.8304888263619965
3,right_wrist_xyz,right_wrist_xyz_f110,-0.06310976294607706,2.818927530095714
3,right_wrist_xyz,right_wrist_xyz_f120,-0.06117357402684198,2.813793557632915
3,right_wrist_xyz,right_wrist_xyz_f130,-0.04751925168863402,2.777587940409242
3,right_wrist_xyz,right_wrist_xyz_f140,-0.15980035623756228,3.0753110050958212
3,right_wrist_xyz,right_wrist_xyz_f150,-0.06455699046391983,2.8227649790916236
3,right_wrist_xyz,right_wrist_xyz_f160,-0.06452152571341596,2.8226709412368054
3,right_wrist_xyz,right_wrist_xyz_f170,-0.06264673669716281,2.8176997759298557
3,left_wrist_xyz,left_wrist_xyz_f100,-0.046411067277349005,2.774649493548649
3,left_wrist_xyz,left_wrist_xyz_f110,-0.03232932989374393,2.7373105483467737
3,left_wrist_xyz,left_wrist_xyz_f120,0.01058500682697816,2.6235194710429557
3,left_wrist_xyz,left_wrist_xyz_f130,0.03023426561862541,2.5714177610555935
3,left_wrist_xyz,left_wrist_xyz_f140,-0.07699432276942253,2.8557436419342754
3,left_wrist_xyz,left_wrist_xyz_f150,-0.058919114946173634,2.807815664296333
3,left_wrist_xyz,left_wrist_xyz_f160,-0.22585830007479935,3.250469359345409
3,left_wrist_xyz,left_wrist_xyz_f170,-0.11764110161806829,2.963522093322621
3,right_elbow_xyz,right_elbow_xyz_f100,-0.06355808499253568,2.820116294796368
3,right_elbow_xyz,right_elbow_xyz_f110,-0.0666104093734059,2.828209797017788
3,right_elbow_xyz,right_elbow_xyz_f120,-0.04041766769302635,2.758757475926412
3,right_elbow_xyz,right_elbow_xyz_f130,-0.021908705154653596,2.7096793601273985
3,right_elbow_xyz,right_elbow_xyz_f140,-0.19652276792429646,3.172683657368693
3,right_elbow_xyz,right_elbow_xyz_f150,-0.09474278867874619,2.90280523511362
3,right_elbow_xyz,right_elbow_xyz_f160,-0.05699786052053346,2.802721291935621
3,right_elbow_xyz,right_elbow_xyz_f170,-0.06069362527940547,2.8125209319978772
3,arm_vector,arm_vector_f120,0.015110226715316033,2.611520458930018
3,arm_vector,arm_vector_f130,-0.041423681023672776,2.761425007325563
3,arm_vector,arm_vector_f135,-0.042063795285914196,2.7631223256826427
3,arm_vector,arm_vector_f140,-0.11183663451613879,2.9481310465262673
3,arm_vector,arm_vector_f150,-0.12338113528873551,2.9787422893003916
3,arm_vector,arm_vector_f160,-0.1338536945947968,3.0065111865181224
3,arm_vector,arm_vector_f170,-0.16741974009178495,3.0955144607103326
3,full_arm_xyz,full_arm_xyz_f110,-0.0006193251208899131,2.6532287267426216
3,full_arm_xyz,full_arm_xyz_f120,-0.05744342475655473,2.8039027440632602
3,full_arm_xyz,full_arm_xyz_f130,-0.10499566635194335,2.929991627472191
3,full_arm_xyz,full_arm_xyz_f140,-0.2757183376192507,3.382677563412846
3,full_arm_xyz,full_arm_xyz_f150,-0.2549942297684977,3.3277257981357895
3,full_arm_xyz,full_arm_xyz_f160,-0.2603508761360267,3.3419294095037912
3,full_arm_xyz,full_arm_xyz_f170,-0.14724585226193043,3.042021651430653
3,both_wrists_xyz,both_wrists_xyz_f100,-0.07162592918452027,2.8415088818028913
3,both_wrists_xyz,both_wrists_xyz_f110,-0.06211427147121973,2.8162878983076713
3,both_wrists_xyz,both_wrists_xyz_f120,0.06562425049687348,2.477578153763769
3,both_wrists_xyz,both_wrists_xyz_f130,-0.03360310296874336,2.7406880678780214
3,both_wrists_xyz,both_wrists_xyz_f140,-0.21277313676215703,3.2157729165288296
3,both_wrists_xyz,both_wrists_xyz_f150,-0.09487413140264045,2.903153501711452
3,both_wrists_xyz,both_wrists_xyz_f160,-0.2567148679202731,3.3322882190865024
3,y_axis_key,y_axis_key_f100,-0.040369719092116396,2.758630336061983
3,y_axis_key,y_axis_key_f110,-0.057456146294555976,2.803936476322098
3,y_axis_key,y_axis_key_f120,-0.005244456496576566,2.6654926628098643
3,y_axis_key,y_axis_key_f130,-0.05512557314207478,2.797756759937757
3,y_axis_key,y_axis_key_f140,-0.05005313581660964,2.7843067534381323
3,y_axis_key,y_axis_key_f150,-0.03045333662421923,2.7323361898580676
3,y_axis_key,y_axis_key_f160,-0.07532641756720926,2.8513210469624455
3,y_axis_key,y_axis_key_f170,-0.0876054518378111,2.8838799688676184
3,y_axis_key,y_axis_key_f180,-0.08737068612880527,2.8832574672753037
3,temporal_change,temporal_change_prep80_rel150,-0.056567663820213054,2.8015805881586857
3,temporal_change,temporal_change_prep80_rel160,-0.08768599150428247,2.884093526762573
3,temporal_change,temporal_change_prep80_rel170,-0.06130836325254441,2.814150962928526
3,temporal_change,temporal_change_prep100_rel150,-0.03541759423671764,2.7454993484876895
3,temporal_change,temporal_change_prep100_rel160,-0.06818809710840412,2.832393172568546
3,temporal_change,temporal_change_prep100_rel170,-0.0427244676069658,2.7648741555116003
3,temporal_change,temporal_change_prep120_rel150,-0.13058737151299415,2.997850248223318
3,temporal_change,temporal_change_prep120_rel160,-0.11777579204736588,2.963879236651016
3,temporal_change,temporal_change_prep120_rel170,-0.10774236409273596,2.9372747342107792
4,right_wrist_xyz,right_wrist_xyz_f100,-0.09241258287331511,7.871379524314952
4,right_wrist_xyz,right_wrist_xyz_f110,-0.11556399196178124,8.038197016455763
4,right_wrist_xyz,right_wrist_xyz_f120,-0.0879307969361085,7.839086013043138
4,right_wrist_xyz,right_wrist_xyz_f130,-0.053980969932222456,7.594460514104324
4,right_wrist_xyz,right_wrist_xyz_f140,-0.17205814586415924,8.445265676449626
4,right_wrist_xyz,right_wrist_xyz_f150,-0.0029358145830349347,7.226654616469706
4,right_wrist_xyz,right_wrist_xyz_f160,0.11815126362244965,6.354161601478221
4,right_wrist_xyz,right_wrist_xyz_f170,0.0819539316475183,6.614981498840524
4,left_wrist_xyz,left_wrist_xyz_f100,-0.10283155851120096,7.946453459553487
4,left_wrist_xyz,left_wrist_xyz_f110,-0.12101646418839018,8.077484808370919
4,left_wrist_xyz,left_wrist_xyz_f120,-0.1820047363805699,8.516935840410653
4,left_wrist_xyz,left_wrist_xyz_f130,0.08046295318479779,6.625724745052302
4,left_wrist_xyz,left_wrist_xyz_f140,-0.12531234599840935,8.108438787342235
4,left_wrist_xyz,left_wrist_xyz_f150,-0.05078070704595561,7.5714010179484585
4,left_wrist_xyz,left_wrist_xyz_f160,-0.10410901038422748,7.955658139794528
4,left_wrist_xyz,left_wrist_xyz_f170,-0.0761137994683121,7.753938630666565
4,right_elbow_xyz,right_elbow_xyz_f100,-0.06259106386161073,7.6565005511020265
4,right_elbow_xyz,right_elbow_xyz_f110,-0.13464170959570754,8.175661522365582
4,right_elbow_xyz,right_elbow_xyz_f120,-0.07951202830627446,7.778424570606691
4,right_elbow_xyz,right_elbow_xyz_f130,-0.051635301975496484,7.577558802228348
4,right_elbow_xyz,right_elbow_xyz_f140,-0.21603384342932874,8.762132591760583
4,right_elbow_xyz,right_elbow_xyz_f150,-0.08965167204660096,7.851485779689001
4,right_elbow_xyz,right_elbow_xyz_f160,-0.02299226309332192,7.371171368299045
4,right_elbow_xyz,right_elbow_xyz_f170,0.1692198198839755,5.986187088555646
4,arm_vector,arm_vector_f120,-0.023626309116598465,7.375739987301918
4,arm_vector,arm_vector_f130,0.00018005590712977249,7.20420320977482
4,arm_vector,arm_vector_f135,-0.17235152037819668,8.447379586687346
4,arm_vector,arm_vector_f140,-0.1778433180209189,8.486950737912009
4,arm_vector,arm_vector_f150,0.052935979446782966,6.824070370912685
4,arm_vector,arm_vector_f160,0.06188119392347491,6.759615622609402
4,arm_vector,arm_vector_f170,-0.039028727703341426,7.486722123712074
4,full_arm_xyz,full_arm_xyz_f110,-0.19214452157521178,8.58999806874212
4,full_arm_xyz,full_arm_xyz_f120,-0.06422407075669856,7.6682671832688305
4,full_arm_xyz,full_arm_xyz_f130,-0.0557827149217327,7.607442988712191
4,full_arm_xyz,full_arm_xyz_f140,-0.24526305922705705,8.972743723808211
4,full_arm_xyz,full_arm_xyz_f150,0.09574723423355513,6.515593848743306
4,full_arm_xyz,full_arm_xyz_f160,-0.0023709791689889848,7.222584694553359
4,full_arm_xyz,full_arm_xyz_f170,0.15198455620825213,6.110375791359146
4,both_wrists_xyz,both_wrists_xyz_f100,-0.04973691364958843,7.563879964001817
4,both_wrists_xyz,both_wrists_xyz_f110,-0.10862555564297072,7.988202109378624
4,both_wrists_xyz,both_wrists_xyz_f120,-0.24282017852701498,8.95514154545168
4,both_wrists_xyz,both_wrists_xyz_f130,0.011664705939695597,7.121450557043114
4,both_wrists_xyz,both_wrists_xyz_f140,-0.11244697738209597,8.015737366023146
4,both_wrists_xyz,both_wrists_xyz_f150,0.07516374342681698,6.663908204157384
4,both_wrists_xyz,both_wrists_xyz_f160,0.21650195456393817,5.645495638621184
4,y_axis_key,y_axis_key_f100,-0.07644581418179808,7.7563309628847
4,y_axis_key,y_axis_key_f110,-0.1176403964906696,8.053158550540163
4,y_axis_key,y_axis_key_f120,-0.0689857050903444,7.702577142329859
4,y_axis_key,y_axis_key_f130,-0.013840429979460556,7.3052278292811055
4,y_axis_key,y_axis_key_f140,-0.10585403613833355,7.968231923917505
4,y_axis_key,y_axis_key_f150,0.06782518821909556,6.7167861681297305
4,y_axis_key,y_axis_key_f160,-0.04876488551006086,7.556876014656589
4,y_axis_key,y_axis_key_f170,0.05286026796849852,6.824615910015097
4,y_axis_key,y_axis_key_f180,0.10261338084646643,6.4661198251855945
4,temporal_change,temporal_change_prep80_rel150,-0.047732447811501544,7.549436784197347
4,temporal_change,temporal_change_prep80_rel160,0.06756835695018182,6.718636765992686
4,temporal_change,temporal_change_prep80_rel170,0.07215756971460607,6.685569190652607
4,temporal_change,temporal_change_prep100_rel150,0.04996806986466695,6.845455645195447
4,temporal_change,temporal_change_prep100_rel160,0.17289367196902816,5.959715145142487
4,temporal_change,temporal_change_prep100_rel170,0.22548907456131395,5.580738940063356
4,temporal_change,temporal_change_prep120_rel150,-0.02496978701674446,7.385420418121164
4,temporal_change,temporal_change_prep120_rel160,-0.07298468261511548,7.731391777294869
4,temporal_change,temporal_change_prep120_rel170,0.09492370485454038,6.521527790180156
5,right_wrist_xyz,right_wrist_xyz_f100,-0.12389730051740466,18.632821631581315
5,right_wrist_xyz,right_wrist_xyz_f110,-0.13717594051768955,18.85296499389866
5,right_wrist_xyz,right_wrist_xyz_f120,-0.0998173367344044,18.233605733601113
5,right_wrist_xyz,right_wrist_xyz_f130,-0.05771506872990284,17.53560241100948
5,right_wrist_xyz,right_wrist_xyz_f140,-0.03217506853391505,17.112180922317133
5,right_wrist_xyz,right_wrist_xyz_f150,-0.02215593615359812,16.946076148811848
5,right_wrist_xyz,right_wrist_xyz_f160,-0.1042873006482068,18.307712184668432
5,right_wrist_xyz,right_wrist_xyz_f170,-0.03030295209961742,17.081143556556256
5,left_wrist_xyz,left_wrist_xyz_f100,-0.09351064424285727,18.12904860349133
5,left_wrist_xyz,left_wrist_xyz_f110,-0.18193890923691813,19.59507943038807
5,left_wrist_xyz,left_wrist_xyz_f120,-0.10988482932234733,18.400512259297052
5,left_wrist_xyz,left_wrist_xyz_f130,-0.051062262121599256,17.425307138634633
5,left_wrist_xyz,left_wrist_xyz_f140,-0.00946372824701558,16.73565510240002
5,left_wrist_xyz,left_wrist_xyz_f150,0.10345830740163653,14.863547973441028
5,left_wrist_xyz,left_wrist_xyz_f160,0.004278826247183454,16.50782061384416
5,left_wrist_xyz,left_wrist_xyz_f170,-0.10570088678330425,18.331147687453267
5,right_elbow_xyz,right_elbow_xyz_f100,-0.16126909437348336,19.25239956690687
5,right_elbow_xyz,right_elbow_xyz_f110,-0.14762931563251835,19.026268972716785
5,right_elbow_xyz,right_elbow_xyz_f120,-0.08776686909516762,18.03382394393432
5,right_elbow_xyz,right_elbow_xyz_f130,-0.04258581418949858,17.284778157636538
5,right_elbow_xyz,right_elbow_xyz_f140,-0.005208607258133879,16.665110480244483
5,right_elbow_xyz,right_elbow_xyz_f150,-0.05595896716669069,17.506488427748547
5,right_elbow_xyz,right_elbow_xyz_f160,-0.08674774178605671,18.01692807866105
5,right_elbow_xyz,right_elbow_xyz_f170,-0.07847526479181766,17.8797806825297
5,arm_vector,arm_vector_f120,-0.13831022531804527,18.871770027378776
5,arm_vector,arm_vector_f130,-0.10264938888958564,18.28055764160421
5,arm_vector,arm_vector_f135,-0.12735368583648654,18.69012420816978
5,arm_vector,arm_vector_f140,-0.1682599702844625,19.36829960851906
5,arm_vector,arm_vector_f150,-0.04717998450165917,17.360943796554068
5,arm_vector,arm_vector_f160,-0.09766260978352803,18.197883036409866
5,arm_vector,arm_vector_f170,-0.1262066272550204,18.671107401260826
5,full_arm_xyz,full_arm_xyz_f110,-0.18684129238491853,19.67635485539737
5,full_arm_xyz,full_arm_xyz_f120,-0.2434698811851892,20.615186538575053
5,full_arm_xyz,full_arm_xyz_f130,-0.2385426613358712,20.53349935189913
5,full_arm_xyz,full_arm_xyz_f140,-0.14397506607154376,18.965686052697688
5,full_arm_xyz,full_arm_xyz_f150,-0.09113363440392508,18.089640732038173
5,full_arm_xyz,full_arm_xyz_f160,-0.24538741675344267,20.64697689717724
5,full_arm_xyz,full_arm_xyz_f170,-0.1135019478344026,18.46047959263293
5,both_wrists_xyz,both_wrists_xyz_f100,-0.14931475912077685,19.054211532835374
5,both_wrists_xyz,both_wrists_xyz_f110,-0.2078920595038236,20.025350434222894
5,both_wrists_xyz,both_wrists_xyz_f120,-0.133303732001246,18.788768585050658
5,both_wrists_xyz,both_wrists_xyz_f130,-0.10471737405828074,18.31484226775939
5,both_wrists_xyz,both_wrists_xyz_f140,-0.01874415207465918,16.889513005400904
5,both_wrists_xyz,both_wrists_xyz_f150,0.23593491967119185,12.667250246203489
5,both_wrists_xyz,both_wrists_xyz_f160,0.13167116070034035,14.395813899348394
5,y_axis_key,y_axis_key_f100,-0.07026241613321993,17.743621850159183
5,y_axis_key,y_axis_key_f110,-0.050413401084940634,17.41454982837668
5,y_axis_key,y_axis_key_f120,-0.08991863301985137,18.06949751783066
5,y_axis_key,y_axis_key_f130,-0.09215940266224121,18.1066466960028
5,y_axis_key,y_axis_key_f140,-0.1447886123850759,18.979173640346573
5,y_axis_key,y_axis_key_f150,-0.03884635473741693,17.222782563433146
5,y_axis_key,y_axis_key_f160,-0.08685577767474806,18.018719179540877
5,y_axis_key,y_axis_key_f170,-0.0155057125062803,16.835823698722724
5,y_axis_key,y_axis_key_f180,-0.03892872357926924,17.224148136548703
5,temporal_change,temporal_change_prep80_rel150,-0.12038830348939134,18.574646818189894
5,temporal_change,temporal_change_prep80_rel160,-0.20694777276029752,20.00969533259298
5,temporal_change,temporal_change_prep80_rel170,-0.0842841651498134,17.976085037203685
5,temporal_change,temporal_change_prep100_rel150,-0.20842576203777874,20.034198559505278
5,temporal_change,temporal_change_prep100_rel160,-0.27115241452169614,21.07412856622471
5,temporal_change,temporal_change_prep100_rel170,-0.11301748725802963,18.45244783786055
5,temporal_change,temporal_change_prep120_rel150,-0.14555134194970987,18.99181874940095
5,temporal_change,temporal_change_prep120_rel160,-0.20595883934312176,19.993300044554417
5,temporal_change,temporal_change_prep120_rel170,-0.15329686000222376,19.120229820635164
