target,participant_id,feature,delta_mse_mean,delta_mse_std,baseline_mse_mean
angle,1,acceleration_at_release,0.0,0.0,0.0019217965009923291
angle,1,arm_extension_angle,0.0,0.0,0.0019217965009923291
angle,1,arm_plane_angle,0.0,0.0,0.0019217965009923291
angle,1,azimuth_angle,0.0,0.0,0.0019217965009923291
angle,1,elbow_alignment,0.0,0.0,0.0019217965009923291
angle,1,elbow_height_relative,0.0,0.0,0.0019217965009923291
angle,1,elevation_angle,0.0,0.0,0.0019217965009923291
angle,1,forward_position,0.0,0.0,0.0019217965009923291
angle,1,guide_hand_vx,0.0,0.0,0.0019217965009923291
angle,1,hip_lateral_range,0.0,0.0,0.0019217965009923291
angle,1,hip_vertical_velocity_max,0.0,0.0,0.0019217965009923291
angle,1,jerk_at_release,0.0,0.0,0.0019217965009923291
angle,1,knee_bend_depth,0.0,0.0,0.0019217965009923291
angle,1,knee_extension_rate_max,0.0,0.0,0.0019217965009923291
angle,1,lateral_offset,0.0,0.0,0.0019217965009923291
angle,1,left_wrist_z_energy,0.0,0.0,0.0019217965009923291
angle,1,left_wrist_z_max,0.0,0.0,0.0019217965009923291
angle,1,left_wrist_z_mean,0.0,0.0,0.0019217965009923291
angle,1,left_wrist_z_min,0.0,0.0,0.0019217965009923291
angle,1,left_wrist_z_q25,0.0,0.0,0.0019217965009923291
angle,1,left_wrist_z_q75,0.0,0.0,0.0019217965009923291
angle,1,left_wrist_z_range,0.0,0.0,0.0019217965009923291
angle,1,left_wrist_z_std,0.0,0.0,0.0019217965009923291
angle,1,mid_hip_z_energy,0.0,0.0,0.0019217965009923291
angle,1,mid_hip_z_max,0.0,0.0,0.0019217965009923291
angle,1,mid_hip_z_mean,0.0,0.0,0.0019217965009923291
angle,1,mid_hip_z_min,0.0,0.0,0.0019217965009923291
angle,1,mid_hip_z_q25,0.0,0.0,0.0019217965009923291
angle,1,mid_hip_z_q75,0.0,0.0,0.0019217965009923291
angle,1,mid_hip_z_range,0.0,0.0,0.0019217965009923291
depth,1,acceleration_at_release,0.00032694170401135396,0.000269430168035297,0.006976055359739115
depth,1,arm_extension_angle,-0.00025889848714318704,0.0005991581333574134,0.006976055359739115
depth,1,arm_plane_angle,2.846088301544994e-05,4.970438898006146e-05,0.006976055359739115
depth,1,azimuth_angle,7.159830187461122e-06,1.4319660374922244e-05,0.006976055359739115
depth,1,elbow_alignment,1.117152219163994e-05,1.5740186643886912e-05,0.006976055359739115
depth,1,elbow_height_relative,0.0,0.0,0.006976055359739115
depth,1,elevation_angle,0.0,0.0,0.006976055359739115
depth,1,forward_position,0.0,0.0,0.006976055359739115
depth,1,guide_hand_vx,8.733534267605352e-05,0.0001795084948164752,0.006976055359739115
depth,1,hip_lateral_range,0.00012023963726499262,0.00017502073766239453,0.006976055359739115
depth,1,hip_vertical_velocity_max,0.0,0.0,0.006976055359739115
depth,1,jerk_at_release,0.0,0.0,0.006976055359739115
depth,1,knee_bend_depth,-2.4774393230170624e-05,4.954878646034125e-05,0.006976055359739115
depth,1,knee_extension_rate_max,-2.0329411300473895e-05,7.195516096748845e-05,0.006976055359739115
depth,1,lateral_offset,0.0,0.0,0.006976055359739115
depth,1,left_wrist_z_energy,-1.0427008446793097e-05,2.0854016893586194e-05,0.006976055359739115
depth,1,left_wrist_z_max,-6.729526859355298e-05,0.00012188341820296484,0.006976055359739115
depth,1,left_wrist_z_mean,-2.4458188770271754e-07,4.891637754054351e-07,0.006976055359739115
depth,1,left_wrist_z_min,0.00019532322976120107,0.00024305231252971096,0.006976055359739115
depth,1,left_wrist_z_q25,0.0,0.0,0.006976055359739115
depth,1,left_wrist_z_q75,0.00014153682565721525,0.00020322869223171253,0.006976055359739115
depth,1,left_wrist_z_range,4.8149436535536996e-05,9.631084174223504e-05,0.006976055359739115
depth,1,left_wrist_z_std,-5.7695848363840086e-06,6.45134356569578e-05,0.006976055359739115
depth,1,mid_hip_z_energy,0.0,0.0,0.006976055359739115
depth,1,mid_hip_z_max,0.0,0.0,0.006976055359739115
depth,1,mid_hip_z_mean,0.0,0.0,0.006976055359739115
depth,1,mid_hip_z_min,0.0,0.0,0.006976055359739115
depth,1,mid_hip_z_q25,1.6835803891503133e-05,2.263985368822264e-05,0.006976055359739115
depth,1,mid_hip_z_q75,0.0,0.0,0.006976055359739115
depth,1,mid_hip_z_range,0.0,0.0,0.006976055359739115
left_right,1,acceleration_at_release,2.6403157284554667e-07,5.280631456910933e-07,0.0157593525632394
left_right,1,arm_extension_angle,-0.00020677261954565664,0.00024978313520627896,0.0157593525632394
left_right,1,arm_plane_angle,-2.0499072838501413e-05,5.8253187797303695e-05,0.0157593525632394
left_right,1,azimuth_angle,-1.420743581758456e-05,3.154745710078983e-05,0.0157593525632394
left_right,1,elbow_alignment,-3.521872910220644e-05,7.043745820441288e-05,0.0157593525632394
left_right,1,elbow_height_relative,-7.621716793466612e-06,2.0038722004460698e-05,0.0157593525632394
left_right,1,elevation_angle,0.0,0.0,0.0157593525632394
left_right,1,forward_position,-7.468940234350157e-06,1.4937880468700315e-05,0.0157593525632394
left_right,1,guide_hand_vx,-0.0002311517775413885,0.0012046921150778516,0.0157593525632394
left_right,1,hip_lateral_range,0.0,0.0,0.0157593525632394
left_right,1,hip_vertical_velocity_max,0.0,0.0,0.0157593525632394
left_right,1,jerk_at_release,0.0,0.0,0.0157593525632394
left_right,1,knee_bend_depth,0.0,0.0,0.0157593525632394
left_right,1,knee_extension_rate_max,-3.340178334337134e-05,0.0003929816231892945,0.0157593525632394
left_right,1,lateral_offset,0.0,0.0,0.0157593525632394
left_right,1,left_wrist_z_energy,-8.231370657694678e-06,4.359908069520909e-05,0.0157593525632394
left_right,1,left_wrist_z_max,-2.2888818689777853e-06,0.0006913172900470181,0.0157593525632394
left_right,1,left_wrist_z_mean,2.5223247964722972e-06,1.996225867365708e-05,0.0157593525632394
left_right,1,left_wrist_z_min,-4.671180347700504e-06,5.104892742804318e-05,0.0157593525632394
left_right,1,left_wrist_z_q25,5.078611981969225e-05,0.00010157223963938452,0.0157593525632394
left_right,1,left_wrist_z_q75,0.0001599534531319915,0.000264073601467272,0.0157593525632394
left_right,1,left_wrist_z_range,0.0005678210726885586,0.0007581592264693018,0.0157593525632394
left_right,1,left_wrist_z_std,1.9308512292988413e-06,5.305096568615518e-06,0.0157593525632394
left_right,1,mid_hip_z_energy,0.0013551372161849907,0.0019286996065245759,0.0157593525632394
left_right,1,mid_hip_z_max,7.233858946241456e-06,1.4467717892482911e-05,0.0157593525632394
left_right,1,mid_hip_z_mean,6.981594450753553e-06,2.4331441613068994e-05,0.0157593525632394
left_right,1,mid_hip_z_min,3.691039730405708e-05,7.382079460811417e-05,0.0157593525632394
left_right,1,mid_hip_z_q25,0.0,0.0,0.0157593525632394
left_right,1,mid_hip_z_q75,-6.849382234875092e-06,1.3698764469750185e-05,0.0157593525632394
left_right,1,mid_hip_z_range,0.0,0.0,0.0157593525632394
angle,2,acceleration_at_release,0.0,0.0,0.004862185364983966
angle,2,arm_extension_angle,0.0,0.0,0.004862185364983966
angle,2,arm_plane_angle,0.0,0.0,0.004862185364983966
angle,2,azimuth_angle,0.0,0.0,0.004862185364983966
angle,2,elbow_alignment,0.0,0.0,0.004862185364983966
angle,2,elbow_height_relative,0.0,0.0,0.004862185364983966
angle,2,elevation_angle,4.878453981738288e-05,0.0001766163461174994,0.004862185364983966
angle,2,forward_position,0.0,0.0,0.004862185364983966
angle,2,guide_hand_vx,5.8938853079166034e-05,7.346271966512026e-05,0.004862185364983966
angle,2,hip_lateral_range,-2.7122947728570185e-05,3.501110858304318e-05,0.004862185364983966
angle,2,hip_vertical_velocity_max,-4.458178493037951e-06,9.83975090756628e-06,0.004862185364983966
angle,2,jerk_at_release,0.0,0.0,0.004862185364983966
angle,2,knee_bend_depth,0.0,0.0,0.004862185364983966
angle,2,knee_extension_rate_max,0.0,0.0,0.004862185364983966
angle,2,lateral_offset,-2.7919270970410208e-05,5.583854194082041e-05,0.004862185364983966
angle,2,left_wrist_z_energy,0.0,0.0,0.004862185364983966
angle,2,left_wrist_z_max,-4.630757474348409e-05,9.261514948696818e-05,0.004862185364983966
angle,2,left_wrist_z_mean,-1.3437417394235491e-05,2.6874834788470982e-05,0.004862185364983966
angle,2,left_wrist_z_min,0.0,0.0,0.004862185364983966
angle,2,left_wrist_z_q25,1.7682227272908766e-05,0.00013116899931540105,0.004862185364983966
angle,2,left_wrist_z_q75,-2.200388303858847e-05,4.2340342677704536e-05,0.004862185364983966
angle,2,left_wrist_z_range,0.0,0.0,0.004862185364983966
angle,2,left_wrist_z_std,0.00011800054661914514,0.00018169079048693644,0.004862185364983966
angle,2,mid_hip_z_energy,0.0,0.0,0.004862185364983966
angle,2,mid_hip_z_max,0.0,0.0,0.004862185364983966
angle,2,mid_hip_z_mean,0.0,0.0,0.004862185364983966
angle,2,mid_hip_z_min,0.0,0.0,0.004862185364983966
angle,2,mid_hip_z_q25,-6.429920506517521e-06,1.2859841013035041e-05,0.004862185364983966
angle,2,mid_hip_z_q75,0.0,0.0,0.004862185364983966
angle,2,mid_hip_z_range,0.0,0.0,0.004862185364983966
depth,2,acceleration_at_release,0.0,0.0,0.007815412792040472
depth,2,arm_extension_angle,-6.95680320611656e-05,0.0001391360641223312,0.007815412792040472
depth,2,arm_plane_angle,0.0,0.0,0.007815412792040472
depth,2,azimuth_angle,0.0,0.0,0.007815412792040472
depth,2,elbow_alignment,0.0,0.0,0.007815412792040472
depth,2,elbow_height_relative,0.0,0.0,0.007815412792040472
depth,2,elevation_angle,-1.2249858426753926e-05,2.4499716853507852e-05,0.007815412792040472
depth,2,forward_position,-5.61229417428144e-06,1.122458834856288e-05,0.007815412792040472
depth,2,guide_hand_vx,0.0,0.0,0.007815412792040472
depth,2,hip_lateral_range,9.635747735766558e-07,1.9271495471533117e-06,0.007815412792040472
depth,2,hip_vertical_velocity_max,0.0,0.0,0.007815412792040472
depth,2,jerk_at_release,0.00026730457664512054,0.0002834751780257716,0.007815412792040472
depth,2,knee_bend_depth,3.127669223175703e-05,4.366042789638753e-05,0.007815412792040472
depth,2,knee_extension_rate_max,-3.700220431007359e-06,7.400440862014718e-06,0.007815412792040472
depth,2,lateral_offset,-1.6282268144143795e-05,3.25645362882876e-05,0.007815412792040472
depth,2,left_wrist_z_energy,-6.77080607945588e-05,0.00012607279345994805,0.007815412792040472
depth,2,left_wrist_z_max,-6.14240468554874e-06,1.2284809371097482e-05,0.007815412792040472
depth,2,left_wrist_z_mean,-1.3870848961903409e-06,2.7741697923806818e-06,0.007815412792040472
depth,2,left_wrist_z_min,-4.752770198292005e-06,9.50554039658401e-06,0.007815412792040472
depth,2,left_wrist_z_q25,-2.4794895383522394e-07,7.637923595603145e-06,0.007815412792040472
depth,2,left_wrist_z_q75,0.0001898300624835826,0.00029657522793256446,0.007815412792040472
depth,2,left_wrist_z_range,1.8443336152901975e-05,2.7102152356398767e-05,0.007815412792040472
depth,2,left_wrist_z_std,0.0006151292552677524,0.0006884008807503589,0.007815412792040472
depth,2,mid_hip_z_energy,1.0116772611590274e-07,2.0233545223180549e-07,0.007815412792040472
depth,2,mid_hip_z_max,0.0,0.0,0.007815412792040472
depth,2,mid_hip_z_mean,0.0,0.0,0.007815412792040472
depth,2,mid_hip_z_min,3.092821210289726e-05,9.045260604936387e-05,0.007815412792040472
depth,2,mid_hip_z_q25,0.0,0.0,0.007815412792040472
depth,2,mid_hip_z_q75,-5.967887976953516e-05,0.00011935775953907033,0.007815412792040472
depth,2,mid_hip_z_range,0.0001118330467464573,0.00018548551703739265,0.007815412792040472
left_right,2,acceleration_at_release,0.0,0.0,0.016987904118535485
left_right,2,arm_extension_angle,-3.1479830730204646e-05,4.3586282368009805e-05,0.016987904118535485
left_right,2,arm_plane_angle,8.369988978448872e-07,1.6739977956897744e-06,0.016987904118535485
left_right,2,azimuth_angle,-5.8851609242654975e-06,1.1770321848530993e-05,0.016987904118535485
left_right,2,elbow_alignment,-9.312589889987865e-05,0.00013687918179589815,0.016987904118535485
left_right,2,elbow_height_relative,-6.0418153698234275e-06,1.4611422460958136e-05,0.016987904118535485
left_right,2,elevation_angle,0.0,0.0,0.016987904118535485
left_right,2,forward_position,-0.00021534965048996199,0.0003169470290201779,0.016987904118535485
left_right,2,guide_hand_vx,-6.255053472063732e-06,1.2510106944127464e-05,0.016987904118535485
left_right,2,hip_lateral_range,-1.12794563825111e-05,2.25589127650222e-05,0.016987904118535485
left_right,2,hip_vertical_velocity_max,1.606588619906778e-05,3.213177239813556e-05,0.016987904118535485
left_right,2,jerk_at_release,0.0,0.0,0.016987904118535485
left_right,2,knee_bend_depth,-4.0982944665146626e-05,7.961151028758167e-05,0.016987904118535485
left_right,2,knee_extension_rate_max,-0.00029570962865607675,0.0005560487516140106,0.016987904118535485
left_right,2,lateral_offset,-6.730297787614567e-05,0.00013712021435143695,0.016987904118535485
left_right,2,left_wrist_z_energy,6.370097609028937e-05,0.0011705986339774527,0.016987904118535485
left_right,2,left_wrist_z_max,3.6136627518737475e-07,7.227325503747495e-07,0.016987904118535485
left_right,2,left_wrist_z_mean,0.0003470239656829202,0.0005619680159217775,0.016987904118535485
left_right,2,left_wrist_z_min,1.114137154119843e-05,2.228274308239686e-05,0.016987904118535485
left_right,2,left_wrist_z_q25,-3.1215997052466e-05,6.072060127346397e-05,0.016987904118535485
left_right,2,left_wrist_z_q75,0.0003454965946074959,0.00022108485828031734,0.016987904118535485
left_right,2,left_wrist_z_range,4.337807920719791e-05,5.3402513346970626e-05,0.016987904118535485
left_right,2,left_wrist_z_std,1.4605279917841163e-05,2.9210559835682325e-05,0.016987904118535485
left_right,2,mid_hip_z_energy,0.0,0.0,0.016987904118535485
left_right,2,mid_hip_z_max,0.0,0.0,0.016987904118535485
left_right,2,mid_hip_z_mean,-2.687231809067048e-05,5.374463618134096e-05,0.016987904118535485
left_right,2,mid_hip_z_min,0.0,0.0,0.016987904118535485
left_right,2,mid_hip_z_q25,0.0,0.0,0.016987904118535485
left_right,2,mid_hip_z_q75,-0.0002716134070535017,0.000568323643090117,0.016987904118535485
left_right,2,mid_hip_z_range,0.0,0.0,0.016987904118535485
angle,3,acceleration_at_release,0.0,0.0,0.003033664441531965
angle,3,arm_extension_angle,0.0,0.0,0.003033664441531965
angle,3,arm_plane_angle,0.0,0.0,0.003033664441531965
angle,3,azimuth_angle,0.0,0.0,0.003033664441531965
angle,3,elbow_alignment,0.0,0.0,0.003033664441531965
angle,3,elbow_height_relative,0.0,0.0,0.003033664441531965
angle,3,elevation_angle,-2.026349315998894e-06,4.052698631997788e-06,0.003033664441531965
angle,3,forward_position,0.0,0.0,0.003033664441531965
angle,3,guide_hand_vx,0.0,0.0,0.003033664441531965
angle,3,hip_lateral_range,-2.307570036066131e-05,4.615140072132262e-05,0.003033664441531965
angle,3,hip_vertical_velocity_max,0.0,0.0,0.003033664441531965
angle,3,jerk_at_release,0.0,0.0,0.003033664441531965
angle,3,knee_bend_depth,0.0,0.0,0.003033664441531965
angle,3,knee_extension_rate_max,0.0,0.0,0.003033664441531965
angle,3,lateral_offset,0.0,0.0,0.003033664441531965
angle,3,left_wrist_z_energy,-2.3473562174754214e-08,4.694712434950843e-08,0.003033664441531965
angle,3,left_wrist_z_max,0.0,0.0,0.003033664441531965
angle,3,left_wrist_z_mean,-1.4906213088296781e-05,2.9812426176593563e-05,0.003033664441531965
angle,3,left_wrist_z_min,0.0,0.0,0.003033664441531965
angle,3,left_wrist_z_q25,0.0,0.0,0.003033664441531965
angle,3,left_wrist_z_q75,0.0,0.0,0.003033664441531965
angle,3,left_wrist_z_range,0.0,0.0,0.003033664441531965
angle,3,left_wrist_z_std,3.780015531894797e-05,0.00010448480484016955,0.003033664441531965
angle,3,mid_hip_z_energy,0.0,0.0,0.003033664441531965
angle,3,mid_hip_z_max,0.0,0.0,0.003033664441531965
angle,3,mid_hip_z_mean,0.0,0.0,0.003033664441531965
angle,3,mid_hip_z_min,0.0,0.0,0.003033664441531965
angle,3,mid_hip_z_q25,0.0,0.0,0.003033664441531965
angle,3,mid_hip_z_q75,1.8572682273024221e-07,3.7145364546048443e-07,0.003033664441531965
angle,3,mid_hip_z_range,0.0,0.0,0.003033664441531965
depth,3,acceleration_at_release,0.0,0.0,0.0024396990908331917
depth,3,arm_extension_angle,0.0,0.0,0.0024396990908331917
depth,3,arm_plane_angle,0.0,0.0,0.0024396990908331917
depth,3,azimuth_angle,0.0,0.0,0.0024396990908331917
depth,3,elbow_alignment,-1.8348338212411697e-06,2.894519311429094e-06,0.0024396990908331917
depth,3,elbow_height_relative,0.0,0.0,0.0024396990908331917
depth,3,elevation_angle,0.0,0.0,0.0024396990908331917
depth,3,forward_position,0.0,0.0,0.0024396990908331917
depth,3,guide_hand_vx,0.0,0.0,0.0024396990908331917
depth,3,hip_lateral_range,0.0,0.0,0.0024396990908331917
depth,3,hip_vertical_velocity_max,0.0,0.0,0.0024396990908331917
depth,3,jerk_at_release,0.0,0.0,0.0024396990908331917
depth,3,knee_bend_depth,0.0,0.0,0.0024396990908331917
depth,3,knee_extension_rate_max,0.0,0.0,0.0024396990908331917
depth,3,lateral_offset,0.0,0.0,0.0024396990908331917
depth,3,left_wrist_z_energy,1.138726943767255e-06,2.27745388753451e-06,0.0024396990908331917
depth,3,left_wrist_z_max,0.0,0.0,0.0024396990908331917
depth,3,left_wrist_z_mean,0.0,0.0,0.0024396990908331917
depth,3,left_wrist_z_min,0.0,0.0,0.0024396990908331917
depth,3,left_wrist_z_q25,0.0,0.0,0.0024396990908331917
depth,3,left_wrist_z_q75,-5.8214179807876065e-08,1.1642835961575214e-07,0.0024396990908331917
depth,3,left_wrist_z_range,0.0,0.0,0.0024396990908331917
depth,3,left_wrist_z_std,0.0,0.0,0.0024396990908331917
depth,3,mid_hip_z_energy,0.0,0.0,0.0024396990908331917
depth,3,mid_hip_z_max,4.0573276212001534e-07,8.114655242400306e-07,0.0024396990908331917
depth,3,mid_hip_z_mean,0.0,0.0,0.0024396990908331917
depth,3,mid_hip_z_min,0.0,0.0,0.0024396990908331917
depth,3,mid_hip_z_q25,0.0,0.0,0.0024396990908331917
depth,3,mid_hip_z_q75,-2.2586982186209753e-06,4.5173964372419506e-06,0.0024396990908331917
depth,3,mid_hip_z_range,0.0,0.0,0.0024396990908331917
left_right,3,acceleration_at_release,0.0,0.0,0.005645957655034829
left_right,3,arm_extension_angle,0.00010380035047120551,6.962597551017329e-05,0.005645957655034829
left_right,3,arm_plane_angle,-9.219996353296028e-06,2.12745136472079e-05,0.005645957655034829
left_right,3,azimuth_angle,-3.843444272456746e-06,7.686888544913493e-06,0.005645957655034829
left_right,3,elbow_alignment,0.0,0.0,0.005645957655034829
left_right,3,elbow_height_relative,0.0,0.0,0.005645957655034829
left_right,3,elevation_angle,0.00011795910916703326,0.00023083519195067696,0.005645957655034829
left_right,3,forward_position,3.0116508328049962e-05,8.073883716147602e-05,0.005645957655034829
left_right,3,guide_hand_vx,0.0,0.0,0.005645957655034829
left_right,3,hip_lateral_range,0.0,0.0,0.005645957655034829
left_right,3,hip_vertical_velocity_max,0.0,0.0,0.005645957655034829
left_right,3,jerk_at_release,-8.41615267228816e-06,3.626732530298962e-05,0.005645957655034829
left_right,3,knee_bend_depth,0.0,0.0,0.005645957655034829
left_right,3,knee_extension_rate_max,5.793896210720736e-05,7.652528701015864e-05,0.005645957655034829
left_right,3,lateral_offset,3.474198096788473e-05,7.334449622703138e-05,0.005645957655034829
left_right,3,left_wrist_z_energy,3.379919959553383e-05,6.265514227869705e-05,0.005645957655034829
left_right,3,left_wrist_z_max,-6.353043114848116e-05,0.00013094489073976518,0.005645957655034829
left_right,3,left_wrist_z_mean,4.004052797598953e-05,8.133939170172817e-05,0.005645957655034829
left_right,3,left_wrist_z_min,7.492402757513836e-05,7.796226127141055e-05,0.005645957655034829
left_right,3,left_wrist_z_q25,0.0,0.0,0.005645957655034829
left_right,3,left_wrist_z_q75,-4.789017588192196e-06,9.578035176384392e-06,0.005645957655034829
left_right,3,left_wrist_z_range,1.8567811999322532e-06,3.7135623998645064e-06,0.005645957655034829
left_right,3,left_wrist_z_std,0.0,0.0,0.005645957655034829
left_right,3,mid_hip_z_energy,0.0,0.0,0.005645957655034829
left_right,3,mid_hip_z_max,3.2751765137821293e-06,2.557673214868123e-05,0.005645957655034829
left_right,3,mid_hip_z_mean,-1.445822776235256e-07,2.891645552470512e-07,0.005645957655034829
left_right,3,mid_hip_z_min,0.0,0.0,0.005645957655034829
left_right,3,mid_hip_z_q25,0.0,0.0,0.005645957655034829
left_right,3,mid_hip_z_q75,0.0,0.0,0.005645957655034829
left_right,3,mid_hip_z_range,0.0,0.0,0.005645957655034829
angle,4,acceleration_at_release,0.0,0.0,0.00685052781927895
angle,4,arm_extension_angle,0.0,0.0,0.00685052781927895
angle,4,arm_plane_angle,0.0,0.0,0.00685052781927895
angle,4,azimuth_angle,0.0,0.0,0.00685052781927895
angle,4,elbow_alignment,0.00010378384941616275,0.00014388304660075614,0.00685052781927895
angle,4,elbow_height_relative,0.0,0.0,0.00685052781927895
angle,4,elevation_angle,3.6567060266943715e-06,5.003533317467537e-06,0.00685052781927895
angle,4,forward_position,-9.80792790537359e-06,1.9023104716497637e-05,0.00685052781927895
angle,4,guide_hand_vx,-1.1062871721716043e-05,0.00012021951797469141,0.00685052781927895
angle,4,hip_lateral_range,0.0,0.0,0.00685052781927895
angle,4,hip_vertical_velocity_max,0.0,0.0,0.00685052781927895
angle,4,jerk_at_release,0.0,0.0,0.00685052781927895
angle,4,knee_bend_depth,0.0,0.0,0.00685052781927895
angle,4,knee_extension_rate_max,3.1797632951474816e-05,6.359526590294963e-05,0.00685052781927895
angle,4,lateral_offset,2.082173637576665e-06,4.16434727515333e-06,0.00685052781927895
angle,4,left_wrist_z_energy,-1.2608100894196706e-05,2.3619375192144018e-05,0.00685052781927895
angle,4,left_wrist_z_max,0.000797417472869139,0.0010511162894488342,0.00685052781927895
angle,4,left_wrist_z_mean,-8.466679631946756e-06,1.0687817797411609e-05,0.00685052781927895
angle,4,left_wrist_z_min,-1.0477053944383739e-06,1.580025266170375e-05,0.00685052781927895
angle,4,left_wrist_z_q25,-0.00010281477306168691,0.00015451443403212696,0.00685052781927895
angle,4,left_wrist_z_q75,0.0,0.0,0.00685052781927895
angle,4,left_wrist_z_range,0.0,0.0,0.00685052781927895
angle,4,left_wrist_z_std,0.0,0.0,0.00685052781927895
angle,4,mid_hip_z_energy,0.00021719459161653257,0.0001850253736332025,0.00685052781927895
angle,4,mid_hip_z_max,-0.00014604329043162861,0.000465337084309257,0.00685052781927895
angle,4,mid_hip_z_mean,3.06430888207981e-05,5.905142727439199e-05,0.00685052781927895
angle,4,mid_hip_z_min,0.0,0.0,0.00685052781927895
angle,4,mid_hip_z_q25,0.0,0.0,0.00685052781927895
angle,4,mid_hip_z_q75,-7.111289150463565e-06,1.4222578300927128e-05,0.00685052781927895
angle,4,mid_hip_z_range,3.5121677053573734e-06,7.024335410714746e-06,0.00685052781927895
depth,4,acceleration_at_release,1.8302717031636745e-06,3.660543406327349e-06,0.009628445432544656
depth,4,arm_extension_angle,0.0,0.0,0.009628445432544656
depth,4,arm_plane_angle,-7.653653815087799e-05,0.00012140602477827525,0.009628445432544656
depth,4,azimuth_angle,-1.1298615177433163e-05,1.760139259826857e-05,0.009628445432544656
depth,4,elbow_alignment,-7.597509012796134e-05,0.0002920431441397127,0.009628445432544656
depth,4,elbow_height_relative,0.0,0.0,0.009628445432544656
depth,4,elevation_angle,0.0,0.0,0.009628445432544656
depth,4,forward_position,1.755187800663964e-05,0.00010572626942473741,0.009628445432544656
depth,4,guide_hand_vx,0.0003236862756591368,0.000629843015921339,0.009628445432544656
depth,4,hip_lateral_range,0.00025091347644550996,0.0003752414178832049,0.009628445432544656
depth,4,hip_vertical_velocity_max,0.0,0.0,0.009628445432544656
depth,4,jerk_at_release,0.0,0.0,0.009628445432544656
depth,4,knee_bend_depth,9.12676319075184e-07,1.825352638150368e-06,0.009628445432544656
depth,4,knee_extension_rate_max,0.0,0.0,0.009628445432544656
depth,4,lateral_offset,0.0,0.0,0.009628445432544656
depth,4,left_wrist_z_energy,-3.9946390318123905e-05,9.385680072787087e-05,0.009628445432544656
depth,4,left_wrist_z_max,0.0,0.0,0.009628445432544656
depth,4,left_wrist_z_mean,-1.4097234512029308e-05,2.8194469024058617e-05,0.009628445432544656
depth,4,left_wrist_z_min,-0.00020555424716082633,0.0004341066681926778,0.009628445432544656
depth,4,left_wrist_z_q25,0.0,0.0,0.009628445432544656
depth,4,left_wrist_z_q75,-2.521096531555439e-08,0.00033712715555312984,0.009628445432544656
depth,4,left_wrist_z_range,0.0,0.0,0.009628445432544656
depth,4,left_wrist_z_std,8.990828049883561e-06,0.00044167917814409084,0.009628445432544656
depth,4,mid_hip_z_energy,0.0,0.0,0.009628445432544656
depth,4,mid_hip_z_max,0.0,0.0,0.009628445432544656
depth,4,mid_hip_z_mean,0.0,0.0,0.009628445432544656
depth,4,mid_hip_z_min,-1.5630378584041705e-06,3.1260757168083414e-06,0.009628445432544656
depth,4,mid_hip_z_q25,-0.00018554081797964063,0.0003817584569463722,0.009628445432544656
depth,4,mid_hip_z_q75,-5.293792923808174e-06,4.676358482708932e-05,0.009628445432544656
depth,4,mid_hip_z_range,0.0,0.0,0.009628445432544656
left_right,4,acceleration_at_release,1.9010894658479105e-05,3.3180235575120396e-05,0.013389970768576334
left_right,4,arm_extension_angle,5.174580321988531e-07,1.0349160643977062e-06,0.013389970768576334
left_right,4,arm_plane_angle,-5.861193960874506e-07,1.1722387921749012e-06,0.013389970768576334
left_right,4,azimuth_angle,1.9151722492147943e-06,3.8303444984295895e-06,0.013389970768576334
left_right,4,elbow_alignment,2.464246704768011e-06,4.928493409536022e-06,0.013389970768576334
left_right,4,elbow_height_relative,2.919732723032087e-07,5.839465446064172e-07,0.013389970768576334
left_right,4,elevation_angle,-5.4091697095397934e-05,0.00010818339419079587,0.013389970768576334
left_right,4,forward_position,-0.0009135632944602678,0.0024785203595315266,0.013389970768576334
left_right,4,guide_hand_vx,-5.733611711623149e-06,1.1467223423246298e-05,0.013389970768576334
left_right,4,hip_lateral_range,-5.184577003170543e-05,0.00012612680753923183,0.013389970768576334
left_right,4,hip_vertical_velocity_max,-6.476388586263183e-05,0.00012259302781607407,0.013389970768576334
left_right,4,jerk_at_release,7.26052704447741e-06,2.797304857215635e-05,0.013389970768576334
left_right,4,knee_bend_depth,-9.567631836645586e-05,0.00025803879640183563,0.013389970768576334
left_right,4,knee_extension_rate_max,0.0,0.0,0.013389970768576334
left_right,4,lateral_offset,0.0,0.0,0.013389970768576334
left_right,4,left_wrist_z_energy,-1.690868547807624e-05,4.3598754068969374e-05,0.013389970768576334
left_right,4,left_wrist_z_max,-1.7164049251755865e-05,2.9183300738489763e-05,0.013389970768576334
left_right,4,left_wrist_z_mean,-6.442420654104511e-06,6.480988678029973e-05,0.013389970768576334
left_right,4,left_wrist_z_min,3.171788141598381e-05,0.00011389746307420901,0.013389970768576334
left_right,4,left_wrist_z_q25,3.469603044556277e-05,6.939206089112555e-05,0.013389970768576334
left_right,4,left_wrist_z_q75,-1.426105456829585e-07,2.85221091365917e-07,0.013389970768576334
left_right,4,left_wrist_z_range,-0.00012814917408265,0.0002562983481653,0.013389970768576334
left_right,4,left_wrist_z_std,4.321295927465704e-06,0.00011813092712064546,0.013389970768576334
left_right,4,mid_hip_z_energy,-3.737349263810558e-05,7.474698527621116e-05,0.013389970768576334
left_right,4,mid_hip_z_max,0.0,0.0,0.013389970768576334
left_right,4,mid_hip_z_mean,-3.929618674487836e-05,7.859237348975672e-05,0.013389970768576334
left_right,4,mid_hip_z_min,8.968917227488854e-05,0.00014462292189544327,0.013389970768576334
left_right,4,mid_hip_z_q25,0.0,0.0,0.013389970768576334
left_right,4,mid_hip_z_q75,-6.742047269188007e-05,0.0001348409453837601,0.013389970768576334
left_right,4,mid_hip_z_range,0.0,0.0,0.013389970768576334
angle,5,acceleration_at_release,0.0,0.0,0.01828630496635878
angle,5,arm_extension_angle,-9.753359577374076e-05,0.00012686213065492074,0.01828630496635878
angle,5,arm_plane_angle,5.78288257854602e-06,9.245743600321053e-06,0.01828630496635878
angle,5,azimuth_angle,-6.6665702999312015e-06,1.9543841350973715e-05,0.01828630496635878
angle,5,elbow_alignment,-4.931826008160861e-06,2.274869979452829e-05,0.01828630496635878
angle,5,elbow_height_relative,-6.745731335213584e-07,2.1220086554094045e-05,0.01828630496635878
angle,5,elevation_angle,2.154311815494095e-05,4.30862363098819e-05,0.01828630496635878
angle,5,forward_position,3.001835285247889e-05,0.00012101777764532713,0.01828630496635878
angle,5,guide_hand_vx,-1.1285693205395283e-05,7.459735653485553e-05,0.01828630496635878
angle,5,hip_lateral_range,6.256912932742047e-05,0.0001883877818145292,0.01828630496635878
angle,5,hip_vertical_velocity_max,2.59871064815613e-06,5.19742129631226e-06,0.01828630496635878
angle,5,jerk_at_release,8.255449387848044e-05,0.00028852756927086185,0.01828630496635878
angle,5,knee_bend_depth,-0.0002781120836745591,0.0005282849590634089,0.01828630496635878
angle,5,knee_extension_rate_max,-0.00031493035737755056,0.00025693301583127476,0.01828630496635878
angle,5,lateral_offset,-1.7510206792463456e-06,3.5020413584926915e-06,0.01828630496635878
angle,5,left_wrist_z_energy,-1.042357430119309e-05,7.992865031005687e-05,0.01828630496635878
angle,5,left_wrist_z_max,0.0001369390271166747,0.0003304929504120518,0.01828630496635878
angle,5,left_wrist_z_mean,-0.00012418221758668941,0.0002483791357866774,0.01828630496635878
angle,5,left_wrist_z_min,0.0006408329282978142,0.0015196096903059835,0.01828630496635878
angle,5,left_wrist_z_q25,-1.0791599594651285e-06,8.983982312104717e-06,0.01828630496635878
angle,5,left_wrist_z_q75,0.0,0.0,0.01828630496635878
angle,5,left_wrist_z_range,-7.64604994098056e-06,1.5292099881961116e-05,0.01828630496635878
angle,5,left_wrist_z_std,-0.00011227352249674991,0.0001932666373477501,0.01828630496635878
angle,5,mid_hip_z_energy,2.944767108627212e-05,4.8942134206809565e-05,0.01828630496635878
angle,5,mid_hip_z_max,2.7500213690613564e-06,5.719237929992201e-06,0.01828630496635878
angle,5,mid_hip_z_mean,0.0,0.0,0.01828630496635878
angle,5,mid_hip_z_min,-2.527748244282903e-05,5.159465811880187e-05,0.01828630496635878
angle,5,mid_hip_z_q25,-5.290429960940618e-06,1.0580859921881234e-05,0.01828630496635878
angle,5,mid_hip_z_q75,-3.23142818633184e-05,6.592005800372063e-05,0.01828630496635878
angle,5,mid_hip_z_range,0.0,0.0,0.01828630496635878
depth,5,acceleration_at_release,-0.00012795176539121474,0.0002714302259333782,0.024900376426739174
depth,5,arm_extension_angle,-2.724821781538156e-05,0.00014256954021845016,0.024900376426739174
depth,5,arm_plane_angle,-3.438544902612875e-05,0.00037820469253156414,0.024900376426739174
depth,5,azimuth_angle,-1.7452244669727626e-05,0.00011375833839732655,0.024900376426739174
depth,5,elbow_alignment,0.0,0.0,0.024900376426739174
depth,5,elbow_height_relative,-8.491878784906703e-05,0.00016983757569813404,0.024900376426739174
depth,5,elevation_angle,0.0,0.0,0.024900376426739174
depth,5,forward_position,-0.0007132922658230477,0.0013184417726594113,0.024900376426739174
depth,5,guide_hand_vx,5.039006920190548e-06,1.0078013840381096e-05,0.024900376426739174
depth,5,hip_lateral_range,1.242979859021956e-05,2.485959718043912e-05,0.024900376426739174
depth,5,hip_vertical_velocity_max,-2.612476399638519e-05,5.925709181449783e-05,0.024900376426739174
depth,5,jerk_at_release,4.059031648977751e-05,0.0002712659578288626,0.024900376426739174
depth,5,knee_bend_depth,-0.00021871450738799315,0.000498576460410542,0.024900376426739174
depth,5,knee_extension_rate_max,4.4424591956158945e-07,5.176258309000837e-06,0.024900376426739174
depth,5,lateral_offset,0.000177840028427571,0.0003573382520705273,0.024900376426739174
depth,5,left_wrist_z_energy,-8.167476517257355e-05,0.0001633495303451471,0.024900376426739174
depth,5,left_wrist_z_max,0.0,0.0,0.024900376426739174
depth,5,left_wrist_z_mean,1.5720828201636062e-06,8.720663554452729e-06,0.024900376426739174
depth,5,left_wrist_z_min,-0.00017801315786454205,0.00045313237990771577,0.024900376426739174
depth,5,left_wrist_z_q25,-4.476010468879021e-07,8.952020937758042e-07,0.024900376426739174
depth,5,left_wrist_z_q75,-6.172809482469927e-05,0.00012345618964939854,0.024900376426739174
depth,5,left_wrist_z_range,3.577592333310273e-05,4.978894425791354e-05,0.024900376426739174
depth,5,left_wrist_z_std,-2.301612767006099e-05,4.392640494454996e-05,0.024900376426739174
depth,5,mid_hip_z_energy,4.959516942656256e-06,9.919033885312512e-06,0.024900376426739174
depth,5,mid_hip_z_max,-0.00019006943033325965,0.00031414667613385925,0.024900376426739174
depth,5,mid_hip_z_mean,0.0,0.0,0.024900376426739174
depth,5,mid_hip_z_min,-3.0085760373173287e-06,3.655089001907228e-05,0.024900376426739174
depth,5,mid_hip_z_q25,4.058482733922814e-06,2.7814842321463022e-05,0.024900376426739174
depth,5,mid_hip_z_q75,1.0646755160825806e-08,2.129351032165161e-08,0.024900376426739174
depth,5,mid_hip_z_range,0.0,0.0,0.024900376426739174
left_right,5,acceleration_at_release,0.0,0.0,0.011962265513510633
left_right,5,arm_extension_angle,0.0,0.0,0.011962265513510633
left_right,5,arm_plane_angle,-6.149816943596537e-07,1.0986661513337105e-05,0.011962265513510633
left_right,5,azimuth_angle,-7.042923312713251e-07,1.4085846625426502e-06,0.011962265513510633
left_right,5,elbow_alignment,2.136885912655019e-06,4.5718876496161426e-06,0.011962265513510633
left_right,5,elbow_height_relative,0.0,0.0,0.011962265513510633
left_right,5,elevation_angle,-3.8018671740615295e-05,0.0001704885436391721,0.011962265513510633
left_right,5,forward_position,0.0007819680098567464,0.0006530105486049398,0.011962265513510633
left_right,5,guide_hand_vx,1.1086630014496903e-05,2.4844798392911633e-05,0.011962265513510633
left_right,5,hip_lateral_range,0.00022554546161465493,0.0004628468426541213,0.011962265513510633
left_right,5,hip_vertical_velocity_max,-0.00011262676534282804,0.00022525353068565606,0.011962265513510633
left_right,5,jerk_at_release,5.015709796258108e-06,1.0031419592516217e-05,0.011962265513510633
left_right,5,knee_bend_depth,0.0,0.0,0.011962265513510633
left_right,5,knee_extension_rate_max,0.0,0.0,0.011962265513510633
left_right,5,lateral_offset,0.0,0.0,0.011962265513510633
left_right,5,left_wrist_z_energy,0.0,0.0,0.011962265513510633
left_right,5,left_wrist_z_max,-2.4871636462704683e-06,4.974327292540937e-06,0.011962265513510633
left_right,5,left_wrist_z_mean,-2.6717105142549933e-06,5.343421028509987e-06,0.011962265513510633
left_right,5,left_wrist_z_min,-1.6823747192003594e-05,3.379325414273119e-05,0.011962265513510633
left_right,5,left_wrist_z_q25,-0.00012914454104698443,0.00022103467867686362,0.011962265513510633
left_right,5,left_wrist_z_q75,0.0,0.0,0.011962265513510633
left_right,5,left_wrist_z_range,0.00018766654263768033,0.0003354331077648211,0.011962265513510633
left_right,5,left_wrist_z_std,0.0,0.0,0.011962265513510633
left_right,5,mid_hip_z_energy,-1.9439016850263806e-06,3.887803370052761e-06,0.011962265513510633
left_right,5,mid_hip_z_max,-1.2312872330358208e-05,2.4625744660716413e-05,0.011962265513510633
left_right,5,mid_hip_z_mean,0.0,0.0,0.011962265513510633
left_right,5,mid_hip_z_min,0.0,0.0,0.011962265513510633
left_right,5,mid_hip_z_q25,-9.784312493822319e-06,1.9568624987644638e-05,0.011962265513510633
left_right,5,mid_hip_z_q75,9.36822803362089e-05,0.00013936361323230718,0.011962265513510633
left_right,5,mid_hip_z_range,0.0,0.0,0.011962265513510633
