target,config,lopo_mse,vs_baseline
angle,right_wrist_f100,0.05532551699499565,-117.06054705739628
angle,right_wrist_f110,0.07934861787632244,-211.31122382535992
angle,right_wrist_f120,0.1426484580329463,-459.65771346205554
angle,right_wrist_f130,0.17299957726630175,-578.7353272364068
angle,right_wrist_f140,0.13764963838653466,-440.0456684957244
angle,right_wrist_f150,0.04176424402412588,-63.85512775479977
angle,right_wrist_f160,0.029758538788579373,-16.752722069674604
angle,right_wrist_f170,0.033018886407242154,-29.544158573887213
angle,right_wrist_f180,0.03952152222163086,-55.0561784130132
angle,right_elbow_f100,0.033128715694702736,-29.975055680935924
angle,right_elbow_f110,0.0486234414682321,-90.76605837885634
angle,right_elbow_f120,0.1236860216166442,-385.26171961285337
angle,right_elbow_f130,0.04966874655729401,-94.86714060632438
angle,right_elbow_f140,0.05418667324951829,-112.59248132872774
angle,right_elbow_f150,0.03052115654668537,-19.74472714728004
angle,right_elbow_f160,0.0358586200561928,-40.68538549444682
angle,right_elbow_f170,0.04589136956255987,-80.04722456300605
angle,right_elbow_f180,0.05664585347325242,-122.2406696090965
angle,right_shoulder_f100,0.04468954535652767,-75.33206537792758
angle,right_shoulder_f110,0.0539194364114888,-111.54402164127796
angle,right_shoulder_f120,0.11358811692478354,-345.64425491302995
angle,right_shoulder_f130,0.15032101694502542,-489.75973374569134
angle,right_shoulder_f140,0.09648235410169956,-278.53261388582484
angle,right_shoulder_f150,0.07412077339484155,-190.80063766700778
angle,right_shoulder_f160,0.07373786070622611,-189.29834284573022
angle,right_shoulder_f170,0.09641778064998993,-278.2792705911794
angle,right_shoulder_f180,0.10734717106725876,-321.15893248734966
angle,left_wrist_f100,0.07984763380138474,-213.26903055844787
angle,left_wrist_f110,0.1089696981889352,-327.52465022078553
angle,left_wrist_f120,0.05000781287125063,-96.19741140348326
angle,left_wrist_f130,0.1013153653078888,-297.49413676585243
angle,left_wrist_f140,0.1150176442073097,-351.2527695882144
angle,left_wrist_f150,0.10303066569836813,-304.22383512834375
angle,left_wrist_f160,0.07686357492886715,-201.56156741122174
angle,left_wrist_f170,0.043654373158558885,-71.27073787853816
angle,left_wrist_f180,0.034238799514483484,-34.330286581407556
angle,left_elbow_f100,0.1418099373912978,-456.36791593135007
angle,left_elbow_f110,0.12035435261304636,-372.1904654101944
angle,left_elbow_f120,0.05902498822575772,-131.57481267636823
angle,left_elbow_f130,0.0790797265807806,-210.25627314655168
angle,left_elbow_f140,0.1754272406237766,-588.2598642866859
angle,left_elbow_f150,0.14496443935756392,-468.74408446409586
angle,left_elbow_f160,0.07165970216361447,-181.1450303304204
angle,left_elbow_f170,0.0341863215465985,-34.12439792394403
angle,left_elbow_f180,0.029867916186779933,-17.181846263692993
angle,left_shoulder_f100,0.05255970182759201,-106.20932711578091
angle,left_shoulder_f110,0.09254199198554516,-263.07325258217764
angle,left_shoulder_f120,0.14261326319176418,-459.5196323035681
angle,left_shoulder_f130,0.13952173480013544,-447.39053021147004
angle,left_shoulder_f140,0.12140220211679502,-376.30153022930995
angle,left_shoulder_f150,0.10937996166232837,-329.1342513381225
angle,left_shoulder_f160,0.08694577089353503,-241.117401509051
angle,left_shoulder_f170,0.1259001556824105,-393.948509681478
angle,left_shoulder_f180,0.12045995972286855,-372.60479749918744
angle,right_hip_f100,0.07902701869076269,-210.04948242749592
angle,right_hip_f110,0.14568192694496757,-471.5590287554038
angle,right_hip_f120,0.20065151725478128,-687.2231561281019
angle,right_hip_f130,0.20095214711281367,-688.4026278256226
angle,right_hip_f140,0.17070046425434898,-569.715136278835
angle,right_hip_f150,0.09777540296766005,-283.6056779882844
angle,right_hip_f160,0.07179025477770025,-181.65723199381915
angle,right_hip_f170,0.12326344511075278,-383.6038103419705
angle,right_hip_f180,0.12061564874591169,-373.21561772009255
angle,left_hip_f100,0.05978276600085823,-134.54782887838823
angle,left_hip_f110,0.12873361895583135,-405.0651358171434
angle,left_hip_f120,0.19453954049625985,-663.2438227053929
angle,left_hip_f130,0.1753470385420755,-587.9452046382139
angle,left_hip_f140,0.14618961637896055,-473.55086457119467
angle,left_hip_f150,0.08477832902322532,-232.6138005733908
angle,left_hip_f160,0.06233049053441189,-144.54340616426754
angle,left_hip_f170,0.12415045903573481,-387.08386327706626
angle,left_hip_f180,0.11835500992925634,-364.3463739263693
angle,right_knee_f100,0.12491704397537402,-390.0914329375377
angle,right_knee_f110,0.13653647742558844,-435.6783649390712
angle,right_knee_f120,0.1016483241266646,-298.80044581232
angle,right_knee_f130,0.13291799464302897,-421.48184414792934
angle,right_knee_f140,0.10333440972167428,-305.41552474003254
angle,right_knee_f150,0.06926909221245503,-171.76586621259645
angle,right_knee_f160,0.051006620179031285,-100.1160672499601
angle,right_knee_f170,0.09647258955111337,-278.4943042810145
angle,right_knee_f180,0.10073034139715585,-295.19889187700954
angle,right_ankle_f100,0.12003340775180714,-370.9312911459549
angle,right_ankle_f110,0.12838786297216215,-403.7086192034732
angle,right_ankle_f120,0.13329914362259565,-422.9772193474525
angle,right_ankle_f130,0.06456495750333448,-153.30996902711234
angle,right_ankle_f140,0.1012336940985779,-297.17371323734807
angle,right_ankle_f150,0.03932769855686418,-54.295743210740596
angle,right_ankle_f160,0.024801668410970357,2.69474185467946
angle,right_ankle_f170,0.06381831090332749,-150.3806241559072
angle,right_ankle_f180,0.06671880573589078,-161.76023756558016
angle,neck_f100,0.05597576894998076,-119.61170342683387
angle,neck_f110,0.08036718617047839,-215.3074086448313
angle,neck_f120,0.1379847693293264,-441.3604995127544
angle,neck_f130,0.1480261062860194,-480.75603002726507
angle,neck_f140,0.09751872372585213,-282.59863928948397
angle,neck_f150,0.08104790631677071,-217.9781019410289
angle,neck_f160,0.07894748303878002,-209.7374374061817
angle,neck_f170,0.11299522450451761,-343.31813922393934
angle,neck_f180,0.11638469606390435,-356.61617222709265
angle,nose_f100,0.04743956522670668,-86.12131507429748
angle,nose_f110,0.060895578084924344,-138.913763674105
angle,nose_f120,0.09676882085634092,-279.65651898158444
angle,nose_f130,0.11952239634769905,-368.9264221279518
angle,nose_f140,0.10380387393086045,-307.2573901866588
angle,nose_f150,0.09625709287477065,-277.64883859001634
angle,nose_f160,0.09860200903493035,-286.84873065020327
angle,nose_f170,0.12188711134399922,-378.2039916584484
angle,nose_f180,0.10674019993462058,-318.7775812907507
angle,mid_hip_f100,0.07473266313690612,-193.20128621699527
angle,mid_hip_f110,0.13979775569216804,-448.473452686994
angle,mid_hip_f120,0.19949267276372487,-682.6766207707205
angle,mid_hip_f130,0.1876236453966125,-636.1104481748521
angle,mid_hip_f140,0.15835759020402596,-521.2899043218341
angle,mid_hip_f150,0.09056363344913615,-255.31148894194894
angle,mid_hip_f160,0.06712998807463326,-163.3734436996657
angle,mid_hip_f170,0.12453346357206466,-388.58651844771276
angle,mid_hip_f180,0.12007794360310413,-371.10602021802237
angle,right_wrist_f120_vel3,0.07029040122044286,-175.7728037710568
angle,right_wrist_f120_vel5,0.0757530172224004,-197.2044772944446
angle,right_wrist_f120_vel10,0.08934565686929782,-250.53295858051166
angle,right_wrist_f140_vel3,0.0528655654877176,-107.40933277316758
angle,right_wrist_f140_vel5,0.048966194224241553,-92.11079232380204
angle,right_wrist_f140_vel10,0.04614930637784505,-81.05919714406858
angle,right_wrist_f150_vel3,0.03580540137736025,-40.4765907796661
angle,right_wrist_f150_vel5,0.03504664919733575,-37.499751660530414
angle,right_wrist_f150_vel10,0.03021968628055046,-18.561958247087
angle,right_wrist_f160_vel3,0.054755097710686935,-114.82260101316253
angle,right_wrist_f160_vel5,0.055215857629425526,-116.6303166108779
angle,right_wrist_f160_vel10,0.0546499303533936,-114.4099942207355
angle,right_elbow_f120_vel3,0.02061805137997077,19.108473722915793
angle,right_elbow_f120_vel5,0.0190035899351574,25.442547102581848
angle,right_elbow_f120_vel10,0.020205309643644358,20.7277978963986
angle,right_elbow_f140_vel3,0.041021936989669966,-60.942808453777616
angle,right_elbow_f140_vel5,0.04172331928788004,-63.694566297443565
angle,right_elbow_f140_vel10,0.04423172207094197,-73.53587117636529
angle,right_elbow_f150_vel3,0.04091937961665572,-60.54044150448629
angle,right_elbow_f150_vel5,0.05133262179886814,-101.39508087309146
angle,right_elbow_f150_vel10,0.07903409898194866,-210.07726078297503
angle,right_elbow_f160_vel3,0.054266405677064,-112.90529836653059
angle,right_elbow_f160_vel5,0.05426805944737574,-112.91178666177066
angle,right_elbow_f160_vel10,0.05524795863999543,-116.75625963489028
angle,left_wrist_f120_vel3,0.06518913162950093,-155.75881333338458
angle,left_wrist_f120_vel5,0.07962034627117803,-212.37730539570867
angle,left_wrist_f120_vel10,0.08960183108197899,-251.53801588077332
angle,left_wrist_f140_vel3,0.09781842698695518,-283.77447563667613
angle,left_wrist_f140_vel5,0.09333380464405845,-266.1797990395639
angle,left_wrist_f140_vel10,0.08742029341326676,-242.97911240338107
angle,left_wrist_f150_vel3,0.06184675349489164,-142.6455436203045
angle,left_wrist_f150_vel5,0.06267298519347106,-145.8871275083689
angle,left_wrist_f150_vel10,0.07171353468853543,-181.35623336915353
angle,left_wrist_f160_vel3,0.10672607667110962,-318.72217099419254
angle,left_wrist_f160_vel5,0.10394478249154368,-307.81022169964297
angle,left_wrist_f160_vel10,0.07959929159957665,-212.2947008619576
angle,right_knee_f120_vel3,0.03972386895093911,-55.85005245422451
angle,right_knee_f120_vel5,0.048223005641135526,-89.19501441194997
angle,right_knee_f120_vel10,0.08399178077697397,-229.52790816982235
angle,right_knee_f140_vel3,0.07090291271455862,-178.1758916627386
angle,right_knee_f140_vel5,0.07136742715908662,-179.99833752355957
angle,right_knee_f140_vel10,0.07211023014839384,-182.91260262169644
angle,right_knee_f150_vel3,0.030777137498338124,-20.74902621975044
angle,right_knee_f150_vel5,0.03377808817655711,-32.522761582501715
angle,right_knee_f150_vel10,0.05947746463015368,-133.3500292708672
angle,right_knee_f160_vel3,0.03631734563521909,-42.48511969560526
angle,right_knee_f160_vel5,0.03915567223878071,-53.62082630549334
angle,right_knee_f160_vel10,0.048161196855110854,-88.95251782744118
angle,right_wrist+right_elbow_f140,0.059931354155385703,-135.1307900120528
angle,right_wrist+right_elbow_f150,0.04638160984169164,-81.97060149570672
angle,right_wrist+right_elbow_f160,0.029300640452200617,-14.956233418695799
angle,right_wrist+right_shoulder_f140,0.09508358800525625,-273.0447856541106
angle,right_wrist+right_shoulder_f150,0.07655363546007773,-200.34557099032622
angle,right_wrist+right_shoulder_f160,0.0795656954507827,-212.16289190955507
angle,right_elbow+right_shoulder_f140,0.07462914149180815,-192.79513610511688
angle,right_elbow+right_shoulder_f150,0.08851924029380044,-247.29064935833142
angle,right_elbow+right_shoulder_f160,0.09612636320674953,-277.13594228468475
angle,right_wrist+left_wrist_f140,0.1767247752679489,-593.3505276006039
angle,right_wrist+left_wrist_f150,0.06886216602252192,-170.16935837685668
angle,right_wrist+left_wrist_f160,0.06481184868614705,-154.2786058897338
angle,right_hip+right_knee_f140,0.09180117859019599,-260.1667933280059
angle,right_hip+right_knee_f150,0.08683378394087168,-240.67803915821037
angle,right_hip+right_knee_f160,0.06339244623996798,-148.70981434115953
angle,right_shoulder+right_hip_f140,0.06703768478738284,-163.01130696576794
angle,right_shoulder+right_hip_f150,0.07342359693703285,-188.06538074494082
angle,right_shoulder+right_hip_f160,0.07336020821118149,-187.81668552693117
angle,arm_chain_f140,0.08502080509635457,-233.56511548087778
angle,arm_chain_f150,0.08996864940537067,-252.9771671128038
angle,arm_chain_f160,0.07788331085316738,-205.56233323511287
angle,body_alignment_f140,0.05378406648960502,-111.01292006473295
angle,body_alignment_f150,0.03364308771423455,-31.99310951965002
angle,body_alignment_f160,0.0559630528871076,-119.56181405004027
angle,body_alignment_f170,0.0593219407687156,-132.73985703429722
angle,right_wrist_multiframe_140,0.048201198902159154,-89.10945926581049
angle,right_wrist_multiframe_150,0.03024455856011243,-18.65954053644498
angle,right_elbow_multiframe_140,0.04142014379566156,-62.50510722377071
angle,right_elbow_multiframe_150,0.043806469355196435,-71.86746223721848
depth,right_wrist_f100,0.01867518911673212,-13.267969925766387
depth,right_wrist_f110,0.026100309868116418,-58.30249935976594
depth,right_wrist_f120,0.020233217256441612,-22.717656532366767
depth,right_wrist_f130,0.024707738054764977,-49.85633149028832
depth,right_wrist_f140,0.026207595408256967,-58.95320309605216
depth,right_wrist_f150,0.019660586514763573,-19.24456069266546
depth,right_wrist_f160,0.02142504700579046,-29.94629209595143
depth,right_wrist_f170,0.01804257019044128,-9.431036277079471
depth,right_wrist_f180,0.01660788018980883,-0.729414953264459
depth,right_elbow_f100,0.02148491450158705,-30.309397908215658
depth,right_elbow_f110,0.017981867188890412,-9.062862990528533
depth,right_elbow_f120,0.01862755876870131,-12.9790843463709
depth,right_elbow_f130,0.029100578823131572,-76.49960417309235
depth,right_elbow_f140,0.01779646034897375,-7.938341239426351
depth,right_elbow_f150,0.018438516338576332,-11.832512166766831
depth,right_elbow_f160,0.01963450080231449,-19.086346728956364
depth,right_elbow_f170,0.018742462538236287,-13.675993846493938
depth,right_elbow_f180,0.01781729398555851,-8.064700533962913
depth,right_shoulder_f100,0.018089099827773274,-9.71324587233626
depth,right_shoulder_f110,0.01961814609874547,-18.987152870172856
depth,right_shoulder_f120,0.017640275805814717,-6.991057330983534
depth,right_shoulder_f130,0.016305740452112395,1.1031102494986404
depth,right_shoulder_f140,0.017709843573268488,-7.412996822064585
depth,right_shoulder_f150,0.022603789850113576,-37.0955535147491
depth,right_shoulder_f160,0.021441798054072952,-30.047889847986315
depth,right_shoulder_f170,0.019546799389628947,-18.55442381709611
depth,right_shoulder_f180,0.01876898226239505,-13.836840159732242
depth,left_wrist_f100,0.02022645979838631,-22.676671482577003
depth,left_wrist_f110,0.01864911869320889,-13.109848691806006
depth,left_wrist_f120,0.027871305905640742,-69.04386988421383
depth,left_wrist_f130,0.021661201056514003,-31.3786036911918
depth,left_wrist_f140,0.022025258369867677,-33.58666876418501
depth,left_wrist_f150,0.02137840376855339,-29.66339349933826
depth,left_wrist_f160,0.02099634267582693,-27.346132662500295
depth,left_wrist_f170,0.023186906663971663,-40.632249037479305
depth,left_wrist_f180,0.022399066307197426,-35.85387291075741
depth,left_elbow_f100,0.02466481660699433,-49.59600613428427
depth,left_elbow_f110,0.016657702921493107,-1.0315976855923514
depth,left_elbow_f120,0.027381794991412703,-66.07490891870272
depth,left_elbow_f130,0.017477129759556283,-6.001550807349379
depth,left_elbow_f140,0.02236530423270216,-35.6491005995022
depth,left_elbow_f150,0.026168425514642442,-58.715631508198705
depth,left_elbow_f160,0.020766741308626564,-25.953564127188095
depth,left_elbow_f170,0.021202106070560518,-28.59412013190836
depth,left_elbow_f180,0.01914496305578246,-16.11722302128598
depth,left_shoulder_f100,0.018864789451883406,-14.417925887421951
depth,left_shoulder_f110,0.020033163203377162,-21.504297121418166
depth,left_shoulder_f120,0.016691609032539446,-1.237243601266401
depth,left_shoulder_f130,0.015929562257519948,3.3846903805212913
depth,left_shoulder_f140,0.018992893604075228,-15.194897792077455
depth,left_shoulder_f150,0.0224952337597021,-36.43714369050966
depth,left_shoulder_f160,0.022435534201196712,-36.075056444425954
depth,left_shoulder_f170,0.020219147758101387,-22.632322804022166
depth,left_shoulder_f180,0.019318382287865126,-17.169038038596295
depth,right_hip_f100,0.020347685747371627,-23.41192599904072
depth,right_hip_f110,0.02025630344519901,-22.85767791140226
depth,right_hip_f120,0.017269368715223304,-4.741447277786218
depth,right_hip_f130,0.018522446144778413,-12.341559689945871
depth,right_hip_f140,0.02023671666830981,-22.738881017739697
depth,right_hip_f150,0.02765766040698867,-67.74807621032718
depth,right_hip_f160,0.024447858807007793,-48.28012282994773
depth,right_hip_f170,0.021289167941706866,-29.122164123379928
depth,right_hip_f180,0.027839390128448455,-68.85029565754459
depth,left_hip_f100,0.019376344152366592,-17.520585896246168
depth,left_hip_f110,0.019821014750855466,-20.217583268625322
depth,left_hip_f120,0.017573960711324638,-6.588845814871129
depth,left_hip_f130,0.018413566868212477,-11.681189690663764
depth,left_hip_f140,0.019032820565154665,-15.437061113610891
depth,left_hip_f150,0.02661181520822104,-61.4048599901025
depth,left_hip_f160,0.023492188212399196,-42.48382981827046
depth,left_hip_f170,0.020467146145119318,-24.13647216855085
depth,left_hip_f180,0.028783532549387786,-74.5766684761621
depth,right_knee_f100,0.02487394576682555,-50.864407500305276
depth,right_knee_f110,0.020523395705132532,-24.477634629187243
depth,right_knee_f120,0.020570911758042782,-24.765826990634725
depth,right_knee_f130,0.01768182790347976,-7.243077362441194
depth,right_knee_f140,0.01838999230542028,-11.538206246015955
depth,right_knee_f150,0.02970682449773975,-80.17657988722964
depth,right_knee_f160,0.02620084645869272,-58.91226965160372
depth,right_knee_f170,0.01920791298477546,-16.499024277457462
depth,right_knee_f180,0.021661370132065913,-31.379629161103196
depth,right_ankle_f100,0.01665541452266495,-1.0177181854691808
depth,right_ankle_f110,0.016453792175757823,0.20515317519498596
depth,right_ankle_f120,0.01903079307151021,-15.42476404461153
depth,right_ankle_f130,0.01694214579659216,-2.7567886232012135
depth,right_ankle_f140,0.020677269752083106,-25.41090501340723
depth,right_ankle_f150,0.028815153465223214,-74.76845432215728
depth,right_ankle_f160,0.043801268870865016,-165.66160985917216
depth,right_ankle_f170,0.027757602720513502,-68.35424211803947
depth,right_ankle_f180,0.02691125078341156,-63.220984020407315
depth,neck_f100,0.018439167913325966,-11.836464070476326
depth,neck_f110,0.019077890011795575,-15.71041442183093
depth,neck_f120,0.016660755006475698,-1.0501090627922314
depth,neck_f130,0.015888000874584914,3.636766728607151
depth,neck_f140,0.017892553706816923,-8.52116262336054
depth,neck_f150,0.022705798509244778,-37.714252134742644
depth,neck_f160,0.023090665379904802,-40.04853045764787
depth,neck_f170,0.020007570273457388,-21.349071961536488
depth,neck_f180,0.01914860402648027,-16.139306083305986
depth,nose_f100,0.02034074059399987,-23.369802547528398
depth,nose_f110,0.025125749812996027,-52.3916387883285
depth,nose_f120,0.01873311077274967,-13.619273912614297
depth,nose_f130,0.015795473814454914,4.1979579539605005
depth,nose_f140,0.017760647512085167,-7.721130730536889
depth,nose_f150,0.023221603920282875,-40.84269337406939
depth,nose_f160,0.023397765062181563,-41.911138507232295
depth,nose_f170,0.018744672011344974,-13.689394649669866
depth,nose_f180,0.018320381086735206,-11.116003216358141
depth,mid_hip_f100,0.020286556315246146,-23.041166343741455
depth,mid_hip_f110,0.019938093500867386,-20.927684368668
depth,mid_hip_f120,0.017375907029025965,-5.387618968381298
depth,mid_hip_f130,0.01847315606751421,-12.042607590756779
depth,mid_hip_f140,0.01957615071148134,-18.732444217322186
depth,mid_hip_f150,0.027363990742298505,-65.96692333737272
depth,mid_hip_f160,0.024090841063661505,-46.11475386026586
depth,mid_hip_f170,0.020963725524296532,-27.148304489756427
depth,mid_hip_f180,0.028743227324557915,-74.33221092527226
depth,right_wrist_f120_vel3,0.022735736968693538,-37.895833617172066
depth,right_wrist_f120_vel5,0.023445144824598564,-42.19850424532437
depth,right_wrist_f120_vel10,0.027034412445049557,-63.96797893966739
depth,right_wrist_f140_vel3,0.040574988333623684,-146.09370912306
depth,right_wrist_f140_vel5,0.043167839718764645,-161.81976206305393
depth,right_wrist_f140_vel10,0.03080150531946723,-86.81599186955061
depth,right_wrist_f150_vel3,0.019375540592352667,-17.515712177917433
depth,right_wrist_f150_vel5,0.028112325627563224,-70.5056925433361
depth,right_wrist_f150_vel10,0.06079542380288219,-268.733842098519
depth,right_wrist_f160_vel3,0.028299480240289478,-71.64081481241945
depth,right_wrist_f160_vel5,0.025785524228781415,-56.39327476737266
depth,right_wrist_f160_vel10,0.02198961520196292,-33.370487324465195
depth,right_elbow_f120_vel3,0.030020159100182083,-82.07700371181849
depth,right_elbow_f120_vel5,0.032367132415288026,-96.31176734448331
depth,right_elbow_f120_vel10,0.02895727639046649,-75.63045229827385
depth,right_elbow_f140_vel3,0.024170502331764057,-46.59791202607014
depth,right_elbow_f140_vel5,0.022871343508677883,-38.718308688062905
depth,right_elbow_f140_vel10,0.02190308955380906,-32.84569561008744
depth,right_elbow_f150_vel3,0.06012796445953162,-264.6855958207039
depth,right_elbow_f150_vel5,0.06362137748665306,-285.8736972755775
depth,right_elbow_f150_vel10,0.058414723734816,-254.29452038528447
depth,right_elbow_f160_vel3,0.0217346702798749,-31.824206128205702
depth,right_elbow_f160_vel5,0.022182103622436868,-34.53795997949534
depth,right_elbow_f160_vel10,0.025159996137477093,-52.59934815218783
depth,left_wrist_f120_vel3,0.03039674291557789,-84.36104399704193
depth,left_wrist_f120_vel5,0.027239321349701643,-65.21078379184742
depth,left_wrist_f120_vel10,0.027025296836642478,-63.91269133575322
depth,left_wrist_f140_vel3,0.032970303841499266,-99.97009725681416
depth,left_wrist_f140_vel5,0.033381804285352604,-102.46591240532364
depth,left_wrist_f140_vel10,0.030799891512731666,-86.80620387695535
depth,left_wrist_f150_vel3,0.023115524707517106,-40.199306203733485
depth,left_wrist_f150_vel5,0.023828987489744834,-44.526570600114866
depth,left_wrist_f150_vel10,0.03561925824909492,-116.03642388402066
depth,left_wrist_f160_vel3,0.023754367811074203,-44.07399047004471
depth,left_wrist_f160_vel5,0.023982596697721004,-45.4582346941495
depth,left_wrist_f160_vel10,0.023558757994846018,-42.887586057043734
depth,right_knee_f120_vel3,0.02995652728308782,-81.69106669667484
depth,right_knee_f120_vel5,0.03531248772806406,-114.1758122493517
depth,right_knee_f120_vel10,0.03253831526976381,-97.35001837858917
depth,right_knee_f140_vel3,0.04699327156691922,-185.02161007762774
depth,right_knee_f140_vel5,0.042843776353780255,-159.8542666000812
depth,right_knee_f140_vel10,0.03159032608225831,-91.60031431352462
depth,right_knee_f150_vel3,0.06303734553587795,-282.3314513029885
depth,right_knee_f150_vel5,0.052635243197126015,-219.24105861642335
depth,right_knee_f150_vel10,0.035816055369887426,-117.23002948662374
depth,right_knee_f160_vel3,0.03897566654304576,-136.39357000561998
depth,right_knee_f160_vel5,0.033497408827493226,-103.1670722019189
depth,right_knee_f160_vel10,0.031071096990315076,-88.45110790907023
depth,right_wrist+right_elbow_f140,0.02616107449813853,-58.67104643272321
depth,right_wrist+right_elbow_f150,0.01994830876183936,-20.989641538971608
depth,right_wrist+right_elbow_f160,0.024736323706966032,-50.02970798321586
depth,right_wrist+right_shoulder_f140,0.026615863937559485,-61.429416172643826
depth,right_wrist+right_shoulder_f150,0.02095295687185566,-27.0829909128395
depth,right_wrist+right_shoulder_f160,0.02893847576591965,-75.51642354266413
depth,right_elbow+right_shoulder_f140,0.0208714223362308,-26.588471083811722
depth,right_elbow+right_shoulder_f150,0.028767984539928234,-74.48236734449152
depth,right_elbow+right_shoulder_f160,0.025423156713665167,-54.19545858742899
depth,right_wrist+left_wrist_f140,0.04991031336408082,-202.71392904092397
depth,right_wrist+left_wrist_f150,0.04844407957825282,-193.82098968062
depth,right_wrist+left_wrist_f160,0.032692710768524966,-98.28645145035304
depth,right_hip+right_knee_f140,0.028073644755287234,-70.27108694709429
depth,right_hip+right_knee_f150,0.028713364861140372,-74.15109037076837
depth,right_hip+right_knee_f160,0.02687830143799819,-63.02114103932546
depth,right_shoulder+right_hip_f140,0.021849758904259612,-32.52223680217226
depth,right_shoulder+right_hip_f150,0.026160014785961857,-58.66461911109304
depth,right_shoulder+right_hip_f160,0.02575845789733636,-56.229113194659455
depth,arm_chain_f140,0.026123035397004283,-58.44033327976151
depth,arm_chain_f150,0.021856331069759437,-32.56209802336409
depth,arm_chain_f160,0.027667146892911446,-67.80561324491816
depth,body_alignment_f140,0.07540205307314114,-357.3253543214494
depth,body_alignment_f150,0.07687459469661916,-366.25655171281124
depth,body_alignment_f160,0.037104839404202866,-125.04670809304596
depth,body_alignment_f170,0.02050915624631052,-24.39127006369186
depth,right_wrist_multiframe_140,0.022671189257461602,-37.50434155950688
depth,right_wrist_multiframe_150,0.03564308336444293,-116.18092696946995
depth,right_elbow_multiframe_140,0.020153350381187447,-22.23325132673227
depth,right_elbow_multiframe_150,0.03586502443499816,-117.52703459642933
left_right,right_wrist_f100,0.014042383519344163,0.1784890131805876
left_right,right_wrist_f110,0.014209481752756952,-1.0093433885990062
left_right,right_wrist_f120,0.014504064248218675,-3.1034088132293176
left_right,right_wrist_f130,0.016182597535178596,-15.035409439419112
left_right,right_wrist_f140,0.016176898264996426,-14.994895679036297
left_right,right_wrist_f150,0.01760510092291896,-25.147399142057875
left_right,right_wrist_f160,0.01610950133318853,-14.515798696699072
left_right,right_wrist_f170,0.015561910088193399,-10.623198455203847
left_right,right_wrist_f180,0.014749563084209273,-4.848558753075954
left_right,right_elbow_f100,0.014355671557873446,-2.048546399789705
left_right,right_elbow_f110,0.01392900069515806,0.9844807320806236
left_right,right_elbow_f120,0.014417472381312331,-2.4878629565124997
left_right,right_elbow_f130,0.016489486128118538,-17.216953833907684
left_right,right_elbow_f140,0.015604677186718359,-10.927212114238495
left_right,right_elbow_f150,0.014995467053202259,-6.596588616291241
left_right,right_elbow_f160,0.015704827345066456,-11.639138271083922
left_right,right_elbow_f170,0.015665029014483554,-11.356228358527726
left_right,right_elbow_f180,0.015736814847173746,-11.86652422651273
left_right,right_shoulder_f100,0.01476564701894685,-4.9628928093924385
left_right,right_shoulder_f110,0.01499894168561269,-6.621288344571359
left_right,right_shoulder_f120,0.014786035194564557,-5.1078239383293775
left_right,right_shoulder_f130,0.015214523584122248,-8.153771118666414
left_right,right_shoulder_f140,0.015463717492506208,-9.92518780368512
left_right,right_shoulder_f150,0.0170387226088573,-21.12124937753111
left_right,right_shoulder_f160,0.017379854091005464,-23.54621234384619
left_right,right_shoulder_f170,0.01943102467220761,-38.12713775620622
left_right,right_shoulder_f180,0.023331283550653052,-65.85246899714963
left_right,left_wrist_f100,0.014054411845253226,0.09298460680751512
left_right,left_wrist_f110,0.013830299486365815,1.6861069043251786
left_right,left_wrist_f120,0.014404815720264228,-2.3978919748675906
left_right,left_wrist_f130,0.015815378257135394,-12.4249990951022
left_right,left_wrist_f140,0.015100759059538183,-7.345066049115028
left_right,left_wrist_f150,0.01498475481066213,-6.520439703612718
left_right,left_wrist_f160,0.014909752257407516,-5.987277496254437
left_right,left_wrist_f170,0.014903305894807505,-5.941452964100364
left_right,left_wrist_f180,0.014724623214486686,-4.671271508635321
left_right,left_elbow_f100,0.014144438545113047,-0.5469780602699569
left_right,left_elbow_f110,0.013874281946596108,1.3734537403478877
left_right,left_elbow_f120,0.015290552788437597,-8.694231364851047
left_right,left_elbow_f130,0.014317450599513426,-1.776849375591088
left_right,left_elbow_f140,0.014523067020081298,-3.2384916784460227
left_right,left_elbow_f150,0.015488890136421725,-10.10412974382787
left_right,left_elbow_f160,0.015126355663845672,-7.527021748771391
left_right,left_elbow_f170,0.015352552641430407,-9.134962740559267
left_right,left_elbow_f180,0.015129392825830212,-7.548611680280584
left_right,left_shoulder_f100,0.01447413351619658,-2.890643587776578
left_right,left_shoulder_f110,0.014343662913147655,-1.9631818988286642
left_right,left_shoulder_f120,0.014381748690077563,-2.233917974012281
left_right,left_shoulder_f130,0.014332223558542837,-1.881864246466162
left_right,left_shoulder_f140,0.014881020766407103,-5.783037180455161
left_right,left_shoulder_f150,0.016275088666233877,-15.692890731117185
left_right,left_shoulder_f160,0.01552856365243124,-10.386152401076485
left_right,left_shoulder_f170,0.01577581147670618,-12.143735177058144
left_right,left_shoulder_f180,0.020844698969765766,-48.176365099348615
left_right,right_hip_f100,0.016562828601548917,-17.73831521869295
left_right,right_hip_f110,0.015209087413475238,-8.115127624332336
left_right,right_hip_f120,0.014695982136594371,-4.467673902319864
left_right,right_hip_f130,0.014848698476048791,-5.553271353473101
left_right,right_hip_f140,0.014928328193138522,-6.119326159510838
left_right,right_hip_f150,0.016261896486356304,-15.599112967052042
left_right,right_hip_f160,0.018136968830470904,-28.928228664631174
left_right,right_hip_f170,0.019389451532091505,-37.831611454909876
left_right,right_hip_f180,0.023855406436535647,-69.5782423560314
left_right,left_hip_f100,0.01576571579460413,-12.07196913816019
left_right,left_hip_f110,0.015683765948702938,-11.48942149361502
left_right,left_hip_f120,0.01503512792781697,-6.878521411079638
left_right,left_hip_f130,0.015833098520867554,-12.550965139142544
left_right,left_hip_f140,0.014675059579617887,-4.318944076772559
left_right,left_hip_f150,0.015322778394073885,-8.92330990003336
left_right,left_hip_f160,0.016103362148023777,-14.472157762200352
left_right,left_hip_f170,0.017416172964397306,-23.804388230747335
left_right,left_hip_f180,0.021309667519460947,-51.481634687519694
left_right,right_knee_f100,0.015534333344381618,-10.427166760755654
left_right,right_knee_f110,0.015667278054024916,-11.372215852743267
left_right,right_knee_f120,0.014291210172468894,-1.5903170057183902
left_right,right_knee_f130,0.014682569299828837,-4.372327579474399
left_right,right_knee_f140,0.014424247100909712,-2.536021643090957
left_right,right_knee_f150,0.01571061378363607,-11.680271675570115
left_right,right_knee_f160,0.017465434768810333,-24.15457007442591
left_right,right_knee_f170,0.015946206801331502,-13.355005239990009
left_right,right_knee_f180,0.018667526260434945,-32.699742542694494
left_right,right_ankle_f100,0.014574653827053622,-3.6052010060946382
left_right,right_ankle_f110,0.014159069780365017,-0.65098547528204
left_right,right_ankle_f120,0.014177351382205952,-0.7809418403469626
left_right,right_ankle_f130,0.014128986779640798,-0.4371378344472437
left_right,right_ankle_f140,0.01479007347209194,-5.136530387203399
left_right,right_ankle_f150,0.014936401795932471,-6.176718070854751
left_right,right_ankle_f160,0.015369422486125078,-9.254883506518642
left_right,right_ankle_f170,0.015977806747216848,-13.579636218130698
left_right,right_ankle_f180,0.017458551058394823,-24.105636617087605
left_right,neck_f100,0.014584920860938213,-3.6781851141202395
left_right,neck_f110,0.014563101597084148,-3.523080969333675
left_right,neck_f120,0.014426429406688522,-2.551534754520794
left_right,neck_f130,0.01458742870170591,-3.6960123194804293
left_right,neck_f140,0.014904324402763307,-5.948693116953351
left_right,neck_f150,0.01602157104890145,-13.89073858301213
left_right,neck_f160,0.01634611492661409,-16.19778711292653
left_right,neck_f170,0.017353131624752903,-23.356253356118053
left_right,neck_f180,0.022541161262171275,-60.235815628299164
left_right,nose_f100,0.014434902249585975,-2.6117646990464167
left_right,nose_f110,0.014451186337775082,-2.7275215636727155
left_right,nose_f120,0.014479001885594929,-2.9252508172911185
left_right,nose_f130,0.01453652009543251,-3.3341240407958708
left_right,nose_f140,0.015609887454360764,-10.964249757313414
left_right,nose_f150,0.01758683984744259,-25.017588690450097
left_right,nose_f160,0.019027863443162752,-35.26123091075349
left_right,nose_f170,0.017474076014236898,-24.215997123053327
left_right,nose_f180,0.02049430844182974,-45.685583396522915
left_right,mid_hip_f100,0.01590445476577543,-13.058207244817671
left_right,mid_hip_f110,0.015436522277574949,-9.731868240641566
left_right,mid_hip_f120,0.014871907720941711,-5.7182563000017925
left_right,mid_hip_f130,0.015236913679383195,-8.312933068417161
left_right,mid_hip_f140,0.01479653762160737,-5.182481359200861
left_right,mid_hip_f150,0.015731523563722864,-11.82891067547996
left_right,mid_hip_f160,0.01694942917553933,-20.486499199776613
left_right,mid_hip_f170,0.018384207702416906,-30.68574780219987
left_right,mid_hip_f180,0.022715168813471315,-61.47276352036882
left_right,right_wrist_f120_vel3,0.015527301386273003,-10.377179471729475
left_right,right_wrist_f120_vel5,0.015899636455209774,-13.023955862892015
left_right,right_wrist_f120_vel10,0.017829696955643584,-26.74395967733546
left_right,right_wrist_f140_vel3,0.01943639975465368,-38.16534699972291
left_right,right_wrist_f140_vel5,0.0194824166638953,-38.4924622223711
left_right,right_wrist_f140_vel10,0.019673720648018405,-39.852363319407864
left_right,right_wrist_f150_vel3,0.01917227126318482,-36.28776652509972
left_right,right_wrist_f150_vel5,0.019561771637200354,-39.056563988194355
left_right,right_wrist_f150_vel10,0.021987662704648418,-56.30122273921838
left_right,right_wrist_f160_vel3,0.02304660502805756,-63.82880682955313
left_right,right_wrist_f160_vel5,0.02238895438795172,-59.153839755311
left_right,right_wrist_f160_vel10,0.020031570871440106,-42.39617291980207
left_right,right_elbow_f120_vel3,0.016052110811963134,-14.107833158857968
left_right,right_elbow_f120_vel5,0.01621535748386191,-15.268286398869346
left_right,right_elbow_f120_vel10,0.019275529104527796,-37.02178391822207
left_right,right_elbow_f140_vel3,0.014991230718749027,-6.5664742624435055
left_right,right_elbow_f140_vel5,0.015069067027428414,-7.119780467996834
left_right,right_elbow_f140_vel10,0.01565901732386687,-11.31349373017095
left_right,right_elbow_f150_vel3,0.018092015196070236,-28.60867182415305
left_right,right_elbow_f150_vel5,0.018453402877068068,-31.177627751010622
left_right,right_elbow_f150_vel10,0.01853217280749357,-31.737570688373694
left_right,right_elbow_f160_vel3,0.015355231887148057,-9.154008392992298
left_right,right_elbow_f160_vel5,0.015911762172876435,-13.110152587089027
left_right,right_elbow_f160_vel10,0.01680371291243291,-19.45066240336676
left_right,left_wrist_f120_vel3,0.01714290640670967,-21.861849013457764
left_right,left_wrist_f120_vel5,0.01686892375081906,-19.914219349483194
left_right,left_wrist_f120_vel10,0.015119711795418038,-7.479793229173527
left_right,left_wrist_f140_vel3,0.01667732408294772,-18.55221635867018
left_right,left_wrist_f140_vel5,0.016438187936844272,-16.85229615618267
left_right,left_wrist_f140_vel10,0.016263752445117186,-15.612306212172092
left_right,left_wrist_f150_vel3,0.01682474330359876,-19.600158777677233
left_right,left_wrist_f150_vel5,0.017001837463872186,-20.8590480994995
left_right,left_wrist_f150_vel10,0.01874538234832171,-33.25318935047278
left_right,left_wrist_f160_vel3,0.022361512789301204,-58.95876875205756
left_right,left_wrist_f160_vel5,0.022210921893503204,-57.888280202965625
left_right,left_wrist_f160_vel10,0.021568908498743388,-53.324471854445655
left_right,right_knee_f120_vel3,0.01658560561790027,-17.900227630843737
left_right,right_knee_f120_vel5,0.01624430324300272,-15.474049858478326
left_right,right_knee_f120_vel10,0.014893406526929921,-5.871082442030981
left_right,right_knee_f140_vel3,0.016776948075085337,-19.260402217005186
left_right,right_knee_f140_vel5,0.017207903875578127,-22.323889203702567
left_right,right_knee_f140_vel10,0.019194724890675228,-36.44738009925828
left_right,right_knee_f150_vel3,0.0251610574382773,-78.85957665627798
left_right,right_knee_f150_vel5,0.025135785829028225,-78.67993121240899
left_right,right_knee_f150_vel10,0.02266170417785046,-61.0927054835917
left_right,right_knee_f160_vel3,0.020448087748322352,-45.357019555604445
left_right,right_knee_f160_vel5,0.02097144024647988,-49.077316545986804
left_right,right_knee_f160_vel10,0.023728967145213633,-68.67943759895583
left_right,right_wrist+right_elbow_f140,0.019036020293667084,-35.31921459572509
left_right,right_wrist+right_elbow_f150,0.019005562613793717,-35.10270351540001
left_right,right_wrist+right_elbow_f160,0.016458077891259953,-16.993685636145038
left_right,right_wrist+right_shoulder_f140,0.016224054985294376,-15.33011334823324
left_right,right_wrist+right_shoulder_f150,0.017327324344080453,-23.17280004510172
left_right,right_wrist+right_shoulder_f160,0.019203899247308025,-36.512596815505646
left_right,right_elbow+right_shoulder_f140,0.018233105958391258,-29.61162784381775
left_right,right_elbow+right_shoulder_f150,0.015998832168970724,-13.729097266941665
left_right,right_elbow+right_shoulder_f160,0.017964707201199775,-27.70369181195173
left_right,right_wrist+left_wrist_f140,0.019747970727550856,-40.38017650152261
left_right,right_wrist+left_wrist_f150,0.01705928412821756,-21.2674127356176
left_right,right_wrist+left_wrist_f160,0.02158867554242604,-53.46498761271607
left_right,right_hip+right_knee_f140,0.0166383814342959,-18.2753891359342
left_right,right_hip+right_knee_f150,0.016966656959363776,-20.608964407334955
left_right,right_hip+right_knee_f160,0.018961682059279047,-34.79077475711193
left_right,right_shoulder+right_hip_f140,0.017582323121987327,-24.985481152649573
left_right,right_shoulder+right_hip_f150,0.017972151086846747,-27.75660732389956
left_right,right_shoulder+right_hip_f160,0.018357112126045814,-30.493136528572773
left_right,arm_chain_f140,0.017194071989018248,-22.225564028756057
left_right,arm_chain_f150,0.017254766574346096,-22.65701679514705
left_right,arm_chain_f160,0.019832397390091752,-40.98033081370167
left_right,body_alignment_f140,0.018952834272037818,-34.72787948793681
left_right,body_alignment_f150,0.053902634495633275,-283.17159007316917
left_right,body_alignment_f160,0.03219337311047359,-128.84940745444078
left_right,body_alignment_f170,0.01977686996725113,-40.58560927362128
left_right,right_wrist_multiframe_140,0.020203423860141956,-43.617804915266944
left_right,right_wrist_multiframe_150,0.02208642317221104,-57.00327015761323
left_right,right_elbow_multiframe_140,0.015316663941362794,-8.87984477834389
left_right,right_elbow_multiframe_150,0.01673678727662426,-18.974915669846066
