feature,importance_mean,importance_std,target,player_id,rank
phase_setup_mid_hip_vel_mean,0.1815979254199192,0.018053743168840692,angle,1,1
angle_f153_right_small_toe_vz,0.142357946629636,0.017063624914902483,angle,1,2
right_wrist_z_q25,0.1341832224978134,0.013039562599435308,angle,1,3
lr_f237_right_ankle_x,0.11851072951685637,0.02198998514335712,angle,1,4
right_knee_z_q25,0.11368423595558852,0.018639060679309465,angle,1,5
wrist_snap_angle,0.08759568638633937,0.016334622512979603,angle,1,6
angle_f153_right_knee_vz,0.0819060769630596,0.009522883933935212,angle,1,7
phase_load_mid_hip_vel_mean,0.06707383065950126,0.00531894994947003,angle,1,8
angle_f153_left_ankle_vz,0.06501787721645087,0.005902362954681454,angle,1,9
angle_f153_left_small_toe_vz,0.05899472467135638,0.0074833656699728555,angle,1,10
elbow_alignment,0.05668896965216845,0.004867669087791708,angle,1,11
depth_f102_left_second_finger_pip_y,0.05573642447125167,0.004177254699584651,angle,1,12
phase_setup_mid_hip_z_range,0.053380302037112415,0.005531629570216778,angle,1,13
angle_f153_left_hip_z,0.05306643925141543,0.0029288810447899325,angle,1,14
depth_f102_right_elbow_vel_mag,0.052961218054406345,0.00747298667894907,angle,1,15
angle_f153_left_small_toe_z,0.052916843141429123,0.0056190785173556405,angle,1,16
phase_propulsion_right_elbow_vel_max,0.04947578019928187,0.007276655256511985,angle,1,17
angle_f153_left_big_toe_z,0.048848056118004024,0.00397505599412965,angle,1,18
angle_window_left_knee_z_std,0.048593733157031235,0.005977603624006146,angle,1,19
depth_f102_right_shoulder_vel_mag,0.04653450183104724,0.005435317708089544,angle,1,20
phase_propulsion_mid_hip_vel_max,0.3263214597478509,0.04216971346075731,angle,2,1
left_wrist_z_std,0.2859272802248597,0.03654456923566019,angle,2,2
phase_propulsion_right_knee_vel_max,0.2821462104097009,0.035273427212373754,angle,2,3
right_wrist_vel_min,0.26496132705360653,0.021895707824982322,angle,2,4
angle_window_right_knee_z_std,0.25658706221729516,0.016480085331966432,angle,2,5
right_wrist_z_q75,0.20531298015266658,0.030580297943000073,angle,2,6
lr_elbow_deviation_f237,0.1960913384333253,0.017309344713443187,angle,2,7
lr_f237_left_ankle_x,0.1843035811558366,0.019764575481922588,angle,2,8
right_knee_z_q25,0.1794020587578416,0.01556331737602855,angle,2,9
right_elbow_vel_max_time,0.1665859052911401,0.01683679163220819,angle,2,10
right_knee_vel_max_time,0.15985611621290446,0.018538707882693187,angle,2,11
angle_f153_right_knee_vz,0.15074563417583703,0.016793002301510665,angle,2,12
phase_load_right_knee_vel_max,0.1352124521508813,0.016517758102830758,angle,2,13
phase_setup_right_elbow_vel_max,0.1322844171896577,0.014303748514364082,angle,2,14
wrist_jerk_mean,0.12918533850461245,0.006757029456896991,angle,2,15
phase_setup_mid_hip_vel_max,0.12155280131846666,0.02373192463289299,angle,2,16
right_elbow_z_q75,0.11030531693249941,0.016795453553656817,angle,2,17
angle_f153_right_big_toe_y,0.10187655556946992,0.005187367831434204,angle,2,18
neck_z_std,0.09975020308047533,0.013237403365106426,angle,2,19
angle_f153_right_ankle_y,0.09772020224481821,0.0061867572871171506,angle,2,20
neck_z_max,0.4347938555292785,0.04790959879495932,angle,3,1
left_wrist_z_max,0.3742912727408111,0.03482467289333346,angle,3,2
mid_hip_z_max,0.2914328697137535,0.04916303700935587,angle,3,3
right_elbow_z_q25,0.2799729797057807,0.026426402027378514,angle,3,4
right_elbow_vel_load_mean,0.2473392623476684,0.026376438496276532,angle,3,5
phase_load_right_elbow_vel_mean,0.24549261210486292,0.026213282975093486,angle,3,6
phase_setup_mid_hip_z_range,0.2387672352604568,0.019317390359463334,angle,3,7
phase_propulsion_mid_hip_vel_max,0.23685068814083934,0.020522824007128772,angle,3,8
right_wrist_z_min,0.2362736719660461,0.01666873869552499,angle,3,9
acceleration_at_release,0.21105729518458247,0.023524049127021267,angle,3,10
phase_setup_mid_hip_z_mean,0.18063796488568187,0.023430869485633315,angle,3,11
lr_hip_x_setup,0.16454951642081142,0.01857826404927672,angle,3,12
depth_f102_left_third_finger_pip_x,0.1620981010608375,0.010512622547476215,angle,3,13
angle_f153_left_big_toe_z,0.16168065695092082,0.01883248346225599,angle,3,14
right_wrist_z_range,0.15900161443278193,0.011858505735579743,angle,3,15
right_wrist_vel_min,0.15630923537537456,0.03012622707428663,angle,3,16
phase_setup_right_wrist_vel_max,0.14186657248064877,0.014827140751976834,angle,3,17
hip_lateral_range,0.12633468462154268,0.015954746677371186,angle,3,18
right_elbow_vel_min,0.1230276401154697,0.014982874512627899,angle,3,19
right_wrist_z_q25,0.12092998055741191,0.011769009592651446,angle,3,20
phase_setup_mid_hip_z_range,0.34232484865933654,0.034599589757993376,angle,4,1
angle_f153_right_small_toe_z,0.2832988740876317,0.047238426895054454,angle,4,2
knee_extension_rate_max,0.2705794068053365,0.043302710503459775,angle,4,3
phase_load_right_wrist_vel_max,0.2701089413836598,0.0357986612909578,angle,4,4
lr_elbow_deviation_f153,0.25227525401860473,0.02216209130381507,angle,4,5
depth_f102_right_elbow_y,0.25037609953433276,0.034155494638751796,angle,4,6
angle_f153_left_small_toe_z,0.24487705547362565,0.025084989024132365,angle,4,7
right_wrist_z_min,0.2167312206700444,0.014344048736346175,angle,4,8
right_wrist_z_range,0.18870895076543093,0.014779486300340405,angle,4,9
left_wrist_z_q25,0.17869017291814088,0.022915218165019714,angle,4,10
angle_f153_left_small_toe_vz,0.16197724211961032,0.020430287168801683,angle,4,11
depth_f102_right_wrist_vel_mag,0.15557068157941104,0.018415379895892082,angle,4,12
mid_hip_z_max,0.15389220062643288,0.02228935462485344,angle,4,13
lr_elbow_deviation_mean,0.1525778817012906,0.01513845476764568,angle,4,14
wrist_snap_angle,0.14791268575936556,0.01890585385259654,angle,4,15
right_elbow_z_q25,0.1363248424604535,0.00977707708816584,angle,4,16
right_wrist_vel_mean,0.13369766492396593,0.009136958220908013,angle,4,17
phase_propulsion_right_elbow_vel_max,0.13234556708484888,0.012138311394077063,angle,4,18
depth_f102_left_second_finger_pip_vel_mag,0.11521124038845301,0.008062532120289262,angle,4,19
phase_setup_right_elbow_vel_max,0.11401705686002969,0.015618385053722702,angle,4,20
left_wrist_z_max,1.4344060013070703,0.1723119734025158,angle,5,1
set_position_stability,1.3271896192803978,0.11551020444110162,angle,5,2
depth_f102_left_second_finger_mcp_vel_mag,1.2928350755944849,0.11971036700843343,angle,5,3
shoulder_rotation,1.1835782775655388,0.16111218724144785,angle,5,4
phase_load_right_knee_z_mean,1.0893809685483575,0.11679998340124037,angle,5,5
right_elbow_vel_max_time,1.073217243887484,0.15882521602339394,angle,5,6
right_wrist_z_range,0.9539996216073632,0.09088184456797674,angle,5,7
phase_setup_right_wrist_z_mean,0.830717564560473,0.10581293168166249,angle,5,8
right_wrist_z_min,0.707540119625628,0.0632662765349444,angle,5,9
angle_f153_left_big_toe_vz,0.6790515134111047,0.08284091765632667,angle,5,10
right_wrist_vel_mean,0.6541491398587823,0.042604895636933954,angle,5,11
depth_f102_left_second_finger_pip_y,0.6318442175164819,0.05387973095223803,angle,5,12
depth_f102_left_third_finger_pip_y,0.5627745339646936,0.05438669932494291,angle,5,13
right_knee_z_q75,0.5511251280084253,0.07668131025600128,angle,5,14
lr_elbow_deviation_f237,0.5303300866857171,0.051953969877861716,angle,5,15
phase_load_right_wrist_z_range,0.47629463765770197,0.04984605792575466,angle,5,16
mid_hip_z_q75,0.4738186487928033,0.06458690127451346,angle,5,17
knee_bend_depth,0.47198949549347163,0.05974680892599605,angle,5,18
right_wrist_vel_min,0.46376586649566887,0.061353441237445155,angle,5,19
phase_load_right_knee_vel_max,0.4305931100621819,0.055363573695986844,angle,5,20
lr_f237_right_ankle_x,0.665671008452773,0.12413304002650893,depth,1,1
angle_window_right_knee_z_std,0.5784171130508184,0.06982018505305686,depth,1,2
depth_f102_right_shoulder_x,0.52187923155725,0.06375647090224171,depth,1,3
lr_elbow_deviation_f153,0.49927460215985775,0.060634628809187324,depth,1,4
angle_f153_right_heel_x,0.4984850432723761,0.05162740620327852,depth,1,5
lr_f237_right_ankle_z,0.4426385696977377,0.0526866447685298,depth,1,6
angle_f153_left_small_toe_vz,0.4166574563831091,0.046559197188384895,depth,1,7
right_knee_vel_max_time,0.3630130644887686,0.04554811128651585,depth,1,8
right_elbow_vel_max_time,0.33781201504170894,0.04904648616337467,depth,1,9
angle_f153_left_big_toe_z,0.337253662571311,0.025271726435184983,depth,1,10
angle_f153_left_heel_vz,0.33366458378732206,0.038257822557437315,depth,1,11
phase_setup_mid_hip_z_range,0.3291051235049963,0.036008507446521454,depth,1,12
right_wrist_z_range,0.2904234003275633,0.03729445095250526,depth,1,13
right_hip_z_q25,0.28607811145484446,0.03131966360974587,depth,1,14
phase_setup_right_knee_z_range,0.2821472819894552,0.04120905031359982,depth,1,15
depth_f102_left_second_finger_pip_vel_mag,0.26981103532016276,0.02985676326416717,depth,1,16
right_elbow_vel_min,0.26824857406318187,0.028336999991315226,depth,1,17
angle_f153_left_big_toe_x,0.24512787871062755,0.03690582903718941,depth,1,18
angle_f153_left_big_toe_vz,0.23321349881589412,0.019911702089370605,depth,1,19
depth_f102_right_shoulder_y,0.2325327482074499,0.03101277103751039,depth,1,20
phase_load_mid_hip_vel_max,1.8384577509015798,0.11581743051515976,depth,2,1
right_elbow_vel_max_time,1.6309157606214284,0.14730128698445732,depth,2,2
phase_propulsion_right_knee_vel_max,1.2339974280446768,0.14949626410188896,depth,2,3
phase_setup_mid_hip_z_range,0.9030174549669028,0.09047638751888328,depth,2,4
depth_f102_right_wrist_vel_mag,0.873500096425414,0.10728716694181017,depth,2,5
knee_bend_depth,0.7825167831033468,0.06670047429821281,depth,2,6
right_knee_vel_max_time,0.7585437413305044,0.0842111928274259,depth,2,7
right_wrist_vel_min,0.6839294489473104,0.056676628161874014,depth,2,8
lr_f237_left_hip_z,0.574987256154418,0.04711246410633586,depth,2,9
lr_f237_mid_hip_z,0.5577614184468984,0.04600952982281886,depth,2,10
guide_hand_vx,0.5460923191159963,0.07556908189650381,depth,2,11
lr_f237_right_hip_z,0.5314575251191854,0.04287738593345224,depth,2,12
phase_setup_right_knee_z_mean,0.48916575871407986,0.05440602178181495,depth,2,13
angle_f153_left_big_toe_y,0.48481954298913477,0.0741529967288968,depth,2,14
left_wrist_z_q25,0.47282192669808865,0.06848328884123474,depth,2,15
wrist_snap_angle,0.4671393182128668,0.05026092803897962,depth,2,16
mid_hip_z_q25,0.4544207599014044,0.06806371449760049,depth,2,17
knee_extension_rate_max,0.4368956442922354,0.06347885250387907,depth,2,18
lr_f237_right_ankle_z,0.4315936919301748,0.04062634756821407,depth,2,19
angle_f153_right_heel_vz,0.4257600482553244,0.04520924435225003,depth,2,20
phase_load_right_knee_vel_max,0.3421861998736858,0.02324252256069986,depth,3,1
phase_setup_right_wrist_vel_max,0.24678941294550896,0.029274404792049027,depth,3,2
depth_window_right_wrist_y_std,0.2460911639034748,0.028647715427667975,depth,3,3
wrist_vy_release,0.24219959005713462,0.02862773245819493,depth,3,4
phase_propulsion_mid_hip_vel_mean,0.2292806886136532,0.02549809792368371,depth,3,5
depth_f102_right_shoulder_y,0.22209971621632577,0.02154036520873769,depth,3,6
angle_f153_right_big_toe_y,0.16853983029723169,0.015572467860769032,depth,3,7
lr_elbow_deviation_f237,0.16532843187451363,0.019797195761167355,depth,3,8
phase_setup_right_wrist_z_mean,0.16222564205527307,0.014465444539139697,depth,3,9
set_point_height,0.1510795533657074,0.015387012678308783,depth,3,10
release_velocity_mag,0.12951595485210418,0.011233752455627806,depth,3,11
depth_f102_left_third_finger_pip_vel_mag,0.1245237946510315,0.011086545941913202,depth,3,12
phase_setup_right_elbow_z_range,0.12031736373901367,0.0141538224610864,depth,3,13
angle_f153_right_small_toe_x,0.1066165030002594,0.01285283594719548,depth,3,14
velocity_magnitude_release,0.10298638418316841,0.00837555048621141,depth,3,15
peak_velocity_magnitude,0.102986291795969,0.008375562300289525,depth,3,16
angle_f153_left_small_toe_z,0.09573534354567528,0.009695616982801324,depth,3,17
phase_propulsion_right_knee_vel_mean,0.09398210123181343,0.0070461837997533435,depth,3,18
lr_hip_x_setup,0.08777216747403145,0.008953226184629764,depth,3,19
right_wrist_z_q25,0.08602402582764626,0.007349336193943893,depth,3,20
angle_f153_left_knee_angle,0.6341907350346446,0.05902045306253546,depth,4,1
phase_propulsion_right_wrist_vel_max,0.5584445683285594,0.04172192801993982,depth,4,2
depth_f102_right_elbow_y,0.44492905419319867,0.06418715543268207,depth,4,3
depth_f102_right_wrist_vel_mag,0.4341421900317073,0.05346206415771876,depth,4,4
right_knee_vel_min,0.41210541408509016,0.03761901818131418,depth,4,5
knee_extension_rate_max,0.4082378072664142,0.06569321086378171,depth,4,6
phase_propulsion_right_elbow_vel_max,0.4022535471245646,0.034022941379917106,depth,4,7
set_point_height,0.343272197060287,0.054909942723707104,depth,4,8
depth_f102_left_wrist_vel_mag,0.33149000983685256,0.040442835705492286,depth,4,9
angle_f153_right_small_toe_vz,0.32451121788471937,0.031750401039912744,depth,4,10
phase_follow_right_wrist_vel_max,0.31352956127375364,0.035014050860559684,depth,4,11
phase_follow_right_knee_z_mean,0.2975857762619853,0.03793488676680115,depth,4,12
lr_elbow_deviation_f153,0.2909755019471049,0.028904037114294793,depth,4,13
lr_f237_right_elbow_z,0.2764279780909419,0.0321553742471172,depth,4,14
depth_f102_right_shoulder_y,0.26790171694010495,0.03281737259682892,depth,4,15
phase_follow_mid_hip_z_mean,0.2598895771428943,0.03796340505738313,depth,4,16
angle_f153_right_knee_angle,0.2302904872223735,0.025037936385708386,depth,4,17
right_wrist_vel_mean,0.22750304769724608,0.01569780946310326,depth,4,18
phase_follow_right_elbow_vel_mean,0.22096977811306714,0.027391839568444702,depth,4,19
depth_f102_left_first_finger_mcp_vel_mag,0.21906056832522153,0.0224013688995332,depth,4,20
hip_vertical_velocity_max,1.6304393593221902,0.11984230179240976,depth,5,1
depth_f102_right_shoulder_vel_mag,1.5017841521650552,0.14650094102159975,depth,5,2
phase_propulsion_right_wrist_z_range,1.402011663094163,0.16659836553594196,depth,5,3
phase_propulsion_mid_hip_vel_max,1.2648976866155863,0.1543913977679279,depth,5,4
phase_load_mid_hip_vel_max,1.2038568500429392,0.1660917869937863,depth,5,5
depth_f102_left_thumb_y,1.0299040857702493,0.08717583971663811,depth,5,6
depth_f102_left_first_finger_mcp_y,1.0299040023237467,0.0871758493806014,depth,5,7
lr_elbow_deviation_f153,0.9841688279062509,0.05330689236327892,depth,5,8
knee_bend_depth,0.9006384972482919,0.10686076747578406,depth,5,9
phase_load_right_wrist_vel_max,0.8828524295240641,0.11145028038600503,depth,5,10
angle_f153_right_small_toe_z,0.8604199770838022,0.12645021674050763,depth,5,11
lr_f237_right_elbow_z,0.7480018083006144,0.08082760798050348,depth,5,12
depth_f102_left_third_finger_pip_y,0.6690294269472361,0.06571649870464094,depth,5,13
right_wrist_vel_min,0.6616830710321665,0.08514694155333638,depth,5,14
phase_load_right_elbow_vel_max,0.6143046263605356,0.07911121791096053,depth,5,15
angle_f153_right_hip_vz,0.6056822571903467,0.07276835781997357,depth,5,16
angle_f153_mid_hip_vz,0.6038633052259683,0.07237405814681022,depth,5,17
angle_f153_left_hip_vz,0.5912126693874598,0.07041487452466555,depth,5,18
set_position_stability,0.5542411062866449,0.04810819475354177,depth,5,19
depth_f102_left_second_finger_mcp_vel_mag,0.44984541870653627,0.050819603332417224,depth,5,20
phase_propulsion_mid_hip_vel_mean,1.0625400677323342,0.1003025488216591,left_right,1,1
phase_setup_right_elbow_vel_max,0.8998012915253639,0.06594895738264012,left_right,1,2
lr_f237_left_ankle_y,0.8691356018185615,0.11965100640051543,left_right,1,3
phase_propulsion_right_wrist_vel_max,0.8076015129685402,0.061960264793563,left_right,1,4
angle_window_left_ankle_z_std,0.7803287461400032,0.0392195293817628,left_right,1,5
phase_propulsion_right_elbow_vel_max,0.7236381843686104,0.11756836030238985,left_right,1,6
elbow_alignment,0.7215865567326546,0.05385472527714055,left_right,1,7
angle_f153_left_knee_vz,0.6422030463814735,0.0680051549332133,left_right,1,8
phase_setup_right_wrist_z_range,0.5745106145739556,0.055451723544798326,left_right,1,9
angle_f153_right_big_toe_vz,0.5464490756392479,0.07495708842112773,left_right,1,10
shoulder_rotation,0.5005903825163841,0.06141613532412445,left_right,1,11
lateral_offset,0.43553624898195265,0.08669910504530923,left_right,1,12
phase_setup_right_wrist_z_mean,0.39816149026155473,0.05957328155047956,left_right,1,13
hip_lateral_range,0.392126752436161,0.04796514479219732,left_right,1,14
phase_setup_right_knee_z_mean,0.3810271039605141,0.0351851177651128,left_right,1,15
left_wrist_z_range,0.3769272223114967,0.046192925513427935,left_right,1,16
lr_f237_right_elbow_x,0.3653320237994194,0.044544598299425836,left_right,1,17
wrist_y_release,0.3648415431380272,0.03626660887433074,left_right,1,18
neck_z_range,0.3146568849682808,0.03439688674093112,left_right,1,19
neck_z_min,0.3116884157061577,0.037542525420168095,left_right,1,20
neck_z_q75,3.403474539145827,0.5161878504103597,left_right,2,1
lr_elbow_deviation_f153,0.977907919511199,0.14626054455949722,left_right,2,2
right_elbow_vel_max_time,0.5823806758970023,0.04792703112761246,left_right,2,3
lr_hip_x_setup,0.5644895698875189,0.07628173324102347,left_right,2,4
phase_setup_mid_hip_vel_max,0.49889475367963315,0.10122968763971056,left_right,2,5
angle_f153_right_small_toe_vz,0.47663328908383845,0.04435538987756151,left_right,2,6
right_knee_vel_max_time,0.45925496481359007,0.0513273512085551,left_right,2,7
left_wrist_z_mean,0.4154705937951803,0.060432363771198525,left_right,2,8
lateral_offset,0.3868413414806128,0.04610552820872296,left_right,2,9
lr_f237_right_elbow_z,0.3803599026054144,0.03026464758656902,left_right,2,10
angle_f153_left_knee_z,0.37239716909825804,0.05542124645135572,left_right,2,11
neck_z_std,0.362170534953475,0.046539688844954845,left_right,2,12
right_shoulder_z_mean,0.35270560942590234,0.029040209598398092,left_right,2,13
angle_window_left_knee_z_mean,0.3425669874995947,0.05174686919791108,left_right,2,14
wrist_jerk_mean,0.3344467248767614,0.0225629339474859,left_right,2,15
phase_setup_right_elbow_vel_max,0.32718998454511167,0.03809209637859282,left_right,2,16
right_wrist_vel_release_mean,0.3057580407708883,0.03005505091307447,left_right,2,17
phase_follow_right_wrist_vel_mean,0.30381737016141414,0.029844176604605435,left_right,2,18
left_wrist_z_energy,0.2842151191085577,0.03627591468291004,left_right,2,19
phase_setup_right_elbow_z_range,0.28295162729918955,0.02978353869310812,left_right,2,20
lr_f237_right_elbow_z,1.1667390627786518,0.06259347639069016,left_right,3,1
left_wrist_z_q25,0.7179671389982104,0.04027597765354486,left_right,3,2
right_elbow_z_q25,0.6151239974424243,0.05211509437251314,left_right,3,3
angle_f153_right_big_toe_vz,0.5385526699945331,0.08513640281854733,left_right,3,4
jerk_at_release,0.5375377846881747,0.082314817409044,left_right,3,5
phase_setup_right_elbow_vel_max,0.4968570007011294,0.061162800944910854,left_right,3,6
hip_lateral_range,0.47931127678602936,0.07323385555475374,left_right,3,7
neck_z_max,0.3544335199519992,0.046807283089170273,left_right,3,8
depth_window_right_wrist_y_std,0.3139137102290988,0.03873405558339217,left_right,3,9
angle_f153_right_big_toe_y,0.2883637798950076,0.0230068278351475,left_right,3,10
phase_setup_right_knee_z_mean,0.26482013147324324,0.04438972065077983,left_right,3,11
right_shoulder_z_q75,0.24586164187639953,0.022033502894577322,left_right,3,12
left_wrist_z_max,0.2400036348029971,0.0198567469475589,left_right,3,13
lr_hip_x_setup,0.2351106910035014,0.02805182751595298,left_right,3,14
phase_load_mid_hip_z_mean,0.22915607076138259,0.031338872000737004,left_right,3,15
phase_setup_right_elbow_z_mean,0.2254211289808154,0.019325232052509925,left_right,3,16
depth_window_left_wrist_y_std,0.22120843809098006,0.028170073193317522,left_right,3,17
right_knee_z_q25,0.21119890343397857,0.029328645565888687,left_right,3,18
neck_z_q25,0.20645250510424376,0.022155080614882545,left_right,3,19
release_vy,0.20376173537224532,0.022674941891272754,left_right,3,20
phase_propulsion_right_elbow_vel_max,0.9071591582149268,0.07764658568718452,left_right,4,1
depth_f102_right_shoulder_vel_mag,0.7778375532478095,0.11580900669926514,left_right,4,2
release_vy,0.7055393543094397,0.07039563890284627,left_right,4,3
left_wrist_z_q25,0.5828587856143713,0.0701814280777461,left_right,4,4
left_wrist_z_std,0.5535095747560262,0.07672626171317429,left_right,4,5
angle_f153_right_heel_vz,0.5476220514625311,0.06682187763324936,left_right,4,6
wrist_vy_release,0.4663393791764975,0.04208188292412783,left_right,4,7
right_wrist_vel_mean,0.45402206145226953,0.030681519544890085,left_right,4,8
wrist_snap_angle,0.44380728863179686,0.05597393743779899,left_right,4,9
angle_f153_left_big_toe_z,0.43750406466424463,0.06124747819233428,left_right,4,10
wrist_vel_smoothness,0.4292609836906195,0.041185600825467426,left_right,4,11
right_wrist_vel_std,0.4192701276391745,0.03971301094537557,left_right,4,12
phase_propulsion_right_wrist_vel_mean,0.41085003279149535,0.0370170357358719,left_right,4,13
right_wrist_vel_prop_mean,0.41054017208516597,0.03699283574587965,left_right,4,14
depth_window_left_wrist_y_std,0.4023392405360937,0.034888234870278735,left_right,4,15
trajectory_straightness,0.3992750760167837,0.047670459843792486,left_right,4,16
right_hip_z_std,0.37930608056485654,0.03624368189130228,left_right,4,17
phase_setup_right_wrist_z_mean,0.36670852564275264,0.05884427046501001,left_right,4,18
lr_elbow_deviation_f153,0.3513631161302328,0.03815795756974298,left_right,4,19
phase_load_right_wrist_vel_max,0.3479095306247473,0.043172058321667484,left_right,4,20
lr_elbow_deviation_mean,0.6354613164439797,0.06171751868923413,left_right,5,1
phase_setup_right_knee_z_range,0.6037882724776864,0.05603428678480222,left_right,5,2
depth_f102_left_second_finger_mcp_vel_mag,0.6024206796661019,0.05401624446355272,left_right,5,3
lr_f237_left_ankle_z,0.6001441041007638,0.08246898518254143,left_right,5,4
release_vy,0.5902979889884591,0.0442414892466987,left_right,5,5
lr_f237_right_elbow_x,0.5401513764634729,0.04113914337939643,left_right,5,6
forward_position,0.49249343369156123,0.055039015896779626,left_right,5,7
set_point_height,0.44922162089496853,0.036476881589028336,left_right,5,8
release_wrist_y,0.4287902245298028,0.06334665058700772,left_right,5,9
phase_propulsion_right_knee_vel_max,0.4284668007865548,0.05153609132362196,left_right,5,10
right_elbow_z_q25,0.4022136041894555,0.032708573296188814,left_right,5,11
right_wrist_z_max,0.3857861110940576,0.05597881629475981,left_right,5,12
depth_f102_left_second_finger_pip_y,0.384424520470202,0.031133829070734347,left_right,5,13
angle_window_left_ankle_z_std,0.37430026326328514,0.041735872010043945,left_right,5,14
phase_setup_mid_hip_z_mean,0.3535905698314309,0.0442151954053288,left_right,5,15
depth_window_left_wrist_y_std,0.34781539235264064,0.04712993563100352,left_right,5,16
shoulder_rotation,0.34487438295036554,0.047402190109388245,left_right,5,17
phase_load_right_wrist_vel_max,0.3177793571725488,0.038739125869361644,left_right,5,18
right_elbow_z_max,0.3151364767923951,0.041538142883996744,left_right,5,19
lr_f237_right_hip_x,0.28818861190229655,0.03588067809896574,left_right,5,20
