frame,target,mean_r2,median_r2,std_r2,max_r2,best_feature,n_significant_features
0,angle,0.03658130423760974,0.008235864056229794,0.07568534332307766,0.41045472796668425,left_eye_x,93
1,angle,0.03668147033902921,0.008600431687523018,0.07566660896458542,0.41045007147381274,left_eye_x,93
2,angle,0.03700191931839616,0.008311697227727347,0.07576999236921164,0.41102137356057533,left_eye_x,93
3,angle,0.03739152537534026,0.008267814687281353,0.07594854435722756,0.4115043125670277,left_eye_x,93
4,angle,0.03798072979028263,0.008846576795822193,0.07617610356441848,0.41225178351861014,left_eye_x,96
5,angle,0.03872872913173106,0.009773524135138453,0.07638542526362149,0.4131069057231724,left_eye_x,97
6,angle,0.039507305980942965,0.009920328688402782,0.07653627506948577,0.414151629581792,left_eye_x,94
7,angle,0.04042193796477919,0.010143198919719418,0.07669810426149387,0.41525007086346766,left_eye_x,95
8,angle,0.04141642434474163,0.010838457033335218,0.0768407862022282,0.41617006374391274,left_eye_x,99
9,angle,0.042505561694525136,0.011421375281948856,0.07693398777212165,0.4167757760300836,left_eye_x,106
10,angle,0.04373835107672801,0.012318573208515452,0.07705719316004286,0.41717642821989875,left_eye_x,114
11,angle,0.04503844535306521,0.014210819150314689,0.07714671898625139,0.41771011028586297,left_eye_x,115
12,angle,0.046485342303575254,0.016697479943718764,0.07726827833630849,0.41812252315323284,left_eye_x,123
13,angle,0.048106476334399614,0.018588558558679368,0.07731832770051301,0.4184375703581108,left_eye_x,128
14,angle,0.04978777248668853,0.020456407321979446,0.07754441048922953,0.4194158343369292,left_eye_x,131
15,angle,0.05150031390896145,0.022253840552651654,0.07768449793646348,0.4204517952586914,left_eye_x,135
16,angle,0.0530991594943806,0.024376893591631088,0.07764575639888109,0.42060882344211437,left_eye_x,142
17,angle,0.05472980763137265,0.026870704002712714,0.0777106633915843,0.4213913592472505,left_eye_x,146
18,angle,0.05631563321587067,0.02939414987430466,0.07779052747748044,0.4219830691263574,left_eye_x,151
19,angle,0.057944919759167136,0.031534624921568,0.0777887149275564,0.42216462845629477,left_eye_x,152
20,angle,0.05933188881552905,0.033812299065686786,0.07762291533276075,0.42270445406398066,left_eye_x,153
21,angle,0.06081543642106482,0.03638942591660118,0.0776695802124391,0.4233812177836578,left_eye_x,157
22,angle,0.06212687577899247,0.03870491281638842,0.077684387938845,0.42436518312268584,left_eye_x,160
23,angle,0.06323342132585533,0.042601985506245145,0.07767464324772977,0.42547791311469485,left_eye_x,163
24,angle,0.06420979049869763,0.04496828626233704,0.07762483151200505,0.42728873185549165,left_eye_x,165
25,angle,0.06541037972137814,0.046731230570007526,0.07779405456762267,0.42994291769396303,left_eye_x,164
26,angle,0.06656751883370102,0.04602946697840384,0.07789116804899619,0.4323723105805523,left_eye_x,165
27,angle,0.0672981742159579,0.04923527591527407,0.07758965544631978,0.43434322868330993,left_eye_x,162
28,angle,0.06818771995286081,0.0496501859727878,0.07746193718076315,0.43702414151389046,left_eye_x,161
29,angle,0.06925836843921118,0.050862545138021374,0.07747102564026158,0.43957186436489226,left_eye_x,161
30,angle,0.07041051583784914,0.05261710547037404,0.07756728605029883,0.44097696833244626,left_eye_x,163
31,angle,0.07111727596275953,0.053676721518818665,0.07765336959409447,0.44305060429968296,left_eye_x,164
32,angle,0.07162758646724059,0.055071806611609,0.07781416783410292,0.4445879979856409,left_eye_x,160
33,angle,0.07206189495051069,0.0552898721469685,0.0780000546744339,0.44578227546733834,left_eye_x,160
34,angle,0.07242178159604129,0.05435545900983418,0.07842870111635553,0.4465592546704025,left_eye_x,160
35,angle,0.07289243084523309,0.05260756967874222,0.07890392010867632,0.4471352338554434,left_eye_x,160
36,angle,0.07318098208513296,0.053093126654614256,0.07949134853882288,0.44739857682728523,left_eye_x,158
37,angle,0.07329536766920892,0.05324137429988149,0.08004298685319985,0.44684824364820147,left_eye_x,157
38,angle,0.07338114322296158,0.05382762658078763,0.08064359193620559,0.44576807320300094,left_eye_x,156
39,angle,0.07344164761345026,0.05116949673301247,0.08121886200484917,0.4443903610978881,left_eye_x,156
40,angle,0.07336009492801347,0.0484568381916252,0.08183714067574563,0.44307718682942315,left_eye_x,154
41,angle,0.07330259797523662,0.046840297304599904,0.08244923118175251,0.44098340342102954,left_eye_x,152
42,angle,0.07325811990404124,0.04727527546120507,0.08306674597840304,0.4385666499227497,left_eye_x,151
43,angle,0.07322739200684097,0.04650186062211202,0.08367918337086468,0.43642285010411447,left_eye_x,149
44,angle,0.07324374782182531,0.04477326744689827,0.08438306583417036,0.434248487622975,left_eye_x,149
45,angle,0.07334443062733725,0.04326395250150968,0.08508342052888118,0.43179899099716607,left_eye_x,149
46,angle,0.07370983615494159,0.040439619144038,0.08606354743312024,0.4297525854704713,left_eye_x,149
47,angle,0.07409660489894293,0.038406980483411984,0.08704740410048623,0.4265999771540541,left_eye_x,149
48,angle,0.07465755751290529,0.03789304111772748,0.08818352378485116,0.4233271813132984,left_eye_x,148
49,angle,0.07533618054406216,0.03656914361675752,0.08939665251400795,0.4186344676413655,left_eye_x,147
50,angle,0.07629212966326994,0.03774659318888142,0.0907774425943307,0.41475137005639384,left_eye_x,146
51,angle,0.0773500615965565,0.03943606247088403,0.09216211079990749,0.4103009222715734,left_eye_x,145
52,angle,0.07836656745548426,0.0397925475975357,0.09341275999848012,0.4051440422879263,left_eye_x,144
53,angle,0.0794416859953941,0.03700764291153157,0.09454454582570324,0.3995915167853715,left_eye_x,143
54,angle,0.08032910785275944,0.0384922919215167,0.0952428562491416,0.3938930988486154,left_eye_x,142
55,angle,0.0807760600658117,0.039074233736019134,0.09519056514362512,0.38740782439173443,left_eye_x,141
56,angle,0.08057649694424256,0.04263853205992201,0.09400453913317644,0.3798061482785575,left_eye_x,139
57,angle,0.07972417725775433,0.04715615754194846,0.09181324204285125,0.3721069346526624,left_eye_x,140
58,angle,0.07779728760454149,0.04856078538157477,0.0883045621614808,0.36166771033241535,left_eye_x,136
59,angle,0.07500354609355359,0.046131408235534736,0.08382267720681769,0.35043665901592425,left_eye_x,134
60,angle,0.07133844152370512,0.049788194017314234,0.07872067441627183,0.33680335383452337,left_eye_x,133
61,angle,0.06731321074963974,0.04552580814951523,0.07392214671846445,0.3226041911812878,left_eye_x,131
62,angle,0.06318817227917556,0.04225765108685822,0.07007445206801968,0.30690779168625526,left_eye_x,127
63,angle,0.0590977360327085,0.033873022447348626,0.06735919099572672,0.2899442862713632,left_eye_x,128
64,angle,0.05545471732968963,0.02591069702687829,0.06602790915768258,0.27167411936614966,left_eye_x,126
65,angle,0.0525388499130298,0.020345387686608186,0.06588999238912095,0.2723190311563698,right_shoulder_z,128
66,angle,0.05044630683540698,0.01725113409888527,0.06638485806218292,0.27951846718682166,right_shoulder_z,125
67,angle,0.04935197189679477,0.0179873796921042,0.06736550204476334,0.28741453789364974,right_elbow_z,125
68,angle,0.04918108660042209,0.015919553501303526,0.06834621542163691,0.29964769231954097,right_elbow_z,120
69,angle,0.04996200886152471,0.014824256701173927,0.0691493299422029,0.31053079030697606,right_elbow_z,123
70,angle,0.05160317924844209,0.020001670567475382,0.06955287562556202,0.32031465008127563,right_elbow_z,137
71,angle,0.05432014451781252,0.027527708191691626,0.06966150992788946,0.3286846157231605,right_elbow_z,145
72,angle,0.05815287586700342,0.036528388856234384,0.06974255531136363,0.3355606784886764,right_elbow_z,151
73,angle,0.06295394674016469,0.044415758527714476,0.0702790374930462,0.34084987972095754,right_elbow_z,154
74,angle,0.06884754074438679,0.051225458532828345,0.07195117333565139,0.3449555887067812,right_elbow_z,158
75,angle,0.0755662886582446,0.056738570238453696,0.07529084237087251,0.3476474741871162,right_elbow_z,164
76,angle,0.08304026645470605,0.058976134392268204,0.08064610186061602,0.34957201002348204,right_elbow_z,170
77,angle,0.09066066994038849,0.05991916906429966,0.0875197699170405,0.35126860275688154,right_shoulder_z,176
78,angle,0.09807520316536612,0.05948781182200866,0.0951242361028689,0.35862015042168033,right_shoulder_z,180
79,angle,0.10509745318177124,0.05799889200244445,0.10272848408628656,0.3663990312187672,right_shoulder_z,183
80,angle,0.11114787289259258,0.05955894234519049,0.10956481940037657,0.37451338849636234,right_shoulder_z,186
81,angle,0.11663761720013041,0.0589339156428336,0.11567031224527738,0.38283925215511644,right_shoulder_z,187
82,angle,0.12149937733721415,0.059600266900081654,0.12099856736507392,0.3911419114536492,right_shoulder_z,186
83,angle,0.12578537118945718,0.05876439526017175,0.1255668987724038,0.39914206957366644,right_shoulder_z,187
84,angle,0.12951056998888047,0.05989187525383935,0.12932204216556828,0.40654924682732413,right_shoulder_z,188
85,angle,0.1328971137343762,0.06147950621820913,0.132601962124249,0.4130323140647543,right_shoulder_z,188
86,angle,0.13585799568309795,0.06242104481823851,0.13543072929463806,0.41828083150552303,right_shoulder_z,188
87,angle,0.1382252761173059,0.06085018825525843,0.1376379435699128,0.4220172046577312,right_shoulder_z,188
88,angle,0.14031004440081504,0.05978982238304005,0.13959462731249483,0.4302579801658021,right_knee_z,187
89,angle,0.14188967733864224,0.06144276975591759,0.14111380851588845,0.4403653720756838,right_knee_z,187
90,angle,0.1431600582880684,0.06272709768181328,0.14236000963588394,0.44581451453470333,right_knee_z,188
91,angle,0.14388145679722128,0.06399766919873373,0.1430439961284632,0.4461559445001879,right_knee_z,186
92,angle,0.14402525967576998,0.06556912108302605,0.14323904620839803,0.44193339975210594,right_knee_z,184
93,angle,0.1433100956311568,0.06749354312411772,0.1424591832752959,0.43398799289011364,right_knee_z,184
94,angle,0.14191060821247728,0.06618327627979,0.14086381650960247,0.42320403410748236,right_knee_z,182
95,angle,0.13933636167111407,0.06695470715116436,0.13796887464977203,0.41097287645692426,right_knee_z,180
96,angle,0.13509675442241298,0.06766482719576361,0.1329474914181256,0.4001978462570678,left_second_finger_distal_x,176
97,angle,0.12837991646175334,0.0670349283087411,0.12548041337548899,0.4032882316815,left_second_finger_distal_x,175
98,angle,0.11956389853984348,0.06558084195432765,0.11690617524459808,0.40347967097572496,left_second_finger_distal_x,174
99,angle,0.10899318564324023,0.06270035657646295,0.10899449628166541,0.399275246652969,left_second_finger_distal_x,173
100,angle,0.09785224557928857,0.058392861121565255,0.10301011023041351,0.3840678841962386,left_second_finger_distal_x,171
101,angle,0.0877213424124217,0.0448531631834309,0.09862212843763046,0.3633684626641371,right_small_toe_x,167
102,angle,0.07890091136646876,0.040684399781845015,0.09434518513489494,0.3682686243906073,right_small_toe_x,155
103,angle,0.07226790716752553,0.03951370107661075,0.08995788570528915,0.371976986059515,right_small_toe_x,146
104,angle,0.06743152049176106,0.03963621563732541,0.08569627909963352,0.3742295942509054,right_small_toe_x,149
105,angle,0.06452166350762677,0.03994692382872919,0.0823052303645512,0.37487599564506496,right_small_toe_x,156
106,angle,0.06343991568792257,0.038973755194673436,0.08041431340050867,0.37558675606780817,right_small_toe_x,161
107,angle,0.06373883582391178,0.03861170934044225,0.0800073645181769,0.37513849776136904,right_small_toe_x,149
108,angle,0.06506949936830839,0.03631445108046418,0.08067957419645741,0.3734247347551139,right_small_toe_x,139
109,angle,0.06737351304917862,0.03446278876720783,0.08258246453387913,0.3690520598469883,right_small_toe_x,141
110,angle,0.0701319967846634,0.03044900295187794,0.08540164896630427,0.3631711226097603,right_small_toe_x,137
111,angle,0.07261465277440182,0.028369024887943687,0.08873102086300409,0.3550379319150813,right_small_toe_x,141
112,angle,0.07457323693069026,0.029033827677838783,0.09224298320941222,0.34491894814887414,right_small_toe_x,141
113,angle,0.07540339763666677,0.031926845449106386,0.09471531218145303,0.33252406384963906,right_small_toe_x,145
114,angle,0.07439566572348524,0.04030538452764458,0.09433265181459101,0.32423516051336354,right_fourth_finger_distal_x,150
115,angle,0.07094685100136433,0.04798092717552326,0.08893292920196631,0.31371529651435276,right_fifth_finger_distal_x,144
116,angle,0.0648721028442953,0.0362173914868092,0.07726045845012947,0.290289997612457,right_small_toe_x,131
117,angle,0.05722994625420473,0.034497947236300085,0.06197027573512436,0.2759524324139745,right_small_toe_x,130
118,angle,0.050117745276345826,0.028539320264115212,0.049657607784122065,0.2640575185643647,right_small_toe_x,160
119,angle,0.0458915233599687,0.028152364705791848,0.046480229109327025,0.25372064015911017,right_small_toe_x,164
120,angle,0.046015815763951494,0.027076570622307342,0.05036544961269309,0.2451214351258968,right_small_toe_x,153
121,angle,0.05056079638466678,0.028836240460432795,0.056542266908445785,0.2507098278861065,right_eye_x,134
122,angle,0.05807763469595705,0.028521289582669758,0.06381660728375065,0.28520545944202513,left_heel_z,136
123,angle,0.06697677439951209,0.028741866001865672,0.07199027325449656,0.35073323242565724,left_heel_z,169
124,angle,0.07573093559280425,0.031445334291386434,0.08028383975947283,0.39996466301371314,left_heel_z,173
125,angle,0.08362518215372794,0.0374422724517507,0.08807554463798832,0.4321527646743953,left_heel_z,167
126,angle,0.090143109163398,0.04418933636699823,0.09461045669430297,0.4482621044690044,left_heel_z,162
127,angle,0.09477893953917282,0.04857917278978164,0.09929709763072236,0.45269977460937827,left_heel_z,161
128,angle,0.09724666261645357,0.0511368754294381,0.1018193011422393,0.4490396067405367,left_heel_z,159
129,angle,0.09749618558357181,0.05091594366199508,0.10220262136091325,0.46596922451404815,right_elbow_x,161
130,angle,0.09568041931550858,0.05041188549188495,0.10061965453185844,0.5208698196351471,right_elbow_x,166
131,angle,0.09202872415578284,0.049167312871852366,0.09749697584100189,0.5558044311237252,right_elbow_x,168
132,angle,0.08673420528273532,0.04619028382870277,0.09326808168784262,0.5750158384273668,right_elbow_x,168
133,angle,0.08033453715080896,0.04319558119122017,0.08848587109400048,0.5821278702789247,right_elbow_x,163
134,angle,0.07343870368599899,0.03697430538858076,0.08349572567327321,0.5794385171998445,right_elbow_x,157
135,angle,0.06659690537068474,0.031577658002731775,0.07863604133659197,0.57153889349649,right_elbow_x,150
136,angle,0.0603573287081559,0.027550159747627236,0.07416330525368371,0.5611327754333759,right_elbow_x,146
137,angle,0.05518113519002877,0.021386721265894887,0.07019533094063884,0.549235368805831,right_elbow_x,136
138,angle,0.05138044477716424,0.023427370167548523,0.06697011365964972,0.5366102762608698,right_elbow_x,132
139,angle,0.04923304519798158,0.028398552118681385,0.06470209010802523,0.524498165014458,right_elbow_x,127
140,angle,0.048976442570057094,0.033256449812892684,0.06335156007865471,0.511878795905763,right_elbow_x,134
141,angle,0.05073044347356974,0.02916436213945961,0.06280210949707028,0.4976420184733545,right_elbow_x,143
142,angle,0.05451853159331964,0.03010900673742902,0.062968076077783,0.4821757411819474,right_elbow_x,163
143,angle,0.06046388293990831,0.03660067384959169,0.06404240890134104,0.4659179404406723,right_elbow_x,174
144,angle,0.06850703723894641,0.0497121312982341,0.06608284783452852,0.4480409239349515,right_elbow_x,174
145,angle,0.07860845553275318,0.0669339753534796,0.06930081051494089,0.4285722655973188,right_elbow_x,166
146,angle,0.09041186042183144,0.07813341941360384,0.07393702192468112,0.40722257748812696,right_elbow_x,169
147,angle,0.10324754803977787,0.09402172233164491,0.08040640300819187,0.38565205177440387,right_elbow_x,170
148,angle,0.11594995318904106,0.10391614896409515,0.08856940409531366,0.36454903458841076,right_elbow_x,173
149,angle,0.12749087775201445,0.10683595471213195,0.09785844825936721,0.34537754785390223,right_elbow_x,175
150,angle,0.13661415511817585,0.1114894216541262,0.106727554457974,0.3552530715586553,left_ankle_z,176
151,angle,0.14256544652226918,0.12613868054180782,0.11360786053679799,0.39391116910204294,left_ankle_z,175
152,angle,0.14515064445532366,0.1264132715351422,0.11750743565343873,0.42513523599109276,left_ankle_z,173
153,angle,0.14523440557457337,0.12514080016306534,0.11883486316077067,0.4496684352131554,left_ankle_z,172
154,angle,0.14362385152488072,0.1365089121271991,0.11821317097625829,0.4685502035793038,left_ankle_z,169
155,angle,0.14104458638713493,0.14295369803808453,0.11642480123858748,0.48239507062474885,left_ankle_z,163
156,angle,0.13840120493441,0.1407333167263401,0.11405343203971312,0.49141848626711143,left_ankle_z,158
157,angle,0.13615909431210635,0.13912147782089604,0.11161190481950649,0.49546393444900305,left_ankle_z,153
158,angle,0.13437688431439912,0.1451905869541669,0.10932207291511549,0.4949783627086701,left_ankle_z,152
159,angle,0.13322561850966885,0.15048931691689993,0.10743594705139368,0.4903085889149811,left_ankle_z,152
160,angle,0.13261378796846085,0.15438602000074356,0.1059459696087733,0.4803881362914639,left_ankle_z,156
161,angle,0.13199695281657703,0.15214755145675013,0.10461658113100013,0.46502865083711176,left_ankle_z,161
162,angle,0.13109785287175238,0.14863558946311892,0.10324261922503868,0.444405535937133,left_ankle_z,164
163,angle,0.12989575246035376,0.14501566892404594,0.10160178128908705,0.4194134052278719,left_ankle_z,170
164,angle,0.1284612838754048,0.1465181324320096,0.0997332875570293,0.3912770545678955,left_ankle_z,173
165,angle,0.1265909606799226,0.14592011579957928,0.09748104555542424,0.36156353475473724,left_ankle_z,176
166,angle,0.12451261052802515,0.1449229988790955,0.09478389171642898,0.33288733736439324,left_ankle_z,177
167,angle,0.12216311256296616,0.1427916841787887,0.09172309324279451,0.30992341695520703,left_knee_z,176
168,angle,0.11967032220782356,0.14088143326225222,0.08833304388097205,0.29778566675670815,right_first_finger_ip_y,176
169,angle,0.11708783785424853,0.1408291960781824,0.08483039423990489,0.2838413621727036,right_first_finger_ip_y,175
170,angle,0.11453716458589748,0.13942294930762167,0.08148226191803584,0.27015419710324984,left_knee_z,174
171,angle,0.11201655011461914,0.1394135372590729,0.07833178895500165,0.2630015584503867,right_ear_z,172
172,angle,0.10967105773855107,0.13959372229284225,0.07569158099318155,0.26171879637511103,right_ear_z,172
173,angle,0.10758058641719925,0.13900818020431743,0.07366458850550883,0.26135612068052416,right_ear_z,165
174,angle,0.105698423936685,0.13959204494062846,0.07231510645759119,0.2616777938583878,right_ear_z,165
175,angle,0.10395071120754822,0.1365094305795984,0.07151977776945963,0.2624288371464451,right_ear_z,162
176,angle,0.10222739411159838,0.13447345177740092,0.07125127376226212,0.2634279913246723,right_ear_z,162
177,angle,0.10060768311266916,0.12807432498215807,0.07146198288418304,0.264562902729462,right_ear_z,159
178,angle,0.09898915830689467,0.12182417847840375,0.07192988814560967,0.2656105081203674,right_ear_z,157
179,angle,0.09730769725403636,0.11523102032467415,0.07255884227370409,0.2665366971120492,right_ear_z,154
180,angle,0.09565342735381982,0.10765935990155394,0.07317318317240258,0.2670395276780816,right_ear_z,150
181,angle,0.09396238694346702,0.10059614075709762,0.07360023622851626,0.2670158822636089,right_ear_z,149
182,angle,0.09228171700937007,0.09323538051005056,0.07388137245907658,0.2665170926965769,right_ear_z,149
183,angle,0.0907031916022215,0.08674213113179287,0.07401975651233206,0.2655478602543821,right_ear_z,150
184,angle,0.0891629592045072,0.08110482177405681,0.07398340639389217,0.2641711602123739,right_ear_z,150
185,angle,0.08743525095189127,0.0752524336023624,0.07357422777175811,0.26247939977666973,right_ear_z,152
186,angle,0.08561596302815752,0.06996517250209654,0.07291116516643413,0.26047988283688206,right_ear_z,152
187,angle,0.08361236783900043,0.06526693806374197,0.07187318732997079,0.2582315851965233,right_ear_z,152
188,angle,0.08141275536852394,0.06109887184974202,0.070504755915254,0.2558324192128646,right_ear_z,154
189,angle,0.07901603053746721,0.05750309167655709,0.06882800237354332,0.2534103652908407,right_ear_z,155
190,angle,0.07656327917812997,0.05449764126779845,0.06698342441106266,0.2510866196733554,right_ear_z,154
191,angle,0.07402493244331007,0.05212316127821812,0.06502856696303214,0.24892636879583235,right_ear_z,154
192,angle,0.07147633724389375,0.0500242116784136,0.06299781853268094,0.2469350737961097,right_ear_z,154
193,angle,0.06892024143642057,0.047944583799824955,0.060965321374788724,0.2450879377730885,right_ear_z,154
194,angle,0.06625987043709824,0.046251726563952225,0.05892642313719344,0.24342122500958852,right_ear_z,155
195,angle,0.06357747801991076,0.04478214224659332,0.056978317380041825,0.24200899243906526,right_ear_z,154
196,angle,0.06080073639170654,0.0432365589289373,0.05521734401233641,0.2408274716144925,right_ear_z,153
197,angle,0.057966468600719134,0.041771442920381666,0.05363921924937709,0.2398726888592158,right_ear_z,153
198,angle,0.05515145579234093,0.04020535737654953,0.052356553533030085,0.23912187453690661,right_ear_z,153
199,angle,0.052372003867869166,0.03818680890192321,0.05140735636201029,0.2384613111881406,right_ear_z,149
200,angle,0.04963234134427411,0.035883200433662214,0.050720031581971026,0.2378943539496827,right_ear_z,149
201,angle,0.04703089598316352,0.0323145620881795,0.05031299474877533,0.23742426323449917,right_ear_z,149
202,angle,0.04460424936657481,0.027541318933331085,0.05011302117165315,0.2370631237282749,right_ear_z,148
203,angle,0.04230547756755041,0.02290770764295586,0.05005118583322088,0.23664867955025282,right_ear_z,146
204,angle,0.04014337729787437,0.02120184877838786,0.050084310979940636,0.23617614580202176,right_ear_z,137
205,angle,0.03812387877252294,0.017634493351529112,0.05016369243921811,0.23565181464371493,right_ear_z,128
206,angle,0.03625060921244889,0.015845276203188954,0.05022029060077767,0.23494975585095026,right_ear_z,116
207,angle,0.03452885041544798,0.013786327166830674,0.05024846612552073,0.23419609284096382,right_ear_z,113
208,angle,0.03301739853374273,0.011521057180015499,0.05022674896957396,0.23339007675633655,right_ear_z,105
209,angle,0.031695107664805836,0.009761435612030262,0.0501288856335853,0.23251833712074324,right_ear_z,99
210,angle,0.030572863961011703,0.009137532079894381,0.04997145141372827,0.2316961748392693,right_ear_z,99
211,angle,0.029650433979743655,0.009143694055156932,0.04976437364991588,0.2308695786146538,right_ear_z,99
212,angle,0.028906670669502133,0.008620255695431815,0.04953296243595861,0.23006293893745877,right_ear_z,90
213,angle,0.02836129377465644,0.008202807226469202,0.0492693677490786,0.2292120529863569,right_ear_z,75
214,angle,0.028010398683276018,0.0073266166021073486,0.04901242421166484,0.22844913759166488,right_ear_z,73
215,angle,0.02781840549756836,0.006383577384067875,0.048669155311156405,0.2267585850019878,right_ear_z,72
216,angle,0.027734204684979346,0.0066201333815655555,0.04842719646372673,0.22619635217164985,right_ear_z,73
217,angle,0.027812765830326058,0.007476291417847555,0.04827165711941221,0.22591910842292195,right_ear_z,73
218,angle,0.027943763470317035,0.008143800537832398,0.048095161901835916,0.22558376485135728,right_ear_z,76
219,angle,0.028159859200440153,0.00913313969548614,0.0480140822845807,0.22557296426067003,right_ear_z,81
220,angle,0.02843871021059471,0.009911020215996377,0.04792276654579676,0.22537939637976828,right_ear_z,88
221,angle,0.028721001862296498,0.010276023047493121,0.04787788188103628,0.22531945171579326,right_ear_z,95
222,angle,0.029019759131381443,0.009989890515307989,0.04786754756428575,0.22525839739086742,right_ear_z,97
223,angle,0.0292962346985043,0.008981557262296873,0.047798419787700344,0.22482794835287856,right_ear_z,96
224,angle,0.028862189081383,0.008529971537291944,0.04616345401397798,0.2189040199383129,right_ear_z,93
225,angle,0.028827302337649123,0.006861411923716201,0.046111710592607144,0.21786749821953444,right_ear_z,92
226,angle,0.029282514147185825,0.005731909865289977,0.04632772344511282,0.21840754293063483,right_ear_z,92
227,angle,0.029811212674945194,0.004475283761520464,0.046678455516770384,0.21944981279578904,right_ear_z,93
228,angle,0.029391545447357,0.003835794049101853,0.04598096496591569,0.22045443642607995,right_ear_z,90
229,angle,0.030531221229141894,0.0043755917000548395,0.046741397496840156,0.22395421616302502,right_ear_z,91
230,angle,0.03269166464549283,0.005459319849680436,0.04852938776600476,0.22423680162615972,right_ear_z,94
231,angle,0.03326091620658474,0.006679337768827116,0.04807858342976858,0.22255563925428076,right_ear_z,93
232,angle,0.0343774221676839,0.0072818510055980765,0.04848152559638745,0.22446990115626123,right_ear_z,93
233,angle,0.03486749777439527,0.007988467516943968,0.04769224693737819,0.22150349070773262,right_ear_z,95
234,angle,0.03600797900001331,0.009506226964942443,0.047751002200310824,0.22133752604314777,right_ear_z,96
235,angle,0.03800329132297853,0.012677279025629094,0.048637130317313405,0.2243842824122296,right_ear_z,111
236,angle,0.0389956328450357,0.01608917700123251,0.04830285413218744,0.22245066448876685,right_ear_z,128
237,angle,0.04044209619190511,0.018184813626625936,0.04879172392597147,0.22424579096926375,right_ear_z,134
238,angle,0.04044125636172779,0.018517401669933715,0.048430257475936614,0.22339475365772923,right_ear_z,135
239,angle,0.04060284258588172,0.019127146003426784,0.04841444734380802,0.22336319522058906,right_ear_z,135
0,depth,0.011661342265247607,0.008833850649537225,0.01261336360132864,0.058447964743900765,right_elbow_z,72
1,depth,0.011702396518551511,0.008974311705175458,0.012618178161118423,0.05840503304580432,right_elbow_z,72
2,depth,0.011793560461318738,0.009018420353698464,0.012662703921270753,0.058598527755581005,right_elbow_z,74
3,depth,0.011901554909781101,0.009172008274780525,0.012726103818173618,0.05899510251282316,right_elbow_z,79
4,depth,0.012094606448245768,0.009531267255722984,0.012828888845856532,0.05941566831366253,right_elbow_z,85
5,depth,0.012270774389378286,0.010257763172027624,0.012964661786497106,0.06014529064997134,right_elbow_z,92
6,depth,0.012537239276659416,0.010363214761397814,0.013159834809853376,0.060779472483612026,right_elbow_z,98
7,depth,0.01279239097247043,0.010382852257774928,0.013379430956228672,0.06143926932904545,right_elbow_z,101
8,depth,0.013055659016038295,0.010204619320882244,0.013611303009650626,0.06201219711907777,right_elbow_z,101
9,depth,0.01331943052968477,0.009887022215304218,0.013837446261424718,0.06238068190952551,right_elbow_z,99
10,depth,0.013572436372936321,0.00988903376756949,0.014040330518865878,0.06264525559609338,right_elbow_z,97
11,depth,0.01376488068830453,0.009942287254803726,0.014175537278499396,0.06260126804048988,right_elbow_z,97
12,depth,0.013976328658171435,0.010439159078545725,0.014276222760385782,0.062382540953602614,right_elbow_z,99
13,depth,0.014219874413785513,0.01024489844326337,0.014333150415590672,0.06214436639636788,right_elbow_z,99
14,depth,0.014533237822595642,0.010653847245848762,0.01442490273862925,0.062210356652498425,right_elbow_z,102
15,depth,0.014933764796708772,0.011195020834243164,0.01457108522310698,0.06267996098151436,right_eye_z,104
16,depth,0.015118307752007648,0.011751144531172765,0.014638882133363092,0.06294074386453655,nose_z,104
17,depth,0.015325277113132104,0.011250908640615563,0.014751691212385634,0.0634214883781914,nose_z,105
18,depth,0.015417851239874795,0.012372987013792434,0.014823767895161046,0.06368761474855132,nose_z,106
19,depth,0.015637768824809956,0.01176555844822081,0.015045290818611098,0.06402937161218379,nose_z,106
20,depth,0.015850838461790563,0.011716120120070565,0.015333488078453314,0.06422528322506135,nose_z,105
21,depth,0.01609947091925603,0.0113591376058613,0.015687521213411017,0.06442250398404843,left_eye_z,104
22,depth,0.016361171976580397,0.010669464816572964,0.01612176691762122,0.0645484072140333,left_eye_z,101
23,depth,0.016586658971869162,0.010062919525253301,0.01656869248841284,0.0644788294825742,left_eye_z,97
24,depth,0.0168718478777965,0.009744855107255552,0.017078872815776094,0.06428764442376063,left_eye_z,95
25,depth,0.017109627084808947,0.009232963849987527,0.017551448118586437,0.06419674638960014,left_eye_z,90
26,depth,0.017092507245023467,0.008113606641512946,0.017812698569524412,0.06377594782804719,nose_z,88
27,depth,0.016952511293318318,0.007732072432504749,0.017915007289941675,0.06316473516230442,nose_z,89
28,depth,0.016808617990739533,0.0067854964416299195,0.018063555006384038,0.06338368300769039,left_second_finger_pip_x,91
29,depth,0.016635515206095113,0.007174152059237778,0.018196241377584424,0.06425312017220894,left_second_finger_pip_x,90
30,depth,0.01642754069185179,0.007088574709813571,0.01827171181328704,0.06365675940743801,left_second_finger_pip_x,90
31,depth,0.016118484057529435,0.006999085090298114,0.01820731559073403,0.06471474520521933,left_fifth_finger_pip_x,90
32,depth,0.01565603247543008,0.006840532336927987,0.017934932421272115,0.06724294929499193,left_fifth_finger_pip_x,87
33,depth,0.015064072048071487,0.006582797058473687,0.017560716982959017,0.06977919072531406,left_fifth_finger_pip_x,84
34,depth,0.0144909436784639,0.006651631013216509,0.017203771418642506,0.07175961628000807,left_fifth_finger_pip_x,72
35,depth,0.013753582512865823,0.006366513018320932,0.016583485714567324,0.06873216145856445,left_fifth_finger_pip_x,70
36,depth,0.013000411057178718,0.005565515152042855,0.015937759610190214,0.06660438727094126,left_fifth_finger_pip_x,69
37,depth,0.01228406191710565,0.005025031307126892,0.015232130922257123,0.06305973478183866,left_fifth_finger_pip_x,65
38,depth,0.011623607060811168,0.004102031471323723,0.014543742465497222,0.05881776021996185,left_fifth_finger_pip_x,65
39,depth,0.01098977697946962,0.004060734642486706,0.013858275194781453,0.05392998149336728,left_fifth_finger_pip_x,66
40,depth,0.0104538161775726,0.003779361263605414,0.013221261873308184,0.05023678541941481,left_elbow_x,67
41,depth,0.009942235531835706,0.003339717334383365,0.012603935048683058,0.04932838257311066,left_elbow_x,63
42,depth,0.009480651324354992,0.0035107448378034014,0.012067216795744464,0.048279334575494,left_elbow_x,62
43,depth,0.00907299739119972,0.0036476092039203815,0.011569399881476981,0.04831501928597733,left_ankle_x,62
44,depth,0.008755717249597629,0.0035428154072401326,0.011185389392975274,0.048424724385466085,left_ankle_x,59
45,depth,0.008525500783589239,0.0034695480716134745,0.010902659860625625,0.04877864062632137,left_ankle_x,58
46,depth,0.008242493998137534,0.0031615320204074686,0.010587692838851753,0.04857824175193364,left_ankle_x,57
47,depth,0.008243492515249255,0.0031740164637273334,0.010527615359897038,0.049062483919499265,left_ankle_x,57
48,depth,0.008296932184849759,0.0032198364772547403,0.010523401972001951,0.04967205456792976,left_ankle_x,58
49,depth,0.008483258264976746,0.0032742997602603174,0.010708112644410368,0.05089232793044655,left_ankle_x,59
50,depth,0.008556595953372815,0.0037866648557145018,0.010741372401580733,0.05161652837760356,left_ankle_x,61
51,depth,0.00861377073002453,0.004115063858656472,0.010791077178704572,0.052120047339515446,left_ankle_x,63
52,depth,0.008651692209806588,0.0041339406798266325,0.010820744711159918,0.05257533017234083,left_ankle_x,63
53,depth,0.008701494046845204,0.004351247277242569,0.010874280512779763,0.05298089423192019,left_ankle_x,64
54,depth,0.00874433035112659,0.004468704060534909,0.010947671831882047,0.05328742509510876,left_ankle_x,65
55,depth,0.008724333810221602,0.004740849428959218,0.011030707523057879,0.05351477840172631,left_ankle_x,64
56,depth,0.008777001361280744,0.004658876964536493,0.011155677780401184,0.05377360910480669,left_ankle_x,63
57,depth,0.008660425115028573,0.004624878828832895,0.011113961820989202,0.053404216714313106,left_ankle_x,62
58,depth,0.008689109933954284,0.004745198846255673,0.011241772030227453,0.05355892538845446,left_ankle_x,63
59,depth,0.008736660942675252,0.00450405165129836,0.011339410162370925,0.05366692684820702,left_ankle_x,65
60,depth,0.008941176306203993,0.0040427887753992425,0.011601750359771186,0.05437032885419971,left_ankle_x,67
61,depth,0.009027449742951263,0.003888049821027938,0.011651124617714911,0.05460961267798896,left_ankle_x,66
62,depth,0.00912947973878003,0.003471586326174919,0.01168445209614911,0.05465379144639299,left_ankle_x,63
63,depth,0.009235440888702037,0.0034960699587241618,0.01162913683524229,0.05473412844477921,left_ankle_x,64
64,depth,0.009368409008836594,0.004249461305993621,0.011549200097343875,0.055034119616626104,left_ankle_x,65
65,depth,0.009550848077947913,0.004854881307475093,0.01142001579230795,0.055236263236147325,left_ankle_x,63
66,depth,0.009871827846946991,0.005508797280476945,0.011436472950280498,0.05586712382519348,left_ankle_x,63
67,depth,0.010076106468779253,0.006639490748981052,0.011216525181313455,0.05602821943074793,left_ankle_x,63
68,depth,0.010258791180212721,0.007715860290428035,0.010967377661306923,0.05604212631207933,left_ankle_x,66
69,depth,0.01038021116044167,0.008756256192181485,0.010720208706927388,0.05591636336745939,left_ankle_x,67
70,depth,0.010505267649575583,0.009484187477289213,0.010495930459211149,0.05577922560258171,left_ankle_x,72
71,depth,0.010570654340601652,0.009885604328435684,0.010299991563139276,0.0553763535222153,left_ankle_x,82
72,depth,0.01061788645656617,0.010422127090738859,0.01014162603478542,0.05491644523144321,left_ankle_x,92
73,depth,0.010624568428494711,0.010560343024753083,0.010031416194957461,0.05431520593269887,left_ankle_x,99
74,depth,0.010608318236578174,0.009887813594017983,0.009961395735160018,0.053924738804433235,left_big_toe_x,96
75,depth,0.010558341682397476,0.009181515290844808,0.009963123231643872,0.053987057318086625,left_big_toe_x,92
76,depth,0.010501706937272632,0.008764875970267648,0.009996607446831297,0.05397301787957179,left_big_toe_x,92
77,depth,0.010455636460222396,0.0089036353140685,0.01005451989387323,0.053792504628396125,left_big_toe_x,90
78,depth,0.010442502584945676,0.00894472150462044,0.010100720134128653,0.05364213702155425,left_big_toe_x,89
79,depth,0.010505977291867601,0.009153498085795967,0.010127749210882135,0.05338457353138063,left_big_toe_x,88
80,depth,0.010642740710846855,0.00836795605528909,0.01012694305506623,0.05323476054251818,left_big_toe_x,91
81,depth,0.010830522616576431,0.008530128510991893,0.010090278456334116,0.05295863332893363,left_big_toe_x,92
82,depth,0.011089880043056534,0.009712157713943246,0.010053362666207056,0.05279440370660827,left_big_toe_x,95
83,depth,0.011383642041033521,0.01076268994393001,0.00999337672620215,0.05272206950356167,left_big_toe_x,102
84,depth,0.011658931444067561,0.011281482758525932,0.009962535718932375,0.052862707073479065,left_big_toe_x,106
85,depth,0.011941673240809463,0.011864038165688503,0.009940719611332183,0.052909254662095354,left_small_toe_x,109
86,depth,0.012173904202355583,0.012051544896273933,0.00995024914058178,0.05309629997970325,left_small_toe_x,112
87,depth,0.012477873737038937,0.012462734565651895,0.010007717919794672,0.053400288968766405,left_small_toe_x,114
88,depth,0.012842157544704469,0.012691985846125747,0.010103938869559324,0.05404375949384299,left_heel_x,117
89,depth,0.01324496430385087,0.012732024641925273,0.010272410538381845,0.05505617420385035,left_heel_x,116
90,depth,0.013779176562459397,0.013135046692852127,0.01053542720185183,0.05573786010740366,left_heel_x,118
91,depth,0.014405309950397939,0.01315413257192933,0.010827528958427346,0.05636996017700342,left_heel_x,120
92,depth,0.015152157067270139,0.014046692930322981,0.01118354610951603,0.05641172576740994,left_heel_x,123
93,depth,0.01598955034549493,0.014128676621036756,0.011536490497046933,0.055982819984995644,left_heel_x,135
94,depth,0.016963703357221832,0.014461519532202797,0.012069600675571564,0.0559325202491992,left_small_toe_x,145
95,depth,0.017916644089223544,0.014497045650646386,0.012703029604997619,0.0558323746629514,left_small_toe_x,160
96,depth,0.018770179659998977,0.014620748301037498,0.013500335315379858,0.058245199909359,left_first_finger_distal_x,160
97,depth,0.019608320391400078,0.01477235878834264,0.014452092340545146,0.06292613976505576,left_first_finger_distal_x,164
98,depth,0.020440840189050426,0.015159694081962044,0.015570757594303363,0.068370953246794,left_first_finger_distal_x,163
99,depth,0.02106906332769696,0.015267358916610916,0.016580890939730066,0.07150135623269573,left_first_finger_ip_x,165
100,depth,0.021468697826049238,0.015278748509089267,0.01756535963886367,0.07458278075265458,left_first_finger_ip_x,163
101,depth,0.02179627786390651,0.014184101152592977,0.01873183850281624,0.07695996209186076,left_second_finger_mcp_x,164
102,depth,0.021967275892961366,0.01362366356425977,0.0197824653163192,0.08401746820232718,left_second_finger_pip_x,152
103,depth,0.021869740874057884,0.013070544929207048,0.02026044130233788,0.09120955089359874,left_second_finger_pip_x,145
104,depth,0.02149672979911459,0.012589937167302992,0.020181649212689383,0.09756610694185332,left_fourth_finger_pip_x,136
105,depth,0.020921324967110154,0.0124008302018968,0.01969528574205208,0.10645261979727515,left_fourth_finger_pip_x,121
106,depth,0.02004275648167713,0.012004202592772167,0.018799007054955245,0.10896610275644569,left_fourth_finger_pip_x,116
107,depth,0.0190624603788618,0.011583287824281089,0.017668112148959133,0.1049061799031228,left_fourth_finger_pip_x,107
108,depth,0.01812215571348007,0.011899565749390011,0.016724811265359275,0.09278830664751976,left_fourth_finger_pip_x,108
109,depth,0.017217084671506677,0.012224117749781138,0.015936430107853877,0.08772470133417913,left_elbow_x,108
110,depth,0.016320790097767497,0.01239449221967391,0.015526935804477043,0.10073631556584788,left_elbow_x,110
111,depth,0.015368371870098917,0.011925812899889669,0.0153914188349875,0.1124508352366501,left_elbow_x,110
112,depth,0.01441950812518418,0.009545678773485953,0.015387853698253252,0.12030063348770108,left_elbow_x,99
113,depth,0.013360186311133908,0.0069899604520093596,0.015314157190029308,0.12353203338680127,left_elbow_x,93
114,depth,0.012293478102766639,0.004736644735119768,0.015208049501104258,0.12133455071688345,left_elbow_x,89
115,depth,0.011311806743256377,0.004239077833775518,0.01490923694600124,0.11334038002476375,left_elbow_x,80
116,depth,0.010470849124048383,0.0047649245813819185,0.014483835389062451,0.10160054450854815,left_elbow_x,71
117,depth,0.009760175417356513,0.004263081257643422,0.013996192255347855,0.08873318197622464,left_elbow_x,62
118,depth,0.009290115664009432,0.003986163260673899,0.013445517848448527,0.0756996297305988,left_elbow_x,54
119,depth,0.009098152121672838,0.00431153616276273,0.012959015940014244,0.06353671381911727,left_elbow_x,49
120,depth,0.009107606600787268,0.004428336495254212,0.01265125138184969,0.060311089886164425,left_ankle_x,45
121,depth,0.009389482083027758,0.004638759066640211,0.012633847403648124,0.060410191655481484,left_ankle_x,54
122,depth,0.009893721865151224,0.004516307797472881,0.012890522753351596,0.05978942332182558,left_ankle_x,64
123,depth,0.010593706268973917,0.004580032088421629,0.013353027606076213,0.05848813026369633,left_ankle_x,73
124,depth,0.011482271472785131,0.004502842206498362,0.013924390329053663,0.0566241252567963,left_ankle_x,77
125,depth,0.012509392670976257,0.00452672143099299,0.014496754764940535,0.05403778806437248,left_ankle_x,77
126,depth,0.013587417765710744,0.005342217340579496,0.014972487268198349,0.052122653550407426,left_small_toe_x,77
127,depth,0.014593042542889435,0.006452875378140263,0.015272571152689074,0.051338162223599326,left_small_toe_x,81
128,depth,0.015396471202877137,0.008008927615058963,0.015333823055233262,0.0505016069900774,left_small_toe_x,81
129,depth,0.015847427693008686,0.009857532065358823,0.015075723732792267,0.04976165491476616,left_small_toe_x,91
130,depth,0.01589798877633042,0.011173659902161492,0.014529010881399535,0.04909807159064972,left_small_toe_x,104
131,depth,0.015463778260239895,0.012644054522082287,0.0138425185803293,0.04848791631465551,left_small_toe_x,107
132,depth,0.014598564733737234,0.013211814402872469,0.013182691119281595,0.04925825100410058,right_big_toe_z,107
133,depth,0.01332507544360168,0.012186872574846979,0.012715981397917653,0.06066558446061136,right_big_toe_z,107
134,depth,0.011731631222888459,0.009070610457471592,0.01241070229093062,0.06946751430037638,right_big_toe_z,80
135,depth,0.010024145883358957,0.005807860504592456,0.012161380118202746,0.07528429618239262,right_big_toe_z,72
136,depth,0.008354696223172815,0.0032134144531565036,0.011710676818270127,0.07506176771229114,right_big_toe_z,56
137,depth,0.006845343764510785,0.0018550158950719328,0.01090484326309108,0.06924203256496128,right_big_toe_z,55
138,depth,0.005568178997821264,0.00099532872921677,0.009746989916878461,0.060016425766522837,right_big_toe_z,28
139,depth,0.00473422777283544,0.0011001092423321005,0.00862645916700533,0.04906891098224515,right_big_toe_z,27
140,depth,0.00442787196408224,0.0018791731747920886,0.007776919000879226,0.05197706010404144,left_heel_x,23
141,depth,0.004714415146488388,0.002792184669608423,0.007473707837651186,0.057083084702050535,left_heel_x,19
142,depth,0.005566699924573783,0.0027743510755669897,0.00797799906472992,0.06261593935190059,left_heel_x,31
143,depth,0.006778461326132321,0.002916324412451499,0.009370765005397423,0.0681599699972374,left_heel_x,46
144,depth,0.008051950064873682,0.0030274040572030583,0.011388617042886115,0.07305525868115689,left_heel_x,48
145,depth,0.009040434821109828,0.0031498792399506665,0.013525575831475404,0.08716192885386816,left_heel_z,49
146,depth,0.00940658974976676,0.0032936099936404263,0.014978003339678867,0.10322163629275802,left_heel_z,50
147,depth,0.009053327052605713,0.0030207048074189333,0.015436937920478866,0.11613090596193015,left_small_toe_z,49
148,depth,0.00808003137070036,0.0034107138239649693,0.014696117030283872,0.12189144232997533,left_small_toe_z,45
149,depth,0.006872535840626183,0.0031827549973705285,0.013316279469405334,0.11414355477810317,left_small_toe_z,26
150,depth,0.005822045617373294,0.0028485150256835233,0.011876273296407664,0.09858532507241712,left_small_toe_z,18
151,depth,0.0052298699068813815,0.0016935032053514338,0.010467545776099409,0.0748757046926561,left_small_toe_z,26
152,depth,0.005221579745656258,0.0014344299510855778,0.009347371608089463,0.06180905407605179,left_heel_x,40
153,depth,0.005749487197365451,0.0027761544656417017,0.008697238675458937,0.05513569872058169,left_heel_x,40
154,depth,0.006543259749892757,0.0035011156982794438,0.008477431320792674,0.0502449221247464,left_small_toe_x,42
155,depth,0.007393939089264365,0.0038371619811493813,0.008678659321924135,0.04756786177694749,left_small_toe_x,61
156,depth,0.008100723355453924,0.00394471052319959,0.009078078126231785,0.04491235233510695,left_small_toe_x,68
157,depth,0.008601646203396675,0.0044055533990984734,0.009488772126221935,0.04299376235935932,left_big_toe_x,69
158,depth,0.008877829142978202,0.0036892229471973213,0.009846513830698053,0.0415149115880738,left_big_toe_x,73
159,depth,0.009000625520734351,0.0031970252458347003,0.010226424827901093,0.04037610930846116,left_big_toe_x,74
160,depth,0.009099237718405883,0.0031273586837388626,0.010745463126667104,0.04059165559672252,right_hip_z,74
161,depth,0.009281083020622406,0.0038814149228233582,0.011380552470942594,0.046710303600239395,left_ankle_z,62
162,depth,0.009558169418951547,0.005115342755574391,0.01196891415628781,0.05415228061346971,left_ankle_z,58
163,depth,0.009903341679713904,0.005839917094278551,0.012377926640950688,0.05939174387722044,left_ankle_z,53
164,depth,0.010263208068708835,0.005892886751631849,0.012543534167574918,0.0620953058841448,left_ankle_z,61
165,depth,0.010532638182492957,0.0060757160749640654,0.012437881328901473,0.062315166009097714,left_ankle_z,66
166,depth,0.010745854083151646,0.006360830874337306,0.012172755271279811,0.06052416663636804,left_ankle_z,69
167,depth,0.010938123982456265,0.006659410924957176,0.011823762379784518,0.05732279167964612,left_ankle_z,70
168,depth,0.011168654784708609,0.007310834405032098,0.011480239894499053,0.05372683834770699,left_ankle_z,71
169,depth,0.011525588646084023,0.008078223006632022,0.01124197799087671,0.05020996075478808,left_ankle_z,69
170,depth,0.012041573860574358,0.008960938741920419,0.011190622235961494,0.046927791298742735,left_ankle_z,75
171,depth,0.012783486291186695,0.010350600690151686,0.011397696823034754,0.04407881576797435,left_ankle_z,87
172,depth,0.013714311021297353,0.011539245850838655,0.011883301968331456,0.041955391484902224,left_ankle_z,112
173,depth,0.014813114496739705,0.012884594504497263,0.012648850198162278,0.04041418866742088,left_ankle_z,115
174,depth,0.016009667689831177,0.01413050913330291,0.01359949707815298,0.04196381763353353,left_fourth_finger_dip_y,117
175,depth,0.01727756815739886,0.01564203303125573,0.01467704424355934,0.05041452571918339,left_fourth_finger_dip_y,119
176,depth,0.018500128456053897,0.017067840723920952,0.015692040595453458,0.056750315683549754,left_fourth_finger_dip_y,120
177,depth,0.01961147558632638,0.01833351937095261,0.016502974779395,0.06066953232505329,left_fourth_finger_dip_y,121
178,depth,0.020443000737008003,0.019598944308726964,0.016899941408172022,0.061745756963175774,left_fourth_finger_dip_y,121
179,depth,0.02093846011300212,0.020007572353726605,0.016754927704016098,0.05983059668905507,left_fourth_finger_pip_y,120
180,depth,0.02108559321383646,0.02080972078199002,0.016142273575625504,0.05528854377498704,left_fourth_finger_pip_y,127
181,depth,0.02085616095479981,0.01967860697017676,0.01508385613283275,0.049377058273629884,left_fifth_finger_distal_y,141
182,depth,0.020288673220484006,0.019094494104062686,0.013702295507963962,0.046276874930090445,right_third_finger_distal_z,142
183,depth,0.019479335102440393,0.01841775057693873,0.012191406945164174,0.043872800678639405,right_third_finger_distal_z,141
184,depth,0.018515855936064227,0.01875110807092247,0.010785258305975851,0.041112089509572625,right_third_finger_distal_z,140
185,depth,0.017522073518745535,0.017893732299755535,0.009705160914516446,0.038019732215576044,right_third_finger_distal_z,138
186,depth,0.016506454045456587,0.016530031616011985,0.009033667014608162,0.034930690489526725,right_third_finger_distal_z,136
187,depth,0.015545031997755088,0.01420915090661822,0.008758744954391445,0.0319264399217036,right_third_finger_distal_z,132
188,depth,0.014667309677709555,0.013113800186266606,0.008692831213341813,0.03152243873777368,left_ear_z,122
189,depth,0.013879286722253565,0.012647480414743412,0.008774746002141337,0.03132218089953499,left_ear_z,118
190,depth,0.013206248650086306,0.011947548796082215,0.008907893467860879,0.031181940974311602,left_ear_z,114
191,depth,0.01259962908149276,0.010963134763200924,0.009027365569277631,0.031009647270734502,left_ear_z,103
192,depth,0.012058371797260596,0.010017369619663857,0.009130945216548144,0.030898735582025733,left_ear_z,95
193,depth,0.011585023243084754,0.009252597859629022,0.00921936005249484,0.03083040280049444,left_ear_z,95
194,depth,0.011184128771681998,0.008411922767411944,0.009311254557669141,0.030841246258882977,right_big_toe_z,93
195,depth,0.010800443951857008,0.008438622065911498,0.009349110221831693,0.03077851696778373,left_ear_z,73
196,depth,0.010447045867642448,0.008076673998024041,0.009383052214809654,0.03079449707645641,left_ear_z,74
197,depth,0.010072529477402921,0.006679993363146969,0.009348112121311853,0.03082582426129269,left_ear_z,72
198,depth,0.009712896764640374,0.005669685959119434,0.009326905106914451,0.03084858631155936,left_ear_z,71
199,depth,0.009350882970745947,0.005643032271071501,0.00927821175267878,0.030912718211321678,left_ear_z,66
200,depth,0.008971581601456006,0.005579804909333864,0.009150956919705234,0.031008086149248826,left_ear_z,54
201,depth,0.008566271415295592,0.00568415868052748,0.008934161913120709,0.03107496383187079,left_ear_z,54
202,depth,0.008173778471629771,0.006069703028880202,0.008637148014351496,0.031112833748864584,left_ear_z,54
203,depth,0.007772696678297659,0.005557168632091104,0.008244082994963361,0.03108915609649135,left_ear_z,54
204,depth,0.007396936110299703,0.004821525548848351,0.007829655627525363,0.031063941346294234,left_ear_z,54
205,depth,0.007065457940755062,0.004038316022936884,0.007450862116805019,0.031021825973277368,left_ear_z,53
206,depth,0.006800101494568548,0.0037741091859274734,0.007147004985120321,0.030952694485891788,left_ear_z,55
207,depth,0.006573627408724043,0.004060805219599852,0.006956699805242211,0.03084912150775149,left_ear_z,34
208,depth,0.006374163125886126,0.004284869881457796,0.0068501776181993665,0.030700552740219496,left_ear_z,30
209,depth,0.00622174123266851,0.004680346828404339,0.006806380969596378,0.030498588683303483,left_ear_z,30
210,depth,0.006092265324664135,0.004323314715156089,0.006808498777916847,0.03026581079239839,left_ear_z,30
211,depth,0.005981264716673389,0.004528776527867891,0.006808843414966889,0.02999416056547222,left_ear_z,30
212,depth,0.005889986969504528,0.004648333078125919,0.006782087123990493,0.03074977025704364,right_ankle_z,30
213,depth,0.005860511875867606,0.004909046816171909,0.006762419839079717,0.03174819136961202,right_ankle_z,30
214,depth,0.005864869124962971,0.005107661748809128,0.006727867750043382,0.032946865007599184,right_ankle_z,30
215,depth,0.005892475866547508,0.005069557107455855,0.0066884307486684115,0.03370238981052947,right_ankle_z,30
216,depth,0.005917172132465283,0.005007686550507899,0.006657265600608525,0.03442063726324223,right_ankle_z,30
217,depth,0.005924185996768083,0.004932206633299795,0.006615666650648506,0.034822888354939414,right_ankle_z,28
218,depth,0.0059411584233693806,0.004842398734067856,0.006643375846152235,0.035229724731250286,right_ankle_z,27
219,depth,0.0059385622697977905,0.004789172638189392,0.006668105848360163,0.03503274981239081,right_ankle_z,27
220,depth,0.00593979516159784,0.004605155252672879,0.006775797907878165,0.03466160315524679,right_ankle_z,25
221,depth,0.0059347765108042645,0.004567939174121809,0.0069465775892991,0.03626544894950533,left_big_toe_z,24
222,depth,0.005933945528423284,0.0045265307188631755,0.007192212565043175,0.04258059891094033,left_big_toe_z,24
223,depth,0.005960836185596352,0.004545791126240271,0.007472585563523914,0.04705971830259215,left_big_toe_z,24
224,depth,0.005796405631816982,0.004125216477394119,0.0074103253268305025,0.04199899235240942,left_big_toe_z,22
225,depth,0.005720646694489818,0.0038544203868711166,0.007439749189413706,0.04161934147726846,left_big_toe_z,22
226,depth,0.0055884342689255595,0.003534707697736282,0.007339537620897849,0.03848380864782812,left_big_toe_z,21
227,depth,0.005456566300893477,0.0030481595356386163,0.007319452166461164,0.03347884224205422,right_eye_z,20
228,depth,0.005149680207594585,0.0027347862184473296,0.006938260024691577,0.03312245336122385,right_eye_z,20
229,depth,0.005094822831195083,0.0025214926371011593,0.00697736754316597,0.03369739817227552,right_eye_z,18
230,depth,0.0054293747931763335,0.0024790112247586845,0.007484912440072273,0.03426328086831781,right_eye_z,20
231,depth,0.006788534459448844,0.003953742443746294,0.008382794753464476,0.03660590644863097,right_eye_z,47
232,depth,0.006714161370930374,0.003596292154470457,0.00825745581281871,0.037426374517165684,left_ear_z,39
233,depth,0.0063882223400703545,0.0032713344057339715,0.0074777529824607974,0.03496747541547959,left_ear_z,40
234,depth,0.006446651674447603,0.003230141814290505,0.007502917721560352,0.03574740179003319,left_ear_z,33
235,depth,0.006981050020996006,0.003655992539216321,0.008538084607213016,0.03911672864945718,left_ear_z,27
236,depth,0.007113178516141255,0.00415504122855069,0.00854133997886757,0.03973263439808185,left_ear_z,22
237,depth,0.005817664115114233,0.003310860750979849,0.008140363800404204,0.038863678754340936,left_eye_z,16
238,depth,0.0071955773600658425,0.0045335904939632085,0.008451328529805142,0.03924498909666048,left_ear_z,22
239,depth,0.007200989695332374,0.004534232565605658,0.008453662572862992,0.03913933786040635,left_eye_z,22
0,left_right,0.0036271289496633886,0.001992321049505429,0.003792750390832357,0.01934691925711468,left_fourth_finger_dip_x,7
1,left_right,0.0036721843891645858,0.0021721118163212255,0.0038495460912569015,0.019723419106398993,left_fourth_finger_dip_x,7
2,left_right,0.003741338652490752,0.002239492803933426,0.003942054034411069,0.01948395598236697,left_fourth_finger_dip_x,7
3,left_right,0.0038189886722213274,0.002276808417179524,0.0040696413339565505,0.01930528897796078,left_fourth_finger_dip_x,9
4,left_right,0.0039256683370678044,0.002301526557697649,0.004234697173492319,0.020017248691201472,left_fourth_finger_dip_x,13
5,left_right,0.00405189115652401,0.002312483573753011,0.004461231526771899,0.022339945706468398,left_fourth_finger_dip_x,24
6,left_right,0.004176851411495722,0.0023924398991033596,0.004649705228357866,0.025442272784394652,left_fourth_finger_dip_x,27
7,left_right,0.0043158633840134075,0.0026548806811359216,0.004833964947773054,0.027904068993303246,left_fourth_finger_dip_x,30
8,left_right,0.004392233597366443,0.002645421703874482,0.004911457799148596,0.028104701230785595,left_fourth_finger_dip_x,30
9,left_right,0.004413044182953113,0.002577306763728442,0.004902127876893361,0.02681478712087904,left_fourth_finger_dip_x,24
10,left_right,0.004410588654354766,0.0026390259025639287,0.004866715710771041,0.025223344674539065,left_fourth_finger_dip_x,19
11,left_right,0.004385627050830283,0.0025605692286786376,0.004832559189094659,0.02476050727646938,left_fifth_finger_dip_x,19
12,left_right,0.004311319600144666,0.002456782499055216,0.004709582540735066,0.022790419999040724,left_fifth_finger_dip_x,21
13,left_right,0.004187498963633402,0.0022889612661860003,0.004579452241460175,0.022056663300840555,left_fifth_finger_dip_x,22
14,left_right,0.004077391061225553,0.002328496823692588,0.0044623741336122175,0.021310459204111967,left_fifth_finger_dip_x,23
15,left_right,0.003905477809813702,0.0021905122550908308,0.004294077343187234,0.020561633129906352,left_fifth_finger_dip_x,22
16,left_right,0.0036946608587811493,0.0019764411862378834,0.004120317820257496,0.018421033980802082,left_fifth_finger_dip_x,21
17,left_right,0.003467838051540595,0.0017598944556027926,0.003984333220847948,0.017573194362487936,left_fifth_finger_dip_x,21
18,left_right,0.0032019427193808445,0.0016426296227488443,0.003753255511368802,0.016467721786616915,right_hip_x,17
19,left_right,0.002917518200723959,0.0014639483438153313,0.003540062220064099,0.016663631593067222,right_hip_x,9
20,left_right,0.0026438024931288604,0.001106958152247614,0.003402905765005405,0.01687974801775887,right_hip_x,5
21,left_right,0.002454086892863156,0.0008316503310091968,0.0033294022123338284,0.017029866255273467,right_hip_x,5
22,left_right,0.0022694818817043153,0.0006654213953276623,0.0032448495804893234,0.01721622171797714,right_hip_x,5
23,left_right,0.0021389629380826228,0.000640895165526831,0.0031871854811586667,0.017477866472184456,right_hip_x,5
24,left_right,0.0020101196434448632,0.000569201334184077,0.003107102092656702,0.017688806631216827,right_hip_x,5
25,left_right,0.001926531764640222,0.000532638222148908,0.003058473372230495,0.018023580924117204,right_hip_x,5
26,left_right,0.0019828903089005308,0.00046900574192703515,0.003153378214610736,0.01865572433613083,right_hip_x,5
27,left_right,0.0018952468222443839,0.0005545767854516527,0.003033229280749024,0.018601355138630326,right_hip_x,5
28,left_right,0.0018494470982766255,0.0006937638396530668,0.002974260411724096,0.01857315025917522,right_hip_x,5
29,left_right,0.0018348038900705699,0.0006263141461593528,0.00292712138187784,0.018393452489112585,right_hip_x,5
30,left_right,0.0018786642750023414,0.0006704590885563496,0.002919737489732381,0.018443049594661805,right_hip_x,5
31,left_right,0.0018947413581044774,0.0006679591350625948,0.0029141813662868824,0.01848526836048845,right_hip_x,5
32,left_right,0.001867929500449379,0.0006330876542611677,0.0029099905593941103,0.018606941213051877,right_hip_x,5
33,left_right,0.0018277833569467898,0.0006066025659237041,0.002890123588201046,0.018592287973399055,right_hip_x,5
34,left_right,0.001796793602593068,0.0006041080691260735,0.0028653278401225835,0.018532887149972595,right_hip_x,5
35,left_right,0.0017796766453398835,0.0005749865408598237,0.002852185366171816,0.01847422234645005,right_hip_x,5
36,left_right,0.001774103728053493,0.0005636284040458583,0.00284081495350536,0.018309247750711646,right_hip_x,4
37,left_right,0.001777395131077095,0.0005907864124964961,0.002841970116382461,0.018102632149771425,right_hip_x,4
38,left_right,0.0017719188574137168,0.0005808411786999256,0.0028421379373407326,0.017831091333380875,right_hip_x,5
39,left_right,0.0017873420807224256,0.0006085684133050123,0.0028558578517249274,0.017605201197144867,right_hip_x,5
40,left_right,0.0017898422233021724,0.000565824636890243,0.002876207842411956,0.0174849890536234,right_hip_x,5
41,left_right,0.0017798364480248862,0.000573202232952745,0.0028964860978903766,0.017354398065097518,right_hip_x,5
42,left_right,0.0017566991756164088,0.00057346819316494,0.0029000045012130267,0.01729603050643616,right_hip_x,5
43,left_right,0.0017507275552247398,0.0006106363252361218,0.0029107688525523666,0.017209988901729232,right_hip_x,5
44,left_right,0.0017589447584954894,0.000701858752377169,0.0029332867342538706,0.01712676055879498,right_hip_x,5
45,left_right,0.0017796589337345412,0.0007358932887273922,0.0029513916230157287,0.01702113115529636,right_hip_x,5
46,left_right,0.0017888794086497045,0.0006080925265639244,0.00300678220588844,0.01718177836380686,right_hip_x,5
47,left_right,0.0017725422369763734,0.0005525428196458846,0.0030307455490142677,0.01703768913012528,right_hip_x,5
48,left_right,0.0017429137313668501,0.00044985966670746326,0.0030538235045626427,0.01692704299867371,right_hip_x,5
49,left_right,0.0017110828408868,0.0003341600212011817,0.0030379478394350497,0.016438304579245257,right_hip_x,5
50,left_right,0.0017002795189537605,0.00038812316062765087,0.00304231597593225,0.016307663567250393,right_hip_x,5
51,left_right,0.0017246533522265086,0.0004511014946234153,0.0030467309789270446,0.016165615801069743,right_hip_x,6
52,left_right,0.0017521134822140673,0.0004926629323304856,0.003039521718049329,0.01597996357470978,right_hip_x,5
53,left_right,0.0017931213520609968,0.0005197249336120684,0.003027841487322232,0.015721828751255922,right_hip_x,5
54,left_right,0.0018415675613626496,0.0006112611993185382,0.003032740992053231,0.015466329096643326,right_hip_x,5
55,left_right,0.0018699755145354876,0.0006792473657960643,0.0030339378107588993,0.015216159938112093,right_hip_x,5
56,left_right,0.0018763504444360762,0.0007404500670593493,0.0030232764578139904,0.014804800454041216,right_hip_x,5
57,left_right,0.0018837688490670331,0.0007322374797162013,0.003058499913340164,0.014791749412622224,right_hip_x,7
58,left_right,0.0018772148534455945,0.0006871937349278276,0.0030668644300571226,0.014372914056093205,right_hip_x,7
59,left_right,0.0018595481147140988,0.0006143101086118296,0.003084443570848434,0.014211132570159392,right_heel_x,7
60,left_right,0.0018306312029087602,0.0004812430532057395,0.0030704581548352014,0.014241662486944024,right_heel_x,7
61,left_right,0.0018033535477186152,0.00037756872298695416,0.003086764708297258,0.01453041150785805,right_heel_x,7
62,left_right,0.0017875193234225682,0.00037769466152355916,0.003083056684898937,0.014686691385327346,right_heel_x,7
63,left_right,0.0018079162891408284,0.00040652759673449695,0.0030842059667404395,0.015082805293760364,right_heel_x,6
64,left_right,0.0018417992204978932,0.0004437842481767548,0.003043857872244416,0.015197185597473304,right_heel_x,5
65,left_right,0.0019057187707462086,0.0006191013348788129,0.002989993536954108,0.015332920419384229,right_heel_x,4
66,left_right,0.0018584984426341896,0.0007303407773199713,0.0027687162152671523,0.014342588907098606,right_heel_x,3
67,left_right,0.0019634964821242853,0.0010233203169012996,0.00270664470764265,0.014309431688951131,right_heel_x,2
68,left_right,0.0020874594664980722,0.0012276491050752824,0.0026499633070347834,0.014259726412805422,right_heel_x,2
69,left_right,0.0022147196751951055,0.001556291525168736,0.002619768919283149,0.014237884236272003,right_heel_x,1
70,left_right,0.002339561634003843,0.0014859794440194264,0.0026117827027739805,0.014115648497087796,right_heel_x,1
71,left_right,0.0024513277411288923,0.0014186347052684242,0.0026279020261806337,0.014018777408740746,right_heel_x,1
72,left_right,0.0025417872754894518,0.0014112742641289606,0.002669734603224155,0.013898710057166731,right_heel_x,1
73,left_right,0.0026363739563636745,0.0014464861963148844,0.0027258808842896055,0.013760059399227108,right_heel_x,1
74,left_right,0.0027144764961147434,0.0017404279497270348,0.0027602748684036307,0.013518030455721464,right_heel_x,1
75,left_right,0.0027913045743897156,0.001850967143689013,0.002780278167091145,0.013127519697839922,right_heel_x,1
76,left_right,0.002884214033325174,0.0020692147365017326,0.0028127253577901663,0.01300137675772193,right_heel_x,1
77,left_right,0.002978343754427675,0.0021484648594883673,0.0028334516775946543,0.012912054264930835,right_heel_x,1
78,left_right,0.003077371315085108,0.002164036962423529,0.0028578099396688677,0.013051568233478847,right_heel_x,1
79,left_right,0.0031928464870964422,0.002310549266329635,0.002868380759368998,0.01322452684346396,right_heel_x,2
80,left_right,0.0033061776417833027,0.0025283967261296725,0.002861616222188651,0.013300492098260359,right_heel_x,2
81,left_right,0.0033990215388871275,0.002764178945017729,0.002839619971546613,0.013215271439031976,right_heel_x,1
82,left_right,0.0034915952384058802,0.003272792541938333,0.0028276288673026763,0.013149773952596979,right_heel_x,1
83,left_right,0.0035691903222760534,0.0033121780760738176,0.0028306358894841254,0.01323737326311357,right_heel_x,2
84,left_right,0.0036276689213871633,0.0033067563272005194,0.0028304551351643905,0.013084784775545371,right_heel_x,1
85,left_right,0.0036668662700732814,0.0034024633190497104,0.002829278208550494,0.012975012664490151,right_heel_x,1
86,left_right,0.0037073064827964635,0.0034913268120300867,0.002840641891656395,0.01296365577549631,right_heel_x,2
87,left_right,0.0037129957886010926,0.0032870043382362117,0.0028364503550947578,0.01288527328344449,right_heel_x,2
88,left_right,0.0036951318087980593,0.003177702265268311,0.0028303119065926138,0.012662181894284402,right_heel_x,2
89,left_right,0.0036646434713258525,0.0030612212394537735,0.0028422206604235816,0.012270730199655022,right_heel_x,2
90,left_right,0.00360312148503929,0.0027137549119425745,0.0028564347034917685,0.011766353617512824,right_heel_x,2
91,left_right,0.0035435921838436555,0.002322219564451494,0.0028839787915064512,0.011408562426615514,right_heel_z,2
92,left_right,0.003478180458477462,0.0020619639430700973,0.0029128875619168766,0.010956838423525262,right_heel_z,0
93,left_right,0.003409678232298238,0.002002853359847475,0.002945715102474009,0.010624712066958076,right_heel_z,0
94,left_right,0.003341007585042949,0.0020103906634945934,0.0029949251984446664,0.01035403652125258,right_heel_z,0
95,left_right,0.0032805236601529215,0.0020774469392480254,0.003056600187051467,0.01008276597055192,right_heel_z,0
96,left_right,0.0032628886649006214,0.0025845528939275005,0.0030837570213306767,0.00980213870936453,right_heel_z,0
97,left_right,0.003280183981821659,0.002368951636647609,0.0030388435923899577,0.009621020939609289,left_hip_y,0
98,left_right,0.0033700969438255,0.002525516267112021,0.0029429400807348288,0.009593516527207396,left_hip_y,0
99,left_right,0.003562981610494308,0.003448396023433541,0.002880423026204167,0.009503516690847971,left_hip_y,0
100,left_right,0.0038328530992811955,0.004237844257820169,0.002999686688832935,0.009790525052744449,right_big_toe_x,0
101,left_right,0.004072614698244688,0.004376121658776461,0.0033277802079668974,0.01270362202264201,right_second_finger_mcp_x,1
102,left_right,0.004319233707521781,0.004522346220906846,0.0037112729694212454,0.014611407276521935,right_second_finger_mcp_x,14
103,left_right,0.004501694023496514,0.004693827120638686,0.004020835824122808,0.015227446271241145,right_second_finger_mcp_x,18
104,left_right,0.004559990800071855,0.004675776735576966,0.004108156165656578,0.015594329843258065,right_fifth_finger_dip_x,20
105,left_right,0.004459361417645929,0.004551374756417804,0.003901269548783692,0.014667047779802444,right_fifth_finger_dip_x,15
106,left_right,0.0042957810228523765,0.004426845634661267,0.003616117417757882,0.013157384440466624,right_fifth_finger_dip_x,8
107,left_right,0.004087475471273736,0.004318446305612647,0.003324390006521705,0.012242048938814235,right_big_toe_x,2
108,left_right,0.003893581147206421,0.004442305181253485,0.0031249616190233394,0.0124440332032276,right_big_toe_x,1
109,left_right,0.003738470343997181,0.004074029105417542,0.002983369962649534,0.012710354790618694,right_big_toe_x,1
110,left_right,0.003654853128695983,0.0035930917716106275,0.0028840821422347635,0.012986929043164364,right_big_toe_x,1
111,left_right,0.0036089565019059963,0.002969346422746255,0.0028154215336998346,0.013043758170964098,right_big_toe_x,3
112,left_right,0.003621278126206746,0.0026244072598883782,0.002836502034754655,0.012852341980473274,right_big_toe_x,4
113,left_right,0.0037046635345101622,0.003024445378489371,0.002965056116607124,0.015528345579055412,right_fifth_finger_pip_y,4
114,left_right,0.0038392676430043034,0.003348835601476081,0.003142467412303666,0.01803031667463803,right_fifth_finger_pip_y,5
115,left_right,0.004020648093449057,0.0037584832123604434,0.0033518017707263714,0.02009749795575663,right_fifth_finger_pip_y,7
116,left_right,0.004208232995620138,0.004188067659547959,0.003487257282673494,0.020896670851472343,right_fifth_finger_pip_y,11
117,left_right,0.004381489817220279,0.004076211695091925,0.0035217477357578153,0.02045607709041386,right_fifth_finger_pip_y,12
118,left_right,0.0045044516171292215,0.004175436541544742,0.003538375812425609,0.018937984802051305,right_fifth_finger_pip_y,13
119,left_right,0.004529315847189201,0.004391637008937021,0.0034693952916962675,0.016953655820998226,right_fifth_finger_pip_y,12
120,left_right,0.004461411110427755,0.004402850200245002,0.0034031826975485205,0.015288069578162637,left_small_toe_z,12
121,left_right,0.004316672370216515,0.004193453252552464,0.003339178062272646,0.015052480844122881,right_wrist_y,11
122,left_right,0.004158196787290149,0.003629056253259599,0.0033095808977093386,0.0155677896034,right_wrist_y,10
123,left_right,0.004025211554130933,0.0033772155025424116,0.003359738898898379,0.01648727623793362,right_wrist_y,8
124,left_right,0.003891958671830594,0.0030841261425828856,0.003501282502264907,0.017326542056449894,right_wrist_y,8
125,left_right,0.003752648828047356,0.00251131772970539,0.0036541343365983935,0.01813683111642579,right_wrist_y,10
126,left_right,0.0036320831711927223,0.002319907421246,0.003850829365277592,0.01905097281647168,right_wrist_y,11
127,left_right,0.0035141474579729924,0.0020414041642879653,0.004045209361864395,0.019814093300956875,right_wrist_y,12
128,left_right,0.003421031761664695,0.00168668894662436,0.004258693598180911,0.02067735272976551,right_wrist_y,12
129,left_right,0.003391756644698729,0.001589270582205795,0.004509479468775122,0.021886146314913462,right_wrist_y,14
130,left_right,0.003375008506793239,0.0015586928386711353,0.004698591541234993,0.022875797037297765,right_wrist_y,14
131,left_right,0.0033539550825126448,0.0012877103763125001,0.0048166199651787575,0.02356252535771156,right_wrist_y,14
132,left_right,0.0033647409776383775,0.001042720212122931,0.00495814434510746,0.02462810316634068,right_fifth_finger_mcp_y,15
133,left_right,0.0033588393451441565,0.0009453953788981297,0.0050462017824411546,0.02564920506927832,right_fifth_finger_mcp_y,13
134,left_right,0.0033646371369708355,0.00090591564267753,0.005164518896753051,0.026735175715895954,right_fifth_finger_mcp_y,13
135,left_right,0.0033453998059704854,0.0009325393746388905,0.0052365339692890065,0.027211464527369014,right_wrist_y,13
136,left_right,0.003296479676680953,0.001069513106517211,0.005219239417976011,0.028167307222734823,right_wrist_y,11
137,left_right,0.003221228867423467,0.0011106038910975583,0.005147698725777386,0.02885077597835895,right_wrist_y,11
138,left_right,0.0031658333931075472,0.00114364717597574,0.005106010649988374,0.029550818292715438,right_wrist_y,11
139,left_right,0.0031219360092638597,0.0011849537764970699,0.00503768011183246,0.030071614305579208,right_wrist_y,11
140,left_right,0.0031005095178652745,0.0011971817830199298,0.0050225116144356225,0.030751677367127785,right_wrist_y,11
141,left_right,0.0031184693615388848,0.0011100064649206345,0.005077374565451543,0.03132465748768066,right_wrist_y,12
142,left_right,0.0031382525529409693,0.0010783682036982164,0.005160691528334705,0.03217385086288618,right_wrist_y,13
143,left_right,0.0031486954868159994,0.0010482845576782012,0.005259670183463279,0.03332678029313278,right_wrist_y,15
144,left_right,0.0031548636012280664,0.0010417006021443333,0.005356936820671028,0.0344776132877594,right_wrist_y,15
145,left_right,0.00316617952751781,0.0010640187705600382,0.005497734278964493,0.035816480980964856,right_wrist_y,16
146,left_right,0.003157747484728125,0.0010915737850696566,0.005601570001906683,0.037225351465744926,right_wrist_y,16
147,left_right,0.0031575420378595932,0.0010695435777002607,0.005708779533379871,0.03872146813644637,right_wrist_y,17
148,left_right,0.003134729632938638,0.001047066982673018,0.005769080222585364,0.04017032498053618,right_wrist_y,17
149,left_right,0.0030954869319724456,0.0010015759379634964,0.005814549076748929,0.04146342040535268,right_wrist_y,18
150,left_right,0.0030458754153087977,0.0010949622696032606,0.005848302876498807,0.042495150430868565,right_wrist_y,17
151,left_right,0.0029941421730356943,0.0010098402020367388,0.005881685104598453,0.043154592860234195,right_wrist_y,16
152,left_right,0.0029463199193120212,0.001000623457648341,0.005908258045482494,0.04361094638385623,right_wrist_y,15
153,left_right,0.002908465420481763,0.0008644057988395541,0.005946038891258261,0.04392781904195841,right_wrist_y,15
154,left_right,0.0028883199864204916,0.0008354247794064395,0.005961999916903228,0.04393734728530194,right_wrist_y,16
155,left_right,0.002896421123937348,0.0008239988783344237,0.005996863781607509,0.044099432978626604,right_wrist_y,17
156,left_right,0.002948700155941044,0.0009066326299765431,0.0060306785340147545,0.04412571559759524,right_wrist_y,18
157,left_right,0.0030330608791590977,0.001042430729195723,0.006051766145835754,0.04387796963192352,right_wrist_y,18
158,left_right,0.003177116562891682,0.0012411283347433177,0.00608347315759313,0.043693408967074,right_wrist_y,19
159,left_right,0.003395948120931068,0.001321758688375709,0.0061716892199125805,0.04380251099294232,right_wrist_y,20
160,left_right,0.0036812147510288913,0.0012132612813594145,0.00631787339939435,0.04431946519314917,right_wrist_y,22
161,left_right,0.004052450768026747,0.001285852843360168,0.006570750598193732,0.04481790740686738,right_wrist_y,25
162,left_right,0.004489943135705952,0.0014306900969602856,0.006972574180852544,0.04557412057495462,right_wrist_y,26
163,left_right,0.0049780650202032,0.001367399577019515,0.0075451050012786324,0.04635657483840409,right_wrist_y,31
164,left_right,0.005472639669375612,0.0013190859594914106,0.008296263618945752,0.047454316887018275,right_wrist_y,33
165,left_right,0.006004312518905906,0.001361735094922139,0.00926045867542921,0.04869320549635379,right_wrist_y,36
166,left_right,0.006501787051555171,0.001352498883288231,0.010316595555914023,0.049620297750255095,right_wrist_y,36
167,left_right,0.006966074796363168,0.0014288294369022953,0.011363366838891144,0.05039117825296706,right_wrist_y,36
168,left_right,0.007334687224482502,0.0015439320015756574,0.01223862789801389,0.050768548365479685,right_wrist_y,38
169,left_right,0.007592228511289976,0.001992613309069036,0.012887891355831712,0.05185757377810488,right_fifth_finger_mcp_y,39
170,left_right,0.007748077227230626,0.0026214722938076407,0.013291564978787225,0.05243533007387325,right_fifth_finger_mcp_y,38
171,left_right,0.007833788920379609,0.0030262304926635362,0.013411003993406752,0.05182797217537816,right_fifth_finger_mcp_y,37
172,left_right,0.007791306721297043,0.0026939667580120168,0.013201442589417715,0.04985166331991621,right_fifth_finger_mcp_y,37
173,left_right,0.007718737325923815,0.002390050204578381,0.012784826246045284,0.04771373280330263,right_fifth_finger_mcp_y,37
174,left_right,0.00758266833634677,0.0020671032863055576,0.012181489675084325,0.0450334924445104,right_fifth_finger_mcp_y,36
175,left_right,0.007438073159770201,0.0018233510284759644,0.011470513802173263,0.042164478565133036,right_fifth_finger_mcp_y,32
176,left_right,0.007285416351648857,0.0015995606769735452,0.01073637347093822,0.03912623257778511,right_fifth_finger_mcp_y,36
177,left_right,0.007167162566742535,0.0014012367376810822,0.010125036479752323,0.036465742858168025,right_fifth_finger_mcp_y,39
178,left_right,0.0070375983997150076,0.0012938550239482754,0.009574261158431286,0.033588940655039985,right_fifth_finger_mcp_y,45
179,left_right,0.006951201845196495,0.0013243410674259465,0.00917063811999688,0.030831860929083136,right_fifth_finger_mcp_y,43
180,left_right,0.006811987192859891,0.001502528164372391,0.008764449246164421,0.028441938787067186,right_first_finger_distal_y,45
181,left_right,0.006671064850213138,0.001714782754143547,0.008410484704195148,0.02716681804670502,right_first_finger_distal_y,44
182,left_right,0.00646934036245887,0.0017745427878035362,0.007988767828175558,0.02545129567561428,right_first_finger_distal_y,42
183,left_right,0.00623581749073733,0.0017701412291621253,0.007576030697840782,0.023577143131001902,right_first_finger_distal_y,43
184,left_right,0.005998474617797221,0.0017862754967207688,0.0072159136819904095,0.022896512913592872,left_fifth_finger_dip_y,45
185,left_right,0.005758458669156919,0.0018632306424976493,0.006874620601880764,0.02522732294359274,right_big_toe_z,46
186,left_right,0.005519196389897118,0.001723637688420635,0.006590394899600981,0.02708594394430332,right_big_toe_z,49
187,left_right,0.0052890123481554715,0.0018662552271129066,0.006359737974002715,0.028062286436969515,right_big_toe_z,51
188,left_right,0.0051260624526807,0.0018914279140922546,0.006292528161737995,0.03082442290147935,right_big_toe_z,45
189,left_right,0.004984850079928829,0.001918754803005345,0.006263939486987539,0.031002259331905115,right_big_toe_z,38
190,left_right,0.0048907482732188185,0.001775380027356914,0.006320048597785335,0.030706969360544553,right_big_toe_z,33
191,left_right,0.004838466965919125,0.0018376506027544678,0.00649442539653799,0.032388182241960974,right_big_toe_z,30
192,left_right,0.004795353315090524,0.001879319844337964,0.006666280169714866,0.032748181211607996,right_big_toe_z,30
193,left_right,0.004768065105530922,0.0017053824994717763,0.006833997537093033,0.03314572364720875,right_big_toe_z,29
194,left_right,0.004724211281106206,0.0018083964607796608,0.006933243553632099,0.03316197661247118,right_big_toe_z,31
195,left_right,0.004697550868232157,0.0021607559138297648,0.006989315666379352,0.03469215707053969,right_heel_z,31
196,left_right,0.004646142452587838,0.0022085506525881867,0.006929448204685273,0.0352692845746147,right_heel_z,31
197,left_right,0.004590022702288757,0.0017516521070588436,0.0067624254266980275,0.03425878605760286,right_heel_z,31
198,left_right,0.004482955367942737,0.0015533099962091314,0.006458470284754419,0.03204337362459018,right_heel_z,31
199,left_right,0.004361509495848498,0.0015606044302095452,0.006097855760940782,0.031134244476170428,right_big_toe_z,31
200,left_right,0.0042023627380887146,0.0016167089227597047,0.005683293279449777,0.03030974404534251,right_big_toe_z,30
201,left_right,0.00401771127039579,0.0015744685721037705,0.00525046288861804,0.030559754884426783,right_big_toe_z,26
202,left_right,0.0038194753946063226,0.0018624668296447174,0.004781472276577152,0.03073026258520453,right_big_toe_z,19
203,left_right,0.0036408418282808173,0.0021835476494284902,0.004375879507800061,0.032470950340202864,right_big_toe_z,9
204,left_right,0.0034796040629534054,0.0021390642631758062,0.004055180024948457,0.035121784092696395,right_big_toe_z,7
205,left_right,0.0033275473084838428,0.0021639396407187464,0.0038259269979367275,0.03802168429205269,right_big_toe_z,6
206,left_right,0.00318400201172038,0.0024066391729320354,0.003595263177461112,0.03848419938262554,right_big_toe_z,5
207,left_right,0.003094540787862807,0.0024612408787250224,0.0034884647944955953,0.03805507877881835,right_big_toe_z,5
208,left_right,0.0030487620347455914,0.0023960459918400266,0.003438311997427134,0.03599708014623713,right_big_toe_z,4
209,left_right,0.0030384621930189992,0.001884844984934743,0.003472447847001992,0.03318737241539709,right_big_toe_z,6
210,left_right,0.0030739844921751514,0.0017914130892020936,0.0035495887699313034,0.03001166041800014,right_big_toe_z,7
211,left_right,0.0031605731635101966,0.0020746551625870917,0.0036379639828811,0.026194934433214873,right_big_toe_z,7
212,left_right,0.003314714621730601,0.0022073368068116716,0.003733160683822505,0.022497253061651533,right_big_toe_z,6
213,left_right,0.0034749526084549205,0.0019328808763454763,0.0038250411567967825,0.0217714951376146,left_heel_z,6
214,left_right,0.0036526344971183114,0.001670992701368139,0.003858856264442893,0.023465086703183903,left_heel_z,5
215,left_right,0.0038581079616276793,0.0020544232463651597,0.0038884176655436553,0.02457583735903442,left_heel_z,4
216,left_right,0.004075069060844309,0.0025501045530666663,0.003904586192682685,0.025374432825462045,left_heel_z,3
217,left_right,0.004318299942276736,0.0031613884080221753,0.00393820709546109,0.026207529992601328,left_heel_z,4
218,left_right,0.0045135003203267965,0.0035746639737400986,0.003967061353835483,0.026427908839285405,left_heel_z,9
219,left_right,0.004734911888233807,0.00378122592557662,0.004049523855751513,0.027014142675124607,left_heel_z,16
220,left_right,0.004943817947889766,0.003920462450366137,0.004168076862647734,0.027116793531052185,left_heel_z,19
221,left_right,0.005161750494982563,0.004018259155607255,0.004320750829881691,0.026860631667417915,left_heel_z,21
222,left_right,0.0053724898048365536,0.004243950332709773,0.0044801634467637776,0.026520803599216762,left_heel_z,24
223,left_right,0.00558024153298356,0.004451309403582578,0.0047163444285206295,0.025957433043948486,left_heel_z,29
224,left_right,0.005728894561842732,0.004846123796796026,0.004908602505714449,0.025887924059270193,left_heel_z,33
225,left_right,0.005898581574311677,0.0049157102222036975,0.005115599908668706,0.02200491516917699,left_heel_z,45
226,left_right,0.0064114943062974035,0.005881385405618134,0.0055218956536994155,0.026788970636336902,left_heel_z,63
227,left_right,0.00658042984585316,0.006490962873749592,0.005661520304968411,0.02482104657514729,left_heel_z,68
228,left_right,0.007188268190084883,0.006748317666384558,0.0061821911346119935,0.017867012399588468,right_wrist_z,74
229,left_right,0.007147891804215199,0.006746631570795968,0.006237813602302779,0.018217831380483104,right_first_finger_cmc_z,72
230,left_right,0.008221800107531676,0.009282902443565373,0.007141386615646877,0.03186223634625091,left_small_toe_z,86
231,left_right,0.007580984202822671,0.007356172367017708,0.005644680325311408,0.02080265251930221,right_fourth_finger_mcp_z,32
232,left_right,0.007252383741284186,0.0066258216300653225,0.005504774947246745,0.0205254643783237,right_wrist_z,35
233,left_right,0.007489377369860912,0.00594280388315895,0.005919028364883322,0.020973584129795244,right_first_finger_cmc_z,43
234,left_right,0.007571064091260263,0.005429803997624293,0.00622791459677228,0.02191457209462452,right_first_finger_cmc_z,48
235,left_right,0.007502266090088896,0.0051731468991109315,0.006509360398601946,0.02316913831584375,right_second_finger_dip_z,49
236,left_right,0.007910477112709771,0.005311780215784851,0.007150661080543358,0.025187738301467553,right_second_finger_dip_z,51
237,left_right,0.009055493414062572,0.009231160844407999,0.008195396229481218,0.02542361095512703,right_third_finger_distal_z,94
238,left_right,0.007442187832342598,0.005221977051264086,0.006956486904222837,0.02470641022149437,right_third_finger_distal_z,44
239,left_right,0.007493862734079196,0.005221304528338196,0.007038933993900076,0.02485745348138259,right_third_finger_distal_z,45
