i,j,id_i,id_j,shot_id_i,shot_id_j,participant_i,participant_j,angle_i,angle_j,abs_angle_diff,nn_dist_zscore,rms_coord_diff_ft,max_abs_coord_diff_ft
191,201,4520b107-cb32-495c-a4a3-906ef0c70e6e,81655360-d7db-460c-aa82-c4cdaf15221f,eqXXwjV,JaxxWd7,3,3,47.970001220703125,48.06999969482422,0.09999847412109375,34.19700622558594,0.0780953376382924,1.048715591430664
163,194,d8012ff8-6e82-40e6-972c-6d0b03765b24,246ddf70-f978-4622-a2c0-1ac459250f3d,B6ddnrl,YpQQEo2,3,3,48.58000183105469,48.439998626708984,0.14000320434570312,40.902618408203125,0.11813265295996961,1.1253204345703125
168,175,1f26b043-0ab8-4114-bed0-7907ad554869,74c5f4ff-28e1-4363-b1f6-3d6652029fd6,ZaJJgqJ,LaMMp6W,3,3,45.189998626708984,50.529998779296875,5.340000152587891,41.67403793334961,0.08856666160529669,0.8102092742919922
191,200,4520b107-cb32-495c-a4a3-906ef0c70e6e,e5c80efe-06c3-46ff-ab98-65e53192e47b,eqXXwjV,nEVVnBv,3,3,47.970001220703125,49.959999084472656,1.9899978637695312,43.130821228027344,0.09657714805564949,1.1304779052734375
144,154,f08c7947-4e80-4821-99d6-2a7418453f5b,0f388e83-ff1a-4d9e-8154-a1d8fa94fc64,ok880l6,DDOOnrw,3,3,49.11000061035156,46.31999969482422,2.7900009155273438,44.06293487548828,0.10124387196893149,0.9043312072753906
154,190,0f388e83-ff1a-4d9e-8154-a1d8fa94fc64,97ece66d-7b1d-4551-ac88-6f6d6f10a39d,DDOOnrw,B6ddp5j,3,3,46.31999969482422,48.06999969482422,1.75,44.215904235839844,0.09573298750531108,1.0870838165283203
154,200,0f388e83-ff1a-4d9e-8154-a1d8fa94fc64,e5c80efe-06c3-46ff-ab98-65e53192e47b,DDOOnrw,nEVVnBv,3,3,46.31999969482422,49.959999084472656,3.6399993896484375,45.032588958740234,0.12464571217037994,1.0116424560546875
156,186,688cb2f8-7162-4b14-a7c8-f94033e61f4f,12f174d0-c007-49e5-b6c8-2a7fd0153628,41jjyZ3,3xJJr0A,3,3,47.59000015258789,46.54999923706055,1.0400009155273438,45.36835861206055,0.10864659520619854,1.7155570983886719
142,176,e59de151-5d2c-4add-b798-c210be0c38dd,a8c78031-facf-4b57-9557-82565c31c479,jOaaQJo,ay11aya,3,3,48.2400016784668,49.5099983215332,1.2699966430664062,45.597984313964844,0.09946954407609869,1.0469341278076172
154,191,0f388e83-ff1a-4d9e-8154-a1d8fa94fc64,4520b107-cb32-495c-a4a3-906ef0c70e6e,DDOOnrw,eqXXwjV,3,3,46.31999969482422,47.970001220703125,1.6500015258789062,45.633941650390625,0.1268960402278842,1.4020500183105469
155,194,9bed362d-e5c3-4ee7-93d8-55fec8fd99b4,246ddf70-f978-4622-a2c0-1ac459250f3d,xOeeYnE,YpQQEo2,3,3,45.849998474121094,48.439998626708984,2.5900001525878906,45.73065948486328,0.10780546061488219,1.2642898559570312
153,165,0e4c264f-d203-474f-98f4-c5bbbebc3617,ac903e2d-9aef-4d56-bdb3-5dfac63dcad9,1VEE21E,LaMMqL0,3,3,50.68000030517578,47.380001068115234,3.299999237060547,45.840675354003906,0.10513494920187455,1.4653205871582031
144,175,f08c7947-4e80-4821-99d6-2a7418453f5b,74c5f4ff-28e1-4363-b1f6-3d6652029fd6,ok880l6,LaMMp6W,3,3,49.11000061035156,50.529998779296875,1.4199981689453125,47.02516555786133,0.11049241817268454,0.9640064239501953
5,48,d366e43d-829c-4c52-b849-48178d3d8cb9,8e7d0694-9a0e-4b1a-b865-2eca79da2b97,zgWOjq4,AgWdLXl,1,1,44.13999938964844,46.2400016784668,2.1000022888183594,47.243255615234375,0.10759203407377647,1.1287822723388672
154,175,0f388e83-ff1a-4d9e-8154-a1d8fa94fc64,74c5f4ff-28e1-4363-b1f6-3d6652029fd6,DDOOnrw,LaMMp6W,3,3,46.31999969482422,50.529998779296875,4.209999084472656,47.4660758972168,0.12906301578850013,1.2222709655761719
137,183,01d709d5-fa15-425b-85fa-5c094effe5d5,eaf00a3e-28aa-4ad7-9ca0-6d5f9f9a2a12,1VEER6L,pgAAwpp,3,3,47.220001220703125,49.22999954223633,2.009998321533203,47.5093994140625,0.10123281669789375,1.0545005798339844
191,198,4520b107-cb32-495c-a4a3-906ef0c70e6e,3c30bcee-ca53-428f-a60a-9b1eb2a047b6,eqXXwjV,mOaa0Vg,3,3,47.970001220703125,47.790000915527344,0.18000030517578125,47.82107925415039,0.12376552350734486,1.6172752380371094
153,168,0e4c264f-d203-474f-98f4-c5bbbebc3617,1f26b043-0ab8-4114-bed0-7907ad554869,1VEE21E,ZaJJgqJ,3,3,50.68000030517578,45.189998626708984,5.490001678466797,48.28757095336914,0.11657388980827867,1.2944965362548828
144,168,f08c7947-4e80-4821-99d6-2a7418453f5b,1f26b043-0ab8-4114-bed0-7907ad554869,ok880l6,ZaJJgqJ,3,3,49.11000061035156,45.189998626708984,3.920001983642578,48.464515686035156,0.12704736713520856,0.8892040252685547
146,168,ee0e7500-8a84-4b89-b39f-144d1ffe71fb,1f26b043-0ab8-4114-bed0-7907ad554869,5YMMp9M,ZaJJgqJ,3,3,48.279998779296875,45.189998626708984,3.0900001525878906,48.498104095458984,0.16400635209448472,1.3904609680175781
181,201,b1f3302b-f423-4be5-9ef4-7d61b3dcf8eb,81655360-d7db-460c-aa82-c4cdaf15221f,gL66nZw,JaxxWd7,3,3,47.43000030517578,48.06999969482422,0.6399993896484375,48.67094802856445,0.14623559783457374,1.7149829864501953
149,153,028dd900-6901-4c5e-8666-fd4ddb85df3b,0e4c264f-d203-474f-98f4-c5bbbebc3617,pgAAmoK,1VEE21E,3,3,50.40999984741211,50.68000030517578,0.2700004577636719,48.762733459472656,0.11232817831707408,1.4419174194335938
163,184,d8012ff8-6e82-40e6-972c-6d0b03765b24,3c0517b0-9392-4d2e-9c12-2bf0285e02d5,B6ddnrl,ay11R9a,3,3,48.58000183105469,45.83000183105469,2.75,48.834293365478516,0.12287918777689266,1.5067100524902344
181,198,b1f3302b-f423-4be5-9ef4-7d61b3dcf8eb,3c30bcee-ca53-428f-a60a-9b1eb2a047b6,gL66nZw,mOaa0Vg,3,3,47.43000030517578,47.790000915527344,0.3600006103515625,48.99319076538086,0.12143061608523864,1.1862297058105469
142,200,e59de151-5d2c-4add-b798-c210be0c38dd,e5c80efe-06c3-46ff-ab98-65e53192e47b,jOaaQJo,nEVVnBv,3,3,48.2400016784668,49.959999084472656,1.7199974060058594,49.06596374511719,0.11054543278141622,1.0100479125976562
191,196,4520b107-cb32-495c-a4a3-906ef0c70e6e,4eeabf42-c4e2-47c9-b770-9565f5a88f0d,eqXXwjV,78WWkwe,3,3,47.970001220703125,48.70000076293945,0.7299995422363281,49.08745574951172,0.10618171275227588,1.3355274200439453
165,168,ac903e2d-9aef-4d56-bdb3-5dfac63dcad9,1f26b043-0ab8-4114-bed0-7907ad554869,LaMMqL0,ZaJJgqJ,3,3,47.380001068115234,45.189998626708984,2.19000244140625,49.5128173828125,0.11914043990725534,1.040243148803711
196,201,4eeabf42-c4e2-47c9-b770-9565f5a88f0d,81655360-d7db-460c-aa82-c4cdaf15221f,78WWkwe,JaxxWd7,3,3,48.70000076293945,48.06999969482422,0.6300010681152344,49.55042266845703,0.11037432063537049,1.2572689056396484
175,181,74c5f4ff-28e1-4363-b1f6-3d6652029fd6,b1f3302b-f423-4be5-9ef4-7d61b3dcf8eb,LaMMp6W,gL66nZw,3,3,50.529998779296875,47.43000030517578,3.0999984741210938,49.60319519042969,0.14308415272747077,1.0813941955566406
154,198,0f388e83-ff1a-4d9e-8154-a1d8fa94fc64,3c30bcee-ca53-428f-a60a-9b1eb2a047b6,DDOOnrw,mOaa0Vg,3,3,46.31999969482422,47.790000915527344,1.470001220703125,49.759517669677734,0.13094569900149128,1.4013137817382812
171,191,34629fd5-7afb-4ae1-b500-dfdb8ba18ea7,4520b107-cb32-495c-a4a3-906ef0c70e6e,ZaJJgM0,eqXXwjV,3,3,45.63999938964844,47.970001220703125,2.3300018310546875,49.79886245727539,0.1278439395841845,1.6599063873291016
200,201,e5c80efe-06c3-46ff-ab98-65e53192e47b,81655360-d7db-460c-aa82-c4cdaf15221f,nEVVnBv,JaxxWd7,3,3,49.959999084472656,48.06999969482422,1.8899993896484375,50.08931350708008,0.11523050396232719,0.9913101196289062
142,196,e59de151-5d2c-4add-b798-c210be0c38dd,4eeabf42-c4e2-47c9-b770-9565f5a88f0d,jOaaQJo,78WWkwe,3,3,48.2400016784668,48.70000076293945,0.45999908447265625,50.20005416870117,0.10924794286494684,0.9273509979248047
146,153,ee0e7500-8a84-4b89-b39f-144d1ffe71fb,0e4c264f-d203-474f-98f4-c5bbbebc3617,5YMMp9M,1VEE21E,3,3,48.279998779296875,50.68000030517578,2.4000015258789062,50.246925354003906,0.16620451398913483,1.2325248718261719
168,202,1f26b043-0ab8-4114-bed0-7907ad554869,580facf8-1988-4e38-a1a7-cd76a324e14b,ZaJJgqJ,ZaJJgA6,3,3,45.189998626708984,48.349998474121094,3.1599998474121094,50.2921142578125,0.1262641442193317,0.9616584777832031
175,202,74c5f4ff-28e1-4363-b1f6-3d6652029fd6,580facf8-1988-4e38-a1a7-cd76a324e14b,LaMMp6W,ZaJJgA6,3,3,50.529998779296875,48.349998474121094,2.1800003051757812,50.33320999145508,0.10653968564428945,1.1500263214111328
137,176,01d709d5-fa15-425b-85fa-5c094effe5d5,a8c78031-facf-4b57-9557-82565c31c479,1VEER6L,ay11aya,3,3,47.220001220703125,49.5099983215332,2.289997100830078,50.34635925292969,0.10380367389571442,1.2838287353515625
146,175,ee0e7500-8a84-4b89-b39f-144d1ffe71fb,74c5f4ff-28e1-4363-b1f6-3d6652029fd6,5YMMp9M,LaMMp6W,3,3,48.279998779296875,50.529998779296875,2.25,50.50873947143555,0.15864715843487656,1.2611541748046875
144,181,f08c7947-4e80-4821-99d6-2a7418453f5b,b1f3302b-f423-4be5-9ef4-7d61b3dcf8eb,ok880l6,gL66nZw,3,3,49.11000061035156,47.43000030517578,1.6800003051757812,50.56443786621094,0.13939834916368943,1.1908111572265625
154,181,0f388e83-ff1a-4d9e-8154-a1d8fa94fc64,b1f3302b-f423-4be5-9ef4-7d61b3dcf8eb,DDOOnrw,gL66nZw,3,3,46.31999969482422,47.43000030517578,1.1100006103515625,50.676353454589844,0.12537238766303754,1.2331180572509766
171,200,34629fd5-7afb-4ae1-b500-dfdb8ba18ea7,e5c80efe-06c3-46ff-ab98-65e53192e47b,ZaJJgM0,nEVVnBv,3,3,45.63999938964844,49.959999084472656,4.319999694824219,50.852725982666016,0.10924148027618588,1.1298274993896484
146,190,ee0e7500-8a84-4b89-b39f-144d1ffe71fb,97ece66d-7b1d-4551-ac88-6f6d6f10a39d,5YMMp9M,B6ddp5j,3,3,48.279998779296875,48.06999969482422,0.20999908447265625,50.97824478149414,0.15483264155403714,1.2050361633300781
181,191,b1f3302b-f423-4be5-9ef4-7d61b3dcf8eb,4520b107-cb32-495c-a4a3-906ef0c70e6e,gL66nZw,eqXXwjV,3,3,47.43000030517578,47.970001220703125,0.5400009155273438,51.03739929199219,0.14357176647429043,1.7747039794921875
42,58,ebe6aadc-7de9-4455-978d-f1fc81fa6004,4bf7eec1-4675-4678-8225-bfde85938b69,AgWdyjv,X5V3wDA,1,1,43.560001373291016,45.02000045776367,1.4599990844726562,51.06026077270508,0.17945722632036912,1.980726718902588
183,201,eaf00a3e-28aa-4ad7-9ca0-6d5f9f9a2a12,81655360-d7db-460c-aa82-c4cdaf15221f,pgAAwpp,JaxxWd7,3,3,49.22999954223633,48.06999969482422,1.1599998474121094,51.26466369628906,0.12112457082631252,1.471282958984375
144,198,f08c7947-4e80-4821-99d6-2a7418453f5b,3c30bcee-ca53-428f-a60a-9b1eb2a047b6,ok880l6,mOaa0Vg,3,3,49.11000061035156,47.790000915527344,1.3199996948242188,51.26848602294922,0.1670642763618682,1.4580402374267578
196,198,4eeabf42-c4e2-47c9-b770-9565f5a88f0d,3c30bcee-ca53-428f-a60a-9b1eb2a047b6,78WWkwe,mOaa0Vg,3,3,48.70000076293945,47.790000915527344,0.9099998474121094,51.28376007080078,0.1242325760046585,1.183950424194336
174,181,2377a154-096a-49c1-b77f-631b23dcdac1,b1f3302b-f423-4be5-9ef4-7d61b3dcf8eb,gL66nlZ,gL66nZw,3,3,49.56999969482422,47.43000030517578,2.1399993896484375,51.32008743286133,0.13188806048772317,1.1126384735107422
144,146,f08c7947-4e80-4821-99d6-2a7418453f5b,ee0e7500-8a84-4b89-b39f-144d1ffe71fb,ok880l6,5YMMp9M,3,3,49.11000061035156,48.279998779296875,0.8300018310546875,51.33870315551758,0.16391577711980967,1.2152462005615234
154,201,0f388e83-ff1a-4d9e-8154-a1d8fa94fc64,81655360-d7db-460c-aa82-c4cdaf15221f,DDOOnrw,JaxxWd7,3,3,46.31999969482422,48.06999969482422,1.75,51.65558624267578,0.1267889630969316,1.3122406005859375
183,191,eaf00a3e-28aa-4ad7-9ca0-6d5f9f9a2a12,4520b107-cb32-495c-a4a3-906ef0c70e6e,pgAAwpp,eqXXwjV,3,3,49.22999954223633,47.970001220703125,1.2599983215332031,51.681304931640625,0.1125142507922738,1.6572132110595703
147,154,2aebb60c-c7d1-4676-be8f-bd84af71d93c,0f388e83-ff1a-4d9e-8154-a1d8fa94fc64,2MDDao4,DDOOnrw,3,3,49.66999816894531,46.31999969482422,3.3499984741210938,51.8803825378418,0.1029125962086211,1.306894302368164
171,183,34629fd5-7afb-4ae1-b500-dfdb8ba18ea7,eaf00a3e-28aa-4ad7-9ca0-6d5f9f9a2a12,ZaJJgM0,pgAAwpp,3,3,45.63999938964844,49.22999954223633,3.5900001525878906,51.97001647949219,0.11175880724969259,1.2224845886230469
167,181,6c976ddb-808b-4d93-a148-bf92ba42d82b,b1f3302b-f423-4be5-9ef4-7d61b3dcf8eb,rxddqKd,gL66nZw,3,3,50.81999969482422,47.43000030517578,3.3899993896484375,51.98136520385742,0.1299276272849375,1.4133586883544922
146,202,ee0e7500-8a84-4b89-b39f-144d1ffe71fb,580facf8-1988-4e38-a1a7-cd76a324e14b,5YMMp9M,ZaJJgA6,3,3,48.279998779296875,48.349998474121094,0.06999969482421875,52.12197494506836,0.1606690085447509,1.4328937530517578
198,201,3c30bcee-ca53-428f-a60a-9b1eb2a047b6,81655360-d7db-460c-aa82-c4cdaf15221f,mOaa0Vg,JaxxWd7,3,3,47.790000915527344,48.06999969482422,0.279998779296875,52.14004135131836,0.12456811978481293,1.5555343627929688
66,68,586f5d9f-e9d1-458f-bf37-fabc0314c1e5,aac9051f-0ede-4ac3-ade1-1afff8a48edd,ygOvjmM,EWBKM01,1,1,45.720001220703125,43.119998931884766,2.6000022888183594,52.212646484375,0.11988807299822195,1.3069438934326172
181,196,b1f3302b-f423-4be5-9ef4-7d61b3dcf8eb,4eeabf42-c4e2-47c9-b770-9565f5a88f0d,gL66nZw,78WWkwe,3,3,48.70000076293945,47.43000030517578,1.2700004577636719,52.373809814453125,0.1386154339579227,1.2875652313232422
151,168,cbf5041c-210f-4e5c-812b-3434eb4cb63a,1f26b043-0ab8-4114-bed0-7907ad554869,zgBBl9p,ZaJJgqJ,3,3,47.40999984741211,45.189998626708984,2.220001220703125,52.48332595825195,0.09844316215046399,1.2003250122070312
138,186,d0cad914-311f-4acf-8b01-9ae194716660,12f174d0-c007-49e5-b6c8-2a7fd0153628,zgBBlo5,3xJJr0A,3,3,48.849998474121094,46.54999923706055,2.299999237060547,52.52463912963867,0.11214363575275355,1.0299358367919922
146,154,ee0e7500-8a84-4b89-b39f-144d1ffe71fb,0f388e83-ff1a-4d9e-8154-a1d8fa94fc64,5YMMp9M,DDOOnrw,3,3,48.279998779296875,46.31999969482422,1.9599990844726562,52.60710906982422,0.188929502118549,1.4058036804199219
171,196,34629fd5-7afb-4ae1-b500-dfdb8ba18ea7,4eeabf42-c4e2-47c9-b770-9565f5a88f0d,ZaJJgM0,78WWkwe,3,3,45.63999938964844,48.70000076293945,3.0600013732910156,52.667518615722656,0.13530233964070268,1.0023193359375
146,165,ee0e7500-8a84-4b89-b39f-144d1ffe71fb,ac903e2d-9aef-4d56-bdb3-5dfac63dcad9,5YMMp9M,LaMMqL0,3,3,48.279998779296875,47.380001068115234,0.8999977111816406,52.80420684814453,0.1408484491847354,1.191873550415039
155,163,9bed362d-e5c3-4ee7-93d8-55fec8fd99b4,d8012ff8-6e82-40e6-972c-6d0b03765b24,xOeeYnE,B6ddnrl,3,3,45.849998474121094,48.58000183105469,2.7300033569335938,52.84339141845703,0.15194317575033184,1.4088726043701172
171,176,34629fd5-7afb-4ae1-b500-dfdb8ba18ea7,a8c78031-facf-4b57-9557-82565c31c479,ZaJJgM0,ay11aya,3,3,45.63999938964844,49.5099983215332,3.8699989318847656,52.862388610839844,0.10962065426427364,1.1962394714355469
196,200,4eeabf42-c4e2-47c9-b770-9565f5a88f0d,e5c80efe-06c3-46ff-ab98-65e53192e47b,78WWkwe,nEVVnBv,3,3,48.70000076293945,49.959999084472656,1.2599983215332031,52.90180206298828,0.12377083883947354,1.1752948760986328
175,190,74c5f4ff-28e1-4363-b1f6-3d6652029fd6,97ece66d-7b1d-4551-ac88-6f6d6f10a39d,LaMMp6W,B6ddp5j,3,3,50.529998779296875,48.06999969482422,2.4599990844726562,52.96281433105469,0.11002568371179725,1.2947731018066406
196,202,4eeabf42-c4e2-47c9-b770-9565f5a88f0d,580facf8-1988-4e38-a1a7-cd76a324e14b,78WWkwe,ZaJJgA6,3,3,48.70000076293945,48.349998474121094,0.3500022888183594,53.07784652709961,0.16549722430376623,0.9377098083496094
140,148,6c3242f1-3fb5-46df-93da-3f0deaf3a176,98f3032d-9274-4e2c-8cb8-78e388737923,YpQQ4p2,78WWoRX,3,3,44.34000015258789,48.189998626708984,3.8499984741210938,53.1855583190918,0.11429385907157676,1.2843208312988281
153,175,0e4c264f-d203-474f-98f4-c5bbbebc3617,74c5f4ff-28e1-4363-b1f6-3d6652029fd6,1VEE21E,LaMMp6W,3,3,50.68000030517578,50.529998779296875,0.15000152587890625,53.287559509277344,0.14090340147635277,1.3932228088378906
137,142,01d709d5-fa15-425b-85fa-5c094effe5d5,e59de151-5d2c-4add-b798-c210be0c38dd,1VEER6L,jOaaQJo,3,3,47.220001220703125,48.2400016784668,1.0200004577636719,53.53131866455078,0.1058505973318241,1.1826095581054688
183,196,eaf00a3e-28aa-4ad7-9ca0-6d5f9f9a2a12,4eeabf42-c4e2-47c9-b770-9565f5a88f0d,pgAAwpp,78WWkwe,3,3,49.22999954223633,48.70000076293945,0.529998779296875,53.543392181396484,0.11390457553378429,1.0583267211914062
167,172,6c976ddb-808b-4d93-a148-bf92ba42d82b,b39a6095-16f9-4bc3-a90d-57a56c6b0eaf,rxddqKd,wxKKAqA,3,3,50.81999969482422,52.7599983215332,1.9399986267089844,53.68266677856445,0.15814836531309256,1.4907588958740234
164,194,4f00ed0a-49df-4d72-a327-d5f033b13a8e,246ddf70-f978-4622-a2c0-1ac459250f3d,YpQQWQ2,YpQQEo2,3,3,47.84000015258789,48.439998626708984,0.5999984741210938,53.7984733581543,0.2110033971507835,1.36962890625
175,201,74c5f4ff-28e1-4363-b1f6-3d6652029fd6,81655360-d7db-460c-aa82-c4cdaf15221f,LaMMp6W,JaxxWd7,3,3,48.06999969482422,50.529998779296875,2.4599990844726562,53.904296875,0.19409091940381673,1.5808029174804688
176,183,a8c78031-facf-4b57-9557-82565c31c479,eaf00a3e-28aa-4ad7-9ca0-6d5f9f9a2a12,ay11aya,pgAAwpp,3,3,49.5099983215332,49.22999954223633,0.279998779296875,54.05781936645508,0.11800090861855925,1.1341323852539062
144,191,f08c7947-4e80-4821-99d6-2a7418453f5b,4520b107-cb32-495c-a4a3-906ef0c70e6e,ok880l6,eqXXwjV,3,3,49.11000061035156,47.970001220703125,1.1399993896484375,54.080955505371094,0.1689354865186079,1.303476333618164
144,190,f08c7947-4e80-4821-99d6-2a7418453f5b,97ece66d-7b1d-4551-ac88-6f6d6f10a39d,ok880l6,B6ddp5j,3,3,49.11000061035156,48.06999969482422,1.0400009155273438,54.098960876464844,0.09824797723173583,1.1248302459716797
154,171,0f388e83-ff1a-4d9e-8154-a1d8fa94fc64,34629fd5-7afb-4ae1-b500-dfdb8ba18ea7,DDOOnrw,ZaJJgM0,3,3,45.63999938964844,46.31999969482422,0.6800003051757812,54.28038787841797,0.14833179638196223,1.2034721374511719
183,200,eaf00a3e-28aa-4ad7-9ca0-6d5f9f9a2a12,e5c80efe-06c3-46ff-ab98-65e53192e47b,pgAAwpp,nEVVnBv,3,3,49.22999954223633,49.959999084472656,0.7299995422363281,54.358848571777344,0.09976200959269872,1.2549114227294922
168,190,1f26b043-0ab8-4114-bed0-7907ad554869,97ece66d-7b1d-4551-ac88-6f6d6f10a39d,ZaJJgqJ,B6ddp5j,3,3,45.189998626708984,48.06999969482422,2.8800010681152344,54.3588752746582,0.12636455604594438,1.1918697357177734
165,175,ac903e2d-9aef-4d56-bdb3-5dfac63dcad9,74c5f4ff-28e1-4363-b1f6-3d6652029fd6,LaMMqL0,LaMMp6W,3,3,47.380001068115234,50.529998779296875,3.1499977111816406,54.435516357421875,0.13987370592826953,1.225362777709961
174,198,2377a154-096a-49c1-b77f-631b23dcdac1,3c30bcee-ca53-428f-a60a-9b1eb2a047b6,gL66nlZ,mOaa0Vg,3,3,49.56999969482422,47.790000915527344,1.779998779296875,54.50492477416992,0.1505439061988477,1.2794036865234375
153,179,0e4c264f-d203-474f-98f4-c5bbbebc3617,2a4c640a-2cb4-43e4-b5c5-c704ddcd235f,1VEE21E,ygqqEBE,3,3,50.68000030517578,45.88999938964844,4.790000915527344,54.57196044921875,0.17868321850632018,1.45904541015625
154,202,0f388e83-ff1a-4d9e-8154-a1d8fa94fc64,580facf8-1988-4e38-a1a7-cd76a324e14b,DDOOnrw,ZaJJgA6,3,3,48.349998474121094,46.31999969482422,2.029998779296875,54.62696838378906,0.1063250294754974,0.9864768981933594
138,151,d0cad914-311f-4acf-8b01-9ae194716660,cbf5041c-210f-4e5c-812b-3434eb4cb63a,zgBBlo5,zgBBl9p,3,3,48.849998474121094,47.40999984741211,1.4399986267089844,55.00788116455078,0.12096657334642343,1.9822139739990234
171,201,34629fd5-7afb-4ae1-b500-dfdb8ba18ea7,81655360-d7db-460c-aa82-c4cdaf15221f,ZaJJgM0,JaxxWd7,3,3,45.63999938964844,48.06999969482422,2.4300003051757812,55.049591064453125,0.15354651255721885,1.5932064056396484
198,200,3c30bcee-ca53-428f-a60a-9b1eb2a047b6,e5c80efe-06c3-46ff-ab98-65e53192e47b,mOaa0Vg,nEVVnBv,3,3,47.790000915527344,49.959999084472656,2.1699981689453125,55.2686653137207,0.1310741187824473,1.3190383911132812
190,200,97ece66d-7b1d-4551-ac88-6f6d6f10a39d,e5c80efe-06c3-46ff-ab98-65e53192e47b,B6ddp5j,nEVVnBv,3,3,48.06999969482422,49.959999084472656,1.8899993896484375,55.390811920166016,0.17400910096496483,1.0773086547851562
156,174,688cb2f8-7162-4b14-a7c8-f94033e61f4f,2377a154-096a-49c1-b77f-631b23dcdac1,41jjyZ3,gL66nlZ,3,3,47.59000015258789,49.56999969482422,1.9799995422363281,55.6550178527832,0.11773730852686076,1.8189582824707031
166,176,54afbce7-0d24-4572-a57e-1a9cf5b196cf,a8c78031-facf-4b57-9557-82565c31c479,eqXXzKe,ay11aya,3,3,48.0099983215332,49.5099983215332,1.5,55.72266387939453,0.14399792201604883,1.2525978088378906
149,168,028dd900-6901-4c5e-8666-fd4ddb85df3b,1f26b043-0ab8-4114-bed0-7907ad554869,pgAAmoK,ZaJJgqJ,3,3,50.40999984741211,45.189998626708984,5.220001220703125,55.74209976196289,0.1413627341907123,1.138113021850586
153,177,0e4c264f-d203-474f-98f4-c5bbbebc3617,e56c8f60-e719-4516-9f29-bf6707bad710,1VEE21E,de11gD5,3,3,50.68000030517578,47.22999954223633,3.450000762939453,55.80374526977539,0.1744634291533001,1.7214908599853516
146,179,ee0e7500-8a84-4b89-b39f-144d1ffe71fb,2a4c640a-2cb4-43e4-b5c5-c704ddcd235f,5YMMp9M,ygqqEBE,3,3,45.88999938964844,48.279998779296875,2.3899993896484375,55.8125,0.16377489247210342,1.214315414428711
142,171,e59de151-5d2c-4add-b798-c210be0c38dd,34629fd5-7afb-4ae1-b500-dfdb8ba18ea7,jOaaQJo,ZaJJgM0,3,3,48.2400016784668,45.63999938964844,2.6000022888183594,55.9973030090332,0.12094414674906448,1.0601272583007812
184,194,3c0517b0-9392-4d2e-9c12-2bf0285e02d5,246ddf70-f978-4622-a2c0-1ac459250f3d,ay11R9a,YpQQEo2,3,3,45.83000183105469,48.439998626708984,2.609996795654297,56.03763198852539,0.18252526478743286,1.0366230010986328
142,191,e59de151-5d2c-4add-b798-c210be0c38dd,4520b107-cb32-495c-a4a3-906ef0c70e6e,jOaaQJo,eqXXwjV,3,3,48.2400016784668,47.970001220703125,0.2700004577636719,56.18363952636719,0.11702136520069685,1.1279792785644531
176,196,a8c78031-facf-4b57-9557-82565c31c479,4eeabf42-c4e2-47c9-b770-9565f5a88f0d,ay11aya,78WWkwe,3,3,49.5099983215332,48.70000076293945,0.80999755859375,56.22850799560547,0.14748380225292312,1.1119308471679688
142,202,e59de151-5d2c-4add-b798-c210be0c38dd,580facf8-1988-4e38-a1a7-cd76a324e14b,jOaaQJo,ZaJJgA6,3,3,48.2400016784668,48.349998474121094,0.10999679565429688,56.28129959106445,0.18330087396156647,1.2401046752929688
2,61,813a5bc0-4f60-475a-9ab8-51716bbbd828,bd48fe2a-aad6-49d1-920a-9826cd9bf4eb,Qyw8BYM,vaX9OVL,1,1,45.529998779296875,43.4900016784668,2.039997100830078,56.43864440917969,0.13563344809331396,1.3087902069091797
175,186,74c5f4ff-28e1-4363-b1f6-3d6652029fd6,12f174d0-c007-49e5-b6c8-2a7fd0153628,LaMMp6W,3xJJr0A,3,3,46.54999923706055,50.529998779296875,3.979999542236328,56.51460647583008,0.11019558285991915,1.3052024841308594
154,187,0f388e83-ff1a-4d9e-8154-a1d8fa94fc64,f0b9febd-a932-416f-a09b-adc144b067eb,DDOOnrw,MaVVoxY,3,3,48.90999984741211,46.31999969482422,2.5900001525878906,56.62040328979492,0.16988673904381338,1.3784770965576172
167,175,6c976ddb-808b-4d93-a148-bf92ba42d82b,74c5f4ff-28e1-4363-b1f6-3d6652029fd6,rxddqKd,LaMMp6W,3,3,50.81999969482422,50.529998779296875,0.29000091552734375,56.63159942626953,0.11307848666045896,1.542093276977539
200,202,e5c80efe-06c3-46ff-ab98-65e53192e47b,580facf8-1988-4e38-a1a7-cd76a324e14b,nEVVnBv,ZaJJgA6,3,3,48.349998474121094,49.959999084472656,1.6100006103515625,56.71610641479492,0.16828057287037126,1.2001476287841797
137,171,01d709d5-fa15-425b-85fa-5c094effe5d5,34629fd5-7afb-4ae1-b500-dfdb8ba18ea7,1VEER6L,ZaJJgM0,3,3,47.220001220703125,45.63999938964844,1.5800018310546875,56.74337387084961,0.11810872097448012,1.2039775848388672
151,186,cbf5041c-210f-4e5c-812b-3434eb4cb63a,12f174d0-c007-49e5-b6c8-2a7fd0153628,zgBBl9p,3xJJr0A,3,3,47.40999984741211,46.54999923706055,0.8600006103515625,56.76734924316406,0.1395753335928185,1.8711109161376953
139,181,991f4c0c-6eb1-480e-aaa8-47c9cb025ca3,b1f3302b-f423-4be5-9ef4-7d61b3dcf8eb,2MDDjxk,gL66nZw,3,3,47.81999969482422,47.43000030517578,0.3899993896484375,56.838050842285156,0.14286092945118514,1.5249347686767578
154,167,0f388e83-ff1a-4d9e-8154-a1d8fa94fc64,6c976ddb-808b-4d93-a148-bf92ba42d82b,DDOOnrw,rxddqKd,3,3,50.81999969482422,46.31999969482422,4.5,56.840450286865234,0.12152237504260667,1.3737926483154297
154,157,0f388e83-ff1a-4d9e-8154-a1d8fa94fc64,ff6daf1e-a4ca-4e3e-94a8-0b460ad66d2b,DDOOnrw,Ropp54K,3,3,48.06999969482422,46.31999969482422,1.75,56.85443115234375,0.14794204165103483,1.3717269897460938
167,174,6c976ddb-808b-4d93-a148-bf92ba42d82b,2377a154-096a-49c1-b77f-631b23dcdac1,rxddqKd,gL66nlZ,3,3,50.81999969482422,49.56999969482422,1.25,57.034481048583984,0.11090125990543062,1.4573478698730469
174,186,2377a154-096a-49c1-b77f-631b23dcdac1,12f174d0-c007-49e5-b6c8-2a7fd0153628,gL66nlZ,3xJJr0A,3,3,49.56999969482422,46.54999923706055,3.020000457763672,57.079689025878906,0.09890415013546267,1.1653919219970703
164,196,4f00ed0a-49df-4d72-a327-d5f033b13a8e,4eeabf42-c4e2-47c9-b770-9565f5a88f0d,YpQQWQ2,78WWkwe,3,3,47.84000015258789,48.70000076293945,0.8600006103515625,57.100887298583984,0.19527749135037661,1.8742272853851318
142,183,e59de151-5d2c-4add-b798-c210be0c38dd,eaf00a3e-28aa-4ad7-9ca0-6d5f9f9a2a12,jOaaQJo,pgAAwpp,3,3,48.2400016784668,49.22999954223633,0.9899978637695312,57.219337463378906,0.11071777257710042,1.0544815063476562
147,175,2aebb60c-c7d1-4676-be8f-bd84af71d93c,74c5f4ff-28e1-4363-b1f6-3d6652029fd6,2MDDao4,LaMMp6W,3,3,49.66999816894531,50.529998779296875,0.8600006103515625,57.445396423339844,0.10296742355914416,1.4398441314697266
164,171,4f00ed0a-49df-4d72-a327-d5f033b13a8e,34629fd5-7afb-4ae1-b500-dfdb8ba18ea7,YpQQWQ2,ZaJJgM0,3,3,47.84000015258789,45.63999938964844,2.200000762939453,57.44927978515625,0.17356522637071467,2.1431944370269775
138,145,d0cad914-311f-4acf-8b01-9ae194716660,a3d5f0f5-51cf-4621-bdc0-5df523ab239c,zgBBlo5,wxKKgRB,3,3,48.849998474121094,49.75,0.9000015258789062,57.51416778564453,0.15559179844079896,1.2386894226074219
190,202,97ece66d-7b1d-4551-ac88-6f6d6f10a39d,580facf8-1988-4e38-a1a7-cd76a324e14b,B6ddp5j,ZaJJgA6,3,3,48.06999969482422,48.349998474121094,0.279998779296875,57.577056884765625,0.09661706152991187,1.4019088745117188
151,175,cbf5041c-210f-4e5c-812b-3434eb4cb63a,74c5f4ff-28e1-4363-b1f6-3d6652029fd6,zgBBl9p,LaMMp6W,3,3,47.40999984741211,50.529998779296875,3.1199989318847656,57.72517395019531,0.12676626875991237,1.3174247741699219
174,175,2377a154-096a-49c1-b77f-631b23dcdac1,74c5f4ff-28e1-4363-b1f6-3d6652029fd6,gL66nlZ,LaMMp6W,3,3,49.56999969482422,50.529998779296875,0.9599990844726562,57.743629455566406,0.1171648252419503,1.0554752349853516
147,167,2aebb60c-c7d1-4676-be8f-bd84af71d93c,6c976ddb-808b-4d93-a148-bf92ba42d82b,2MDDao4,rxddqKd,3,3,49.66999816894531,50.81999969482422,1.1500015258789062,57.91511917114258,0.10499696927583448,1.4751148223876953
143,186,2511ec83-1d54-48a1-81e9-eba3d1619a2d,12f174d0-c007-49e5-b6c8-2a7fd0153628,1VEEOdv,3xJJr0A,3,3,46.97999954223633,46.54999923706055,0.43000030517578125,57.92654037475586,0.13466535294178697,1.8657703399658203
158,176,8df6ab6a-d76c-4f87-b06a-f3d3e66b10ae,a8c78031-facf-4b57-9557-82565c31c479,vaooYkQ,ay11aya,3,3,46.72999954223633,49.5099983215332,2.779998779296875,58.07670974731445,0.16752181261191568,1.279470443725586
154,185,0f388e83-ff1a-4d9e-8154-a1d8fa94fc64,03b43216-1c92-4d65-be91-0684dc10cc68,DDOOnrw,ZaJJgJd,3,3,47.52000045776367,46.31999969482422,1.2000007629394531,58.2935905456543,0.1616157635695218,1.3927879333496094
151,153,cbf5041c-210f-4e5c-812b-3434eb4cb63a,0e4c264f-d203-474f-98f4-c5bbbebc3617,zgBBl9p,1VEE21E,3,3,47.40999984741211,50.68000030517578,3.270000457763672,58.29426574707031,0.12236572361313158,1.3703060150146484
186,202,12f174d0-c007-49e5-b6c8-2a7fd0153628,580facf8-1988-4e38-a1a7-cd76a324e14b,3xJJr0A,ZaJJgA6,3,3,46.54999923706055,48.349998474121094,1.7999992370605469,58.32118225097656,0.11189320769444033,1.9143333435058594
187,200,f0b9febd-a932-416f-a09b-adc144b067eb,e5c80efe-06c3-46ff-ab98-65e53192e47b,MaVVoxY,nEVVnBv,3,3,48.90999984741211,49.959999084472656,1.0499992370605469,58.366519927978516,0.14101396588935708,1.1682510375976562
153,190,0e4c264f-d203-474f-98f4-c5bbbebc3617,97ece66d-7b1d-4551-ac88-6f6d6f10a39d,1VEE21E,B6ddp5j,3,3,48.06999969482422,50.68000030517578,2.6100006103515625,58.379913330078125,0.1698599268713003,1.6357536315917969
137,196,01d709d5-fa15-425b-85fa-5c094effe5d5,4eeabf42-c4e2-47c9-b770-9565f5a88f0d,1VEER6L,78WWkwe,3,3,47.220001220703125,48.70000076293945,1.4799995422363281,58.40085220336914,0.13356800527421678,1.3390464782714844
176,200,a8c78031-facf-4b57-9557-82565c31c479,e5c80efe-06c3-46ff-ab98-65e53192e47b,ay11aya,nEVVnBv,3,3,49.5099983215332,49.959999084472656,0.4500007629394531,58.41161346435547,0.13111384947035343,1.5313549041748047
144,174,f08c7947-4e80-4821-99d6-2a7418453f5b,2377a154-096a-49c1-b77f-631b23dcdac1,ok880l6,gL66nlZ,3,3,49.56999969482422,49.11000061035156,0.45999908447265625,58.4320068359375,0.12018394574647005,1.1529083251953125
147,156,2aebb60c-c7d1-4676-be8f-bd84af71d93c,688cb2f8-7162-4b14-a7c8-f94033e61f4f,2MDDao4,41jjyZ3,3,3,49.66999816894531,47.59000015258789,2.079998016357422,58.51019287109375,0.12324401977544082,1.4266948699951172
147,181,2aebb60c-c7d1-4676-be8f-bd84af71d93c,b1f3302b-f423-4be5-9ef4-7d61b3dcf8eb,2MDDao4,gL66nZw,3,3,49.66999816894531,47.43000030517578,2.2399978637695312,58.6464729309082,0.12963788287164357,1.3013229370117188
154,174,0f388e83-ff1a-4d9e-8154-a1d8fa94fc64,2377a154-096a-49c1-b77f-631b23dcdac1,DDOOnrw,gL66nlZ,3,3,49.56999969482422,46.31999969482422,3.25,58.70492172241211,0.12698217279262408,1.3981304168701172
159,201,45e59b9a-ba91-4894-bafa-6d5c220cfc39,81655360-d7db-460c-aa82-c4cdaf15221f,5YMMp2O,JaxxWd7,3,3,48.439998626708984,48.06999969482422,0.3699989318847656,58.71415710449219,0.2032351609908025,1.9509410858154297
159,185,45e59b9a-ba91-4894-bafa-6d5c220cfc39,03b43216-1c92-4d65-be91-0684dc10cc68,5YMMp2O,ZaJJgJd,3,3,48.439998626708984,47.52000045776367,0.9199981689453125,58.7699089050293,0.2008297391448092,1.2828595638275146
144,167,f08c7947-4e80-4821-99d6-2a7418453f5b,6c976ddb-808b-4d93-a148-bf92ba42d82b,ok880l6,rxddqKd,3,3,50.81999969482422,49.11000061035156,1.7099990844726562,58.79267120361328,0.11401692043349929,1.4498119354248047
156,198,688cb2f8-7162-4b14-a7c8-f94033e61f4f,3c30bcee-ca53-428f-a60a-9b1eb2a047b6,41jjyZ3,mOaa0Vg,3,3,47.59000015258789,47.790000915527344,0.20000076293945312,58.9176139831543,0.15320042716904528,1.5467205047607422
185,200,03b43216-1c92-4d65-be91-0684dc10cc68,e5c80efe-06c3-46ff-ab98-65e53192e47b,ZaJJgJd,nEVVnBv,3,3,47.52000045776367,49.959999084472656,2.4399986267089844,58.988651275634766,0.16911359200348355,1.4898452758789062
138,168,d0cad914-311f-4acf-8b01-9ae194716660,1f26b043-0ab8-4114-bed0-7907ad554869,zgBBlo5,ZaJJgqJ,3,3,48.849998474121094,45.189998626708984,3.6599998474121094,59.01182556152344,0.11510080279688645,1.7628822326660156
167,190,6c976ddb-808b-4d93-a148-bf92ba42d82b,97ece66d-7b1d-4551-ac88-6f6d6f10a39d,rxddqKd,B6ddp5j,3,3,50.81999969482422,48.06999969482422,2.75,59.02031326293945,0.10387377395933317,1.0447959899902344
155,164,9bed362d-e5c3-4ee7-93d8-55fec8fd99b4,4f00ed0a-49df-4d72-a327-d5f033b13a8e,xOeeYnE,YpQQWQ2,3,3,45.849998474121094,47.84000015258789,1.9900016784667969,59.097686767578125,0.18921612679234487,1.396087646484375
147,186,2aebb60c-c7d1-4676-be8f-bd84af71d93c,12f174d0-c007-49e5-b6c8-2a7fd0153628,2MDDao4,3xJJr0A,3,3,49.66999816894531,46.54999923706055,3.1199989318847656,59.247615814208984,0.11663680509192687,2.0814666748046875
185,201,03b43216-1c92-4d65-be91-0684dc10cc68,81655360-d7db-460c-aa82-c4cdaf15221f,ZaJJgJd,JaxxWd7,3,3,47.52000045776367,48.06999969482422,0.5499992370605469,59.384700775146484,0.17802729311900128,1.31500244140625
175,178,74c5f4ff-28e1-4363-b1f6-3d6652029fd6,2dba7ba3-59dd-4ef6-8d43-ccb40d5ace50,LaMMp6W,xOee9ek,3,3,48.310001373291016,50.529998779296875,2.2199974060058594,59.54507827758789,0.20302397185408594,1.6920948028564453
150,169,518d005d-6c82-41de-9587-3d4ef5953d0d,21484c78-df30-4ab5-8af4-469d2345e49f,5YMManw,jOaa06m,3,3,46.720001220703125,43.04999923706055,3.670001983642578,59.616294860839844,0.12221749532662839,1.2833061218261719
150,176,518d005d-6c82-41de-9587-3d4ef5953d0d,a8c78031-facf-4b57-9557-82565c31c479,5YMManw,ay11aya,3,3,46.720001220703125,49.5099983215332,2.789997100830078,59.626548767089844,0.11753906811677756,1.233419418334961
166,171,54afbce7-0d24-4572-a57e-1a9cf5b196cf,34629fd5-7afb-4ae1-b500-dfdb8ba18ea7,eqXXzKe,ZaJJgM0,3,3,48.0099983215332,45.63999938964844,2.3699989318847656,59.681541442871094,0.1496653711649115,0.9951667785644531
137,191,01d709d5-fa15-425b-85fa-5c094effe5d5,4520b107-cb32-495c-a4a3-906ef0c70e6e,1VEER6L,eqXXwjV,3,3,47.220001220703125,47.970001220703125,0.75,59.700557708740234,0.1363371530928606,1.5210323333740234
185,190,03b43216-1c92-4d65-be91-0684dc10cc68,97ece66d-7b1d-4551-ac88-6f6d6f10a39d,ZaJJgJd,B6ddp5j,3,3,47.52000045776367,48.06999969482422,0.5499992370605469,59.801551818847656,0.17328379149494472,1.491739273071289
29,48,98498bb2-2b36-4049-896d-8bd1086e76f5,8e7d0694-9a0e-4b1a-b865-2eca79da2b97,wxlWQ3a,AgWdLXl,1,1,46.0099983215332,46.2400016784668,0.23000335693359375,59.8056755065918,0.141468129557508,1.1329827308654785
139,168,991f4c0c-6eb1-480e-aaa8-47c9cb025ca3,1f26b043-0ab8-4114-bed0-7907ad554869,2MDDjxk,ZaJJgqJ,3,3,47.81999969482422,45.189998626708984,2.6300010681152344,59.91136932373047,0.145858731932907,1.230947494506836
157,200,ff6daf1e-a4ca-4e3e-94a8-0b460ad66d2b,e5c80efe-06c3-46ff-ab98-65e53192e47b,Ropp54K,nEVVnBv,3,3,48.06999969482422,49.959999084472656,1.8899993896484375,59.92192840576172,0.15074931762337648,1.3025627136230469
138,202,d0cad914-311f-4acf-8b01-9ae194716660,580facf8-1988-4e38-a1a7-cd76a324e14b,zgBBlo5,ZaJJgA6,3,3,48.849998474121094,48.349998474121094,0.5,59.951316833496094,0.13241830519673906,1.991434097290039
137,198,01d709d5-fa15-425b-85fa-5c094effe5d5,3c30bcee-ca53-428f-a60a-9b1eb2a047b6,1VEER6L,mOaa0Vg,3,3,47.220001220703125,47.790000915527344,0.5699996948242188,59.9514045715332,0.15043164203394563,1.378387451171875
157,196,ff6daf1e-a4ca-4e3e-94a8-0b460ad66d2b,4eeabf42-c4e2-47c9-b770-9565f5a88f0d,Ropp54K,78WWkwe,3,3,48.06999969482422,48.70000076293945,0.6300010681152344,59.955074310302734,0.12471867612645597,1.269195556640625
137,200,01d709d5-fa15-425b-85fa-5c094effe5d5,e5c80efe-06c3-46ff-ab98-65e53192e47b,1VEER6L,nEVVnBv,3,3,47.220001220703125,49.959999084472656,2.7399978637695312,59.95624542236328,0.12845541917465278,1.288614273071289
164,191,4f00ed0a-49df-4d72-a327-d5f033b13a8e,4520b107-cb32-495c-a4a3-906ef0c70e6e,YpQQWQ2,eqXXwjV,3,3,47.84000015258789,47.970001220703125,0.13000106811523438,59.96281433105469,0.18749998800586568,1.7417998313903809
150,198,518d005d-6c82-41de-9587-3d4ef5953d0d,3c30bcee-ca53-428f-a60a-9b1eb2a047b6,5YMManw,mOaa0Vg,3,3,46.720001220703125,47.790000915527344,1.0699996948242188,59.98622512817383,0.1645727120109789,1.5323638916015625
139,175,991f4c0c-6eb1-480e-aaa8-47c9cb025ca3,74c5f4ff-28e1-4363-b1f6-3d6652029fd6,2MDDjxk,LaMMp6W,3,3,47.81999969482422,50.529998779296875,2.7099990844726562,59.98637008666992,0.1379017149727937,1.3636150360107422
165,202,ac903e2d-9aef-4d56-bdb3-5dfac63dcad9,580facf8-1988-4e38-a1a7-cd76a324e14b,LaMMqL0,ZaJJgA6,3,3,47.380001068115234,48.349998474121094,0.9699974060058594,60.08919906616211,0.16319271147448064,1.1296443939208984
149,165,028dd900-6901-4c5e-8666-fd4ddb85df3b,ac903e2d-9aef-4d56-bdb3-5dfac63dcad9,pgAAmoK,LaMMqL0,3,3,50.40999984741211,47.380001068115234,3.029998779296875,60.09747314453125,0.12364053308604504,1.1141281127929688
159,191,45e59b9a-ba91-4894-bafa-6d5c220cfc39,4520b107-cb32-495c-a4a3-906ef0c70e6e,5YMMp2O,eqXXwjV,3,3,48.439998626708984,47.970001220703125,0.4699974060058594,60.108192443847656,0.21076266190880977,2.0295486450195312
157,191,ff6daf1e-a4ca-4e3e-94a8-0b460ad66d2b,4520b107-cb32-495c-a4a3-906ef0c70e6e,Ropp54K,eqXXwjV,3,3,48.06999969482422,47.970001220703125,0.09999847412109375,60.3841667175293,0.14256233668326182,1.1742572784423828
142,150,e59de151-5d2c-4add-b798-c210be0c38dd,518d005d-6c82-41de-9587-3d4ef5953d0d,jOaaQJo,5YMManw,3,3,46.720001220703125,48.2400016784668,1.5200004577636719,60.45185470581055,0.1118068312971831,1.1378917694091797
143,156,2511ec83-1d54-48a1-81e9-eba3d1619a2d,688cb2f8-7162-4b14-a7c8-f94033e61f4f,1VEEOdv,41jjyZ3,3,3,46.97999954223633,47.59000015258789,0.6100006103515625,60.516517639160156,0.14826169575417836,1.5140304565429688
156,191,688cb2f8-7162-4b14-a7c8-f94033e61f4f,4520b107-cb32-495c-a4a3-906ef0c70e6e,41jjyZ3,eqXXwjV,3,3,47.59000015258789,47.970001220703125,0.3800010681152344,60.589603424072266,0.15105852313845425,1.3752326965332031
139,174,991f4c0c-6eb1-480e-aaa8-47c9cb025ca3,2377a154-096a-49c1-b77f-631b23dcdac1,2MDDjxk,gL66nlZ,3,3,47.81999969482422,49.56999969482422,1.75,60.60941696166992,0.14991689512130318,1.2137260437011719
139,144,991f4c0c-6eb1-480e-aaa8-47c9cb025ca3,f08c7947-4e80-4821-99d6-2a7418453f5b,2MDDjxk,ok880l6,3,3,47.81999969482422,49.11000061035156,1.2900009155273438,60.63611602783203,0.14346874486906339,1.4105186462402344
144,185,f08c7947-4e80-4821-99d6-2a7418453f5b,03b43216-1c92-4d65-be91-0684dc10cc68,ok880l6,ZaJJgJd,3,3,47.52000045776367,49.11000061035156,1.5900001525878906,60.719322204589844,0.17766173321693213,1.4249687194824219
149,175,028dd900-6901-4c5e-8666-fd4ddb85df3b,74c5f4ff-28e1-4363-b1f6-3d6652029fd6,pgAAmoK,LaMMp6W,3,3,50.40999984741211,50.529998779296875,0.11999893188476562,60.75734329223633,0.16463494676705662,1.3666915893554688
137,164,01d709d5-fa15-425b-85fa-5c094effe5d5,4f00ed0a-49df-4d72-a327-d5f033b13a8e,1VEER6L,YpQQWQ2,3,3,47.84000015258789,47.220001220703125,0.6199989318847656,60.76582336425781,0.16749524416989373,2.0163512229919434
185,191,03b43216-1c92-4d65-be91-0684dc10cc68,4520b107-cb32-495c-a4a3-906ef0c70e6e,ZaJJgJd,eqXXwjV,3,3,47.52000045776367,47.970001220703125,0.4500007629394531,60.76877975463867,0.1825275229408293,1.333669662475586
139,172,991f4c0c-6eb1-480e-aaa8-47c9cb025ca3,b39a6095-16f9-4bc3-a90d-57a56c6b0eaf,2MDDjxk,wxKKAqA,3,3,47.81999969482422,52.7599983215332,4.939998626708984,60.84268569946289,0.13270352172255118,1.3524818420410156
12,66,837b3e63-77fb-4d29-804b-a6746459dd20,586f5d9f-e9d1-458f-bf37-fabc0314c1e5,ayeoKM6,ygOvjmM,1,1,43.790000915527344,45.720001220703125,1.9300003051757812,60.848968505859375,0.12513723000767402,1.309896469116211
141,191,69f01817-3d20-4b0f-87a6-f82009e06bfc,4520b107-cb32-495c-a4a3-906ef0c70e6e,gL66nxp,eqXXwjV,3,3,48.310001373291016,47.970001220703125,0.3400001525878906,60.85623550415039,0.12808504120788106,1.1311817169189453
0,2,4438ed82-c13d-48d3-b1eb-fa39fb2832c6,813a5bc0-4f60-475a-9ab8-51716bbbd828,qxapevM,Qyw8BYM,1,1,46.310001373291016,45.529998779296875,0.7800025939941406,60.91018295288086,0.12572621707436313,1.3207683563232422
154,156,0f388e83-ff1a-4d9e-8154-a1d8fa94fc64,688cb2f8-7162-4b14-a7c8-f94033e61f4f,DDOOnrw,41jjyZ3,3,3,47.59000015258789,46.31999969482422,1.2700004577636719,60.9365234375,0.13328962770533395,1.4518814086914062
168,178,1f26b043-0ab8-4114-bed0-7907ad554869,2dba7ba3-59dd-4ef6-8d43-ccb40d5ace50,ZaJJgqJ,xOee9ek,3,3,48.310001373291016,45.189998626708984,3.1200027465820312,60.9394645690918,0.19547523239354786,1.7789363861083984
157,198,ff6daf1e-a4ca-4e3e-94a8-0b460ad66d2b,3c30bcee-ca53-428f-a60a-9b1eb2a047b6,Ropp54K,mOaa0Vg,3,3,48.06999969482422,47.790000915527344,0.279998779296875,60.96953201293945,0.13048659067938168,1.3105297088623047
154,159,0f388e83-ff1a-4d9e-8154-a1d8fa94fc64,45e59b9a-ba91-4894-bafa-6d5c220cfc39,DDOOnrw,5YMMp2O,3,3,48.439998626708984,46.31999969482422,2.1199989318847656,61.09164810180664,0.22017575519396548,1.7351551055908203
169,196,21484c78-df30-4ab5-8af4-469d2345e49f,4eeabf42-c4e2-47c9-b770-9565f5a88f0d,jOaa06m,78WWkwe,3,3,43.04999923706055,48.70000076293945,5.650001525878906,61.14479064941406,0.15150156640686543,1.2602767944335938
145,165,a3d5f0f5-51cf-4621-bdc0-5df523ab239c,ac903e2d-9aef-4d56-bdb3-5dfac63dcad9,wxKKgRB,LaMMqL0,3,3,49.75,47.380001068115234,2.3699989318847656,61.187007904052734,0.12112053283308029,1.1605491638183594
156,175,688cb2f8-7162-4b14-a7c8-f94033e61f4f,74c5f4ff-28e1-4363-b1f6-3d6652029fd6,41jjyZ3,LaMMp6W,3,3,47.59000015258789,50.529998779296875,2.9399986267089844,61.203468322753906,0.14400352330791788,1.584909439086914
168,177,1f26b043-0ab8-4114-bed0-7907ad554869,e56c8f60-e719-4516-9f29-bf6707bad710,ZaJJgqJ,de11gD5,3,3,47.22999954223633,45.189998626708984,2.0400009155273438,61.2436637878418,0.19320190117766523,1.2785911560058594
146,185,ee0e7500-8a84-4b89-b39f-144d1ffe71fb,03b43216-1c92-4d65-be91-0684dc10cc68,5YMMp9M,ZaJJgJd,3,3,47.52000045776367,48.279998779296875,0.7599983215332031,61.277774810791016,0.22652155849363653,2.0991039276123047
172,190,b39a6095-16f9-4bc3-a90d-57a56c6b0eaf,97ece66d-7b1d-4551-ac88-6f6d6f10a39d,wxKKAqA,B6ddp5j,3,3,52.7599983215332,48.06999969482422,4.689998626708984,61.43275451660156,0.16665149799531792,1.5469341278076172
138,183,d0cad914-311f-4acf-8b01-9ae194716660,eaf00a3e-28aa-4ad7-9ca0-6d5f9f9a2a12,zgBBlo5,pgAAwpp,3,3,48.849998474121094,49.22999954223633,0.3800010681152344,61.47361755371094,0.2142938237330296,1.4622726440429688
157,176,ff6daf1e-a4ca-4e3e-94a8-0b460ad66d2b,a8c78031-facf-4b57-9557-82565c31c479,Ropp54K,ay11aya,3,3,48.06999969482422,49.5099983215332,1.4399986267089844,61.534488677978516,0.16815768598882938,1.3604869842529297
138,152,d0cad914-311f-4acf-8b01-9ae194716660,37ac4a80-8091-4430-b052-8d367d0fadac,zgBBlo5,ay11Z1Z,3,3,48.849998474121094,47.959999084472656,0.8899993896484375,61.7011833190918,0.12495629976502313,1.435129165649414
172,181,b39a6095-16f9-4bc3-a90d-57a56c6b0eaf,b1f3302b-f423-4be5-9ef4-7d61b3dcf8eb,wxKKAqA,gL66nZw,3,3,52.7599983215332,47.43000030517578,5.329998016357422,61.8089485168457,0.1883554748267483,1.5080547332763672
142,166,e59de151-5d2c-4add-b798-c210be0c38dd,54afbce7-0d24-4572-a57e-1a9cf5b196cf,jOaaQJo,eqXXzKe,3,3,48.0099983215332,48.2400016784668,0.23000335693359375,61.81845474243164,0.17648381559913995,1.2039966583251953
157,181,ff6daf1e-a4ca-4e3e-94a8-0b460ad66d2b,b1f3302b-f423-4be5-9ef4-7d61b3dcf8eb,Ropp54K,gL66nZw,3,3,48.06999969482422,47.43000030517578,0.6399993896484375,61.8900260925293,0.143717539251608,1.2600383758544922
166,200,54afbce7-0d24-4572-a57e-1a9cf5b196cf,e5c80efe-06c3-46ff-ab98-65e53192e47b,eqXXzKe,nEVVnBv,3,3,48.0099983215332,49.959999084472656,1.9500007629394531,61.915504455566406,0.17681446381941593,1.1671981811523438
154,172,0f388e83-ff1a-4d9e-8154-a1d8fa94fc64,b39a6095-16f9-4bc3-a90d-57a56c6b0eaf,DDOOnrw,wxKKAqA,3,3,52.7599983215332,46.31999969482422,6.439998626708984,62.001712799072266,0.19819540987265055,1.9212837219238281
139,167,991f4c0c-6eb1-480e-aaa8-47c9cb025ca3,6c976ddb-808b-4d93-a148-bf92ba42d82b,2MDDjxk,rxddqKd,3,3,47.81999969482422,50.81999969482422,3.0,62.01589584350586,0.1371385629842998,1.4830303192138672
155,184,9bed362d-e5c3-4ee7-93d8-55fec8fd99b4,3c0517b0-9392-4d2e-9c12-2bf0285e02d5,xOeeYnE,ay11R9a,3,3,45.849998474121094,45.83000183105469,0.01999664306640625,62.0200080871582,0.21245556235489382,1.223684310913086
187,191,f0b9febd-a932-416f-a09b-adc144b067eb,4520b107-cb32-495c-a4a3-906ef0c70e6e,MaVVoxY,eqXXwjV,3,3,48.90999984741211,47.970001220703125,0.9399986267089844,62.03266525268555,0.1265126520828234,1.2230377197265625
169,198,21484c78-df30-4ab5-8af4-469d2345e49f,3c30bcee-ca53-428f-a60a-9b1eb2a047b6,jOaa06m,mOaa0Vg,3,3,43.04999923706055,47.790000915527344,4.740001678466797,62.120697021484375,0.16690213824700917,1.5307388305664062
146,177,ee0e7500-8a84-4b89-b39f-144d1ffe71fb,e56c8f60-e719-4516-9f29-bf6707bad710,5YMMp9M,de11gD5,3,3,47.22999954223633,48.279998779296875,1.0499992370605469,62.12937927246094,0.17565947378381175,1.2671146392822266
166,196,54afbce7-0d24-4572-a57e-1a9cf5b196cf,4eeabf42-c4e2-47c9-b770-9565f5a88f0d,eqXXzKe,78WWkwe,3,3,48.0099983215332,48.70000076293945,0.69000244140625,62.15195846557617,0.20593643711758108,1.281503677368164
139,151,991f4c0c-6eb1-480e-aaa8-47c9cb025ca3,cbf5041c-210f-4e5c-812b-3434eb4cb63a,2MDDjxk,zgBBl9p,3,3,47.81999969482422,47.40999984741211,0.4099998474121094,62.153629302978516,0.14023480576105143,1.1076393127441406
172,175,b39a6095-16f9-4bc3-a90d-57a56c6b0eaf,74c5f4ff-28e1-4363-b1f6-3d6652029fd6,wxKKAqA,LaMMp6W,3,3,52.7599983215332,50.529998779296875,2.229999542236328,62.157798767089844,0.16552859085580868,1.3712081909179688
149,177,028dd900-6901-4c5e-8666-fd4ddb85df3b,e56c8f60-e719-4516-9f29-bf6707bad710,pgAAmoK,de11gD5,3,3,50.40999984741211,47.22999954223633,3.1800003051757812,62.162132263183594,0.18704158137011342,1.2969169616699219
138,175,d0cad914-311f-4acf-8b01-9ae194716660,74c5f4ff-28e1-4363-b1f6-3d6652029fd6,zgBBlo5,LaMMp6W,3,3,48.849998474121094,50.529998779296875,1.6800003051757812,62.26143264770508,0.11630533305985208,1.2291259765625
169,191,21484c78-df30-4ab5-8af4-469d2345e49f,4520b107-cb32-495c-a4a3-906ef0c70e6e,jOaa06m,eqXXwjV,3,3,43.04999923706055,47.970001220703125,4.920001983642578,62.31430435180664,0.13885528516436918,1.8210945129394531
157,171,ff6daf1e-a4ca-4e3e-94a8-0b460ad66d2b,34629fd5-7afb-4ae1-b500-dfdb8ba18ea7,Ropp54K,ZaJJgM0,3,3,48.06999969482422,45.63999938964844,2.4300003051757812,62.32232666015625,0.16566474140145007,1.181894302368164
146,149,ee0e7500-8a84-4b89-b39f-144d1ffe71fb,028dd900-6901-4c5e-8666-fd4ddb85df3b,5YMMp9M,pgAAmoK,3,3,50.40999984741211,48.279998779296875,2.1300010681152344,62.33949279785156,0.19925695468677088,1.6268177032470703
150,154,518d005d-6c82-41de-9587-3d4ef5953d0d,0f388e83-ff1a-4d9e-8154-a1d8fa94fc64,5YMManw,DDOOnrw,3,3,46.720001220703125,46.31999969482422,0.40000152587890625,62.37686538696289,0.1738644633416183,1.6118545532226562
147,198,2aebb60c-c7d1-4676-be8f-bd84af71d93c,3c30bcee-ca53-428f-a60a-9b1eb2a047b6,2MDDao4,mOaa0Vg,3,3,49.66999816894531,47.790000915527344,1.8799972534179688,62.385711669921875,0.15725194559010447,1.624359130859375
5,54,d366e43d-829c-4c52-b849-48178d3d8cb9,a0f5d888-0a47-4128-bfd3-65d4f76c9647,zgWOjq4,EWBKYJp,1,1,44.13999938964844,43.599998474121094,0.5400009155273438,62.44723129272461,0.11641213223778464,0.8913059234619141
164,176,4f00ed0a-49df-4d72-a327-d5f033b13a8e,a8c78031-facf-4b57-9557-82565c31c479,YpQQWQ2,ay11aya,3,3,47.84000015258789,49.5099983215332,1.6699981689453125,62.685325622558594,0.1554269062784876,1.6640632152557373
165,179,ac903e2d-9aef-4d56-bdb3-5dfac63dcad9,2a4c640a-2cb4-43e4-b5c5-c704ddcd235f,LaMMqL0,ygqqEBE,3,3,47.380001068115234,45.88999938964844,1.4900016784667969,62.70599365234375,0.17680821862683582,1.4327430725097656
141,200,69f01817-3d20-4b0f-87a6-f82009e06bfc,e5c80efe-06c3-46ff-ab98-65e53192e47b,gL66nxp,nEVVnBv,3,3,48.310001373291016,49.959999084472656,1.6499977111816406,62.803558349609375,0.12123316650856045,0.9138717651367188
151,167,cbf5041c-210f-4e5c-812b-3434eb4cb63a,6c976ddb-808b-4d93-a148-bf92ba42d82b,zgBBl9p,rxddqKd,3,3,47.40999984741211,50.81999969482422,3.4099998474121094,62.91231155395508,0.13591377070302868,1.2791004180908203
162,203,b522ee74-58b9-4509-a920-e910731a9643,37167e88-5db0-4e82-b39c-d1aa20908fc1,rxddywO,wxKKBZA,3,3,47.83000183105469,48.209999084472656,0.37999725341796875,62.92522430419922,0.24464016892175203,1.6229114532470703
147,174,2aebb60c-c7d1-4676-be8f-bd84af71d93c,2377a154-096a-49c1-b77f-631b23dcdac1,2MDDao4,gL66nlZ,3,3,49.66999816894531,49.56999969482422,0.09999847412109375,62.940250396728516,0.12237343606076086,1.499277114868164
149,151,028dd900-6901-4c5e-8666-fd4ddb85df3b,cbf5041c-210f-4e5c-812b-3434eb4cb63a,pgAAmoK,zgBBl9p,3,3,50.40999984741211,47.40999984741211,3.0,62.95927429199219,0.13709328007910193,1.2339725494384766
159,196,45e59b9a-ba91-4894-bafa-6d5c220cfc39,4eeabf42-c4e2-47c9-b770-9565f5a88f0d,5YMMp2O,78WWkwe,3,3,48.439998626708984,48.70000076293945,0.26000213623046875,62.98354721069336,0.21178349115740908,1.6592769622802734
158,171,8df6ab6a-d76c-4f87-b06a-f3d3e66b10ae,34629fd5-7afb-4ae1-b500-dfdb8ba18ea7,vaooYkQ,ZaJJgM0,3,3,46.72999954223633,45.63999938964844,1.0900001525878906,63.099082946777344,0.20319673967717233,1.5009136199951172
194,197,246ddf70-f978-4622-a2c0-1ac459250f3d,daad1afb-83b1-4113-a697-845b5889bd19,YpQQEo2,41jjXM7,3,3,48.439998626708984,47.81999969482422,0.6199989318847656,63.14528274536133,0.24412873905533178,2.389089584350586
142,164,e59de151-5d2c-4add-b798-c210be0c38dd,4f00ed0a-49df-4d72-a327-d5f033b13a8e,jOaaQJo,YpQQWQ2,3,3,47.84000015258789,48.2400016784668,0.40000152587890625,63.18717956542969,0.1774799719379053,2.0993449687957764
159,200,45e59b9a-ba91-4894-bafa-6d5c220cfc39,e5c80efe-06c3-46ff-ab98-65e53192e47b,5YMMp2O,nEVVnBv,3,3,48.439998626708984,49.959999084472656,1.5200004577636719,63.22799301147461,0.21839589208127957,1.9861888885498047
166,183,54afbce7-0d24-4572-a57e-1a9cf5b196cf,eaf00a3e-28aa-4ad7-9ca0-6d5f9f9a2a12,eqXXzKe,pgAAwpp,3,3,48.0099983215332,49.22999954223633,1.220001220703125,63.559017181396484,0.16488504156679493,1.1511211395263672
137,166,01d709d5-fa15-425b-85fa-5c094effe5d5,54afbce7-0d24-4572-a57e-1a9cf5b196cf,1VEER6L,eqXXzKe,3,3,48.0099983215332,47.220001220703125,0.7899971008300781,63.63067626953125,0.16046885148530574,1.2757339477539062
145,168,a3d5f0f5-51cf-4621-bdc0-5df523ab239c,1f26b043-0ab8-4114-bed0-7907ad554869,wxKKgRB,ZaJJgqJ,3,3,49.75,45.189998626708984,4.560001373291016,63.67425537109375,0.153353037762863,1.4084091186523438
137,158,01d709d5-fa15-425b-85fa-5c094effe5d5,8df6ab6a-d76c-4f87-b06a-f3d3e66b10ae,1VEER6L,vaooYkQ,3,3,46.72999954223633,47.220001220703125,0.4900016784667969,63.676300048828125,0.170263991194794,1.3413314819335938
158,164,8df6ab6a-d76c-4f87-b06a-f3d3e66b10ae,4f00ed0a-49df-4d72-a327-d5f033b13a8e,vaooYkQ,YpQQWQ2,3,3,46.72999954223633,47.84000015258789,1.1100006103515625,63.72354507446289,0.1855838330144451,1.3340625762939453
151,178,cbf5041c-210f-4e5c-812b-3434eb4cb63a,2dba7ba3-59dd-4ef6-8d43-ccb40d5ace50,zgBBl9p,xOee9ek,3,3,48.310001373291016,47.40999984741211,0.9000015258789062,63.86846923828125,0.2246275658066745,1.9273624420166016
150,191,518d005d-6c82-41de-9587-3d4ef5953d0d,4520b107-cb32-495c-a4a3-906ef0c70e6e,5YMManw,eqXXwjV,3,3,46.720001220703125,47.970001220703125,1.25,63.88005447387695,0.14763604105584308,1.9516448974609375
169,189,21484c78-df30-4ab5-8af4-469d2345e49f,bb45caf4-ba60-4064-b345-96c276ff3888,jOaa06m,WLMMn63,3,3,43.04999923706055,49.0,5.950000762939453,63.881874084472656,0.19046692473928037,1.9778709411621094
146,172,ee0e7500-8a84-4b89-b39f-144d1ffe71fb,b39a6095-16f9-4bc3-a90d-57a56c6b0eaf,5YMMp9M,wxKKAqA,3,3,52.7599983215332,48.279998779296875,4.479999542236328,63.94518280029297,0.1294892072518453,1.195770263671875
155,176,9bed362d-e5c3-4ee7-93d8-55fec8fd99b4,a8c78031-facf-4b57-9557-82565c31c479,xOeeYnE,ay11aya,3,3,45.849998474121094,49.5099983215332,3.6599998474121094,63.98942565917969,0.2197410225743203,1.670949935913086
155,189,9bed362d-e5c3-4ee7-93d8-55fec8fd99b4,bb45caf4-ba60-4064-b345-96c276ff3888,xOeeYnE,WLMMn63,3,3,45.849998474121094,49.0,3.1500015258789062,64.03070831298828,0.17145707707221236,1.4409751892089844
150,171,518d005d-6c82-41de-9587-3d4ef5953d0d,34629fd5-7afb-4ae1-b500-dfdb8ba18ea7,5YMManw,ZaJJgM0,3,3,46.720001220703125,45.63999938964844,1.0800018310546875,64.05774688720703,0.13338307986795292,1.1823978424072266
144,172,f08c7947-4e80-4821-99d6-2a7418453f5b,b39a6095-16f9-4bc3-a90d-57a56c6b0eaf,ok880l6,wxKKAqA,3,3,52.7599983215332,49.11000061035156,3.6499977111816406,64.07796478271484,0.18099936052124038,1.8388919830322266
149,179,028dd900-6901-4c5e-8666-fd4ddb85df3b,2a4c640a-2cb4-43e4-b5c5-c704ddcd235f,pgAAmoK,ygqqEBE,3,3,50.40999984741211,45.88999938964844,4.520000457763672,64.12915802001953,0.20662175817107825,2.1393184661865234
163,164,d8012ff8-6e82-40e6-972c-6d0b03765b24,4f00ed0a-49df-4d72-a327-d5f033b13a8e,B6ddnrl,YpQQWQ2,3,3,48.58000183105469,47.84000015258789,0.7400016784667969,64.13567352294922,0.2552355895089499,1.6544361114501953
164,169,4f00ed0a-49df-4d72-a327-d5f033b13a8e,21484c78-df30-4ab5-8af4-469d2345e49f,YpQQWQ2,jOaa06m,3,3,43.04999923706055,47.84000015258789,4.790000915527344,64.304931640625,0.16591785307613557,1.8795838356018066
143,174,2511ec83-1d54-48a1-81e9-eba3d1619a2d,2377a154-096a-49c1-b77f-631b23dcdac1,1VEEOdv,gL66nlZ,3,3,46.97999954223633,49.56999969482422,2.5900001525878906,64.30899810791016,0.1419620371043651,1.7006645202636719
11,24,ec2cbf30-d648-4846-9a15-a2f5df16d73e,3b502380-da4f-4690-99ed-831c3a9dba91,nEd8oRQ,3xBVvVz,1,1,45.0099983215332,42.220001220703125,2.789997100830078,64.64944458007812,0.14828778957158437,1.105255126953125
2,46,813a5bc0-4f60-475a-9ab8-51716bbbd828,4f34d935-b03a-42ab-9138-521d5bdf4a5e,Qyw8BYM,ygOvo2x,1,1,45.529998779296875,43.56999969482422,1.9599990844726562,64.66531372070312,0.1366781041208724,1.0280590057373047
143,175,2511ec83-1d54-48a1-81e9-eba3d1619a2d,74c5f4ff-28e1-4363-b1f6-3d6652029fd6,1VEEOdv,LaMMp6W,3,3,46.97999954223633,50.529998779296875,3.549999237060547,64.73905944824219,0.1284593352467727,1.4210224151611328
33,65,ddb86b4d-37d7-46a7-a367-aff522e643a2,8b82c21a-5c77-4f4a-b42c-876f8e30b12c,1VejMz6,jOlJ5Lm,1,1,44.2400016784668,46.939998626708984,2.6999969482421875,64.87628173828125,0.19791566310476505,1.8807964324951172
156,178,688cb2f8-7162-4b14-a7c8-f94033e61f4f,2dba7ba3-59dd-4ef6-8d43-ccb40d5ace50,41jjyZ3,xOee9ek,3,3,48.310001373291016,47.59000015258789,0.720001220703125,64.9602279663086,0.2037495285272868,1.7255973815917969
141,201,69f01817-3d20-4b0f-87a6-f82009e06bfc,81655360-d7db-460c-aa82-c4cdaf15221f,gL66nxp,JaxxWd7,3,3,48.310001373291016,48.06999969482422,0.24000167846679688,64.97611999511719,0.13809991044839054,1.001312255859375
141,202,69f01817-3d20-4b0f-87a6-f82009e06bfc,580facf8-1988-4e38-a1a7-cd76a324e14b,gL66nxp,ZaJJgA6,3,3,48.310001373291016,48.349998474121094,0.039997100830078125,65.14075469970703,0.1549446697264961,1.0192089080810547
181,199,b1f3302b-f423-4be5-9ef4-7d61b3dcf8eb,cd2dc01a-924a-487d-891c-5caf021cf81d,gL66nZw,LaMMyXW,3,3,48.900001525878906,47.43000030517578,1.470001220703125,65.16032409667969,0.18989466366665408,1.2691631317138672
0,9,4438ed82-c13d-48d3-b1eb-fa39fb2832c6,f18e5f43-a710-4848-9241-3a12185603cd,qxapevM,nEd8yQm,1,1,46.310001373291016,44.380001068115234,1.9300003051757812,65.28056335449219,0.19405818502546798,1.3391714096069336
178,186,2dba7ba3-59dd-4ef6-8d43-ccb40d5ace50,12f174d0-c007-49e5-b6c8-2a7fd0153628,xOee9ek,3xJJr0A,3,3,48.310001373291016,46.54999923706055,1.7600021362304688,65.29106140136719,0.21511973769724935,1.7638874053955078
138,178,d0cad914-311f-4acf-8b01-9ae194716660,2dba7ba3-59dd-4ef6-8d43-ccb40d5ace50,zgBBlo5,xOee9ek,3,3,48.310001373291016,48.849998474121094,0.5399971008300781,65.36483001708984,0.230729543820042,1.7955856323242188
150,157,518d005d-6c82-41de-9587-3d4ef5953d0d,ff6daf1e-a4ca-4e3e-94a8-0b460ad66d2b,5YMManw,Ropp54K,3,3,46.720001220703125,48.06999969482422,1.3499984741210938,65.3709945678711,0.1690109933554108,1.4578056335449219
147,182,2aebb60c-c7d1-4676-be8f-bd84af71d93c,4de51a1f-71c9-4bf9-9382-027c755385b3,2MDDao4,DDOO4B9,3,3,44.31999969482422,49.66999816894531,5.349998474121094,65.41179656982422,0.17566628040645352,1.6598453521728516
172,177,b39a6095-16f9-4bc3-a90d-57a56c6b0eaf,e56c8f60-e719-4516-9f29-bf6707bad710,wxKKAqA,de11gD5,3,3,47.22999954223633,52.7599983215332,5.529998779296875,65.63536834716797,0.18302758152127344,1.6561565399169922
145,175,a3d5f0f5-51cf-4621-bdc0-5df523ab239c,74c5f4ff-28e1-4363-b1f6-3d6652029fd6,wxKKgRB,LaMMp6W,3,3,49.75,50.529998779296875,0.779998779296875,65.78182983398438,0.17364888491571218,1.2156124114990234
155,191,9bed362d-e5c3-4ee7-93d8-55fec8fd99b4,4520b107-cb32-495c-a4a3-906ef0c70e6e,xOeeYnE,eqXXwjV,3,3,45.849998474121094,47.970001220703125,2.1200027465820312,65.8979721069336,0.25555909164702284,1.5170173645019531
167,199,6c976ddb-808b-4d93-a148-bf92ba42d82b,cd2dc01a-924a-487d-891c-5caf021cf81d,rxddqKd,LaMMyXW,3,3,48.900001525878906,50.81999969482422,1.9199981689453125,65.90945434570312,0.18456375962685959,1.527353286743164
177,179,e56c8f60-e719-4516-9f29-bf6707bad710,2a4c640a-2cb4-43e4-b5c5-c704ddcd235f,de11gD5,ygqqEBE,3,3,47.22999954223633,45.88999938964844,1.3400001525878906,65.95864868164062,0.1612638667897906,1.6253414154052734
158,198,8df6ab6a-d76c-4f87-b06a-f3d3e66b10ae,3c30bcee-ca53-428f-a60a-9b1eb2a047b6,vaooYkQ,mOaa0Vg,3,3,46.72999954223633,47.790000915527344,1.0600013732910156,66.01072692871094,0.19913931412484487,1.5829792022705078
189,194,bb45caf4-ba60-4064-b345-96c276ff3888,246ddf70-f978-4622-a2c0-1ac459250f3d,WLMMn63,YpQQEo2,3,3,49.0,48.439998626708984,0.5600013732910156,66.05496978759766,0.20524262669622462,1.5305423736572266
154,169,0f388e83-ff1a-4d9e-8154-a1d8fa94fc64,21484c78-df30-4ab5-8af4-469d2345e49f,DDOOnrw,jOaa06m,3,3,43.04999923706055,46.31999969482422,3.270000457763672,66.14225006103516,0.190389298372954,1.427938461303711
174,199,2377a154-096a-49c1-b77f-631b23dcdac1,cd2dc01a-924a-487d-891c-5caf021cf81d,gL66nlZ,LaMMyXW,3,3,48.900001525878906,49.56999969482422,0.6699981689453125,66.22797393798828,0.20403218160388728,1.3663692474365234
169,201,21484c78-df30-4ab5-8af4-469d2345e49f,81655360-d7db-460c-aa82-c4cdaf15221f,jOaa06m,JaxxWd7,3,3,43.04999923706055,48.06999969482422,5.020000457763672,66.22834777832031,0.14660612817199417,1.7025642395019531
155,171,9bed362d-e5c3-4ee7-93d8-55fec8fd99b4,34629fd5-7afb-4ae1-b500-dfdb8ba18ea7,xOeeYnE,ZaJJgM0,3,3,45.849998474121094,45.63999938964844,0.20999908447265625,66.24171447753906,0.24610856554278573,1.6557083129882812
163,197,d8012ff8-6e82-40e6-972c-6d0b03765b24,daad1afb-83b1-4113-a697-845b5889bd19,B6ddnrl,41jjXM7,3,3,48.58000183105469,47.81999969482422,0.7600021362304688,66.31865692138672,0.2812568983248178,3.0829544067382812
143,154,2511ec83-1d54-48a1-81e9-eba3d1619a2d,0f388e83-ff1a-4d9e-8154-a1d8fa94fc64,1VEEOdv,DDOOnrw,3,3,46.97999954223633,46.31999969482422,0.6599998474121094,66.43685150146484,0.17101654149348172,1.362295150756836
141,175,69f01817-3d20-4b0f-87a6-f82009e06bfc,74c5f4ff-28e1-4363-b1f6-3d6652029fd6,gL66nxp,LaMMp6W,3,3,48.310001373291016,50.529998779296875,2.2199974060058594,66.53022766113281,0.1904985271194608,1.3590354919433594
48,54,8e7d0694-9a0e-4b1a-b865-2eca79da2b97,a0f5d888-0a47-4128-bfd3-65d4f76c9647,AgWdLXl,EWBKYJp,1,1,46.2400016784668,43.599998474121094,2.640003204345703,66.67413330078125,0.12356609272200478,0.9752445220947266
168,179,1f26b043-0ab8-4114-bed0-7907ad554869,2a4c640a-2cb4-43e4-b5c5-c704ddcd235f,ZaJJgqJ,ygqqEBE,3,3,45.88999938964844,45.189998626708984,0.7000007629394531,66.90174865722656,0.23084106156802686,1.628591537475586
165,177,ac903e2d-9aef-4d56-bdb3-5dfac63dcad9,e56c8f60-e719-4516-9f29-bf6707bad710,LaMMqL0,de11gD5,3,3,47.22999954223633,47.380001068115234,0.15000152587890625,66.927490234375,0.15900045460045278,1.1513843536376953
155,197,9bed362d-e5c3-4ee7-93d8-55fec8fd99b4,daad1afb-83b1-4113-a697-845b5889bd19,xOeeYnE,41jjXM7,3,3,47.81999969482422,45.849998474121094,1.970001220703125,67.0916748046875,0.21303441982815383,1.8350372314453125
0,46,4438ed82-c13d-48d3-b1eb-fa39fb2832c6,4f34d935-b03a-42ab-9138-521d5bdf4a5e,qxapevM,ygOvo2x,1,1,46.310001373291016,43.56999969482422,2.740001678466797,67.13500213623047,0.14597514535386724,0.8768482208251953
153,178,0e4c264f-d203-474f-98f4-c5bbbebc3617,2dba7ba3-59dd-4ef6-8d43-ccb40d5ace50,1VEE21E,xOee9ek,3,3,48.310001373291016,50.68000030517578,2.3699989318847656,67.25094604492188,0.23615454438549205,1.8883895874023438
145,152,a3d5f0f5-51cf-4621-bdc0-5df523ab239c,37ac4a80-8091-4430-b052-8d367d0fadac,wxKKgRB,ay11Z1Z,3,3,49.75,47.959999084472656,1.7900009155273438,67.27049255371094,0.19083373596885014,1.2660369873046875
191,194,4520b107-cb32-495c-a4a3-906ef0c70e6e,246ddf70-f978-4622-a2c0-1ac459250f3d,eqXXwjV,YpQQEo2,3,3,48.439998626708984,47.970001220703125,0.4699974060058594,67.28648376464844,0.29070758304333527,1.7800216674804688
189,197,bb45caf4-ba60-4064-b345-96c276ff3888,daad1afb-83b1-4113-a697-845b5889bd19,WLMMn63,41jjXM7,3,3,49.0,47.81999969482422,1.1800003051757812,67.3757553100586,0.20303709585417418,1.3359394073486328
164,189,4f00ed0a-49df-4d72-a327-d5f033b13a8e,bb45caf4-ba60-4064-b345-96c276ff3888,YpQQWQ2,WLMMn63,3,3,49.0,47.84000015258789,1.1599998474121094,67.43942260742188,0.21474951421008273,1.5962753295898438
151,177,cbf5041c-210f-4e5c-812b-3434eb4cb63a,e56c8f60-e719-4516-9f29-bf6707bad710,zgBBl9p,de11gD5,3,3,47.22999954223633,47.40999984741211,0.18000030517578125,67.47869110107422,0.18339113978362725,1.2334575653076172
141,154,69f01817-3d20-4b0f-87a6-f82009e06bfc,0f388e83-ff1a-4d9e-8154-a1d8fa94fc64,gL66nxp,DDOOnrw,3,3,48.310001373291016,46.31999969482422,1.9900016784667969,67.49564361572266,0.13701642989430393,1.23480224609375
150,158,518d005d-6c82-41de-9587-3d4ef5953d0d,8df6ab6a-d76c-4f87-b06a-f3d3e66b10ae,5YMManw,vaooYkQ,3,3,46.72999954223633,46.720001220703125,0.009998321533203125,67.5075912475586,0.18738675210491923,1.3357467651367188
143,147,2511ec83-1d54-48a1-81e9-eba3d1619a2d,2aebb60c-c7d1-4676-be8f-bd84af71d93c,1VEEOdv,2MDDao4,3,3,46.97999954223633,49.66999816894531,2.6899986267089844,67.63587951660156,0.1377045488146462,1.4123897552490234
154,199,0f388e83-ff1a-4d9e-8154-a1d8fa94fc64,cd2dc01a-924a-487d-891c-5caf021cf81d,DDOOnrw,LaMMyXW,3,3,48.900001525878906,46.31999969482422,2.5800018310546875,67.76842498779297,0.20469556657542284,1.2041988372802734
158,191,8df6ab6a-d76c-4f87-b06a-f3d3e66b10ae,4520b107-cb32-495c-a4a3-906ef0c70e6e,vaooYkQ,eqXXwjV,3,3,46.72999954223633,47.970001220703125,1.2400016784667969,67.78318786621094,0.21464773261877115,1.8289356231689453
154,182,0f388e83-ff1a-4d9e-8154-a1d8fa94fc64,4de51a1f-71c9-4bf9-9382-027c755385b3,DDOOnrw,DDOO4B9,3,3,44.31999969482422,46.31999969482422,2.0,67.80497741699219,0.15281667794307907,1.390218734741211
147,199,2aebb60c-c7d1-4676-be8f-bd84af71d93c,cd2dc01a-924a-487d-891c-5caf021cf81d,2MDDao4,LaMMyXW,3,3,48.900001525878906,49.66999816894531,0.7699966430664062,67.82876586914062,0.20166649261108022,1.3874530792236328
152,186,37ac4a80-8091-4430-b052-8d367d0fadac,12f174d0-c007-49e5-b6c8-2a7fd0153628,ay11Z1Z,3xJJr0A,3,3,47.959999084472656,46.54999923706055,1.4099998474121094,67.88328552246094,0.14363917529651563,1.2358856201171875
12,68,837b3e63-77fb-4d29-804b-a6746459dd20,aac9051f-0ede-4ac3-ade1-1afff8a48edd,ayeoKM6,EWBKM01,1,1,43.790000915527344,43.119998931884766,0.6700019836425781,67.92601013183594,0.18349402510120888,1.3419017791748047
187,190,f0b9febd-a932-416f-a09b-adc144b067eb,97ece66d-7b1d-4551-ac88-6f6d6f10a39d,MaVVoxY,B6ddp5j,3,3,48.90999984741211,48.06999969482422,0.8400001525878906,68.14208221435547,0.2184267876195033,1.3791751861572266
2,8,813a5bc0-4f60-475a-9ab8-51716bbbd828,81d60720-5944-451f-aa3b-586e7470bfa9,Qyw8BYM,DDqoYvw,1,1,45.529998779296875,43.900001525878906,1.6299972534179688,68.18070983886719,0.16620795451279935,1.007925033569336
164,166,4f00ed0a-49df-4d72-a327-d5f033b13a8e,54afbce7-0d24-4572-a57e-1a9cf5b196cf,YpQQWQ2,eqXXzKe,3,3,48.0099983215332,47.84000015258789,0.1699981689453125,68.19608306884766,0.1938160087934022,2.429949998855591
163,189,d8012ff8-6e82-40e6-972c-6d0b03765b24,bb45caf4-ba60-4064-b345-96c276ff3888,B6ddnrl,WLMMn63,3,3,48.58000183105469,49.0,0.4199981689453125,68.24407958984375,0.24498974480943295,2.327789306640625
0,62,4438ed82-c13d-48d3-b1eb-fa39fb2832c6,52e6507a-58d9-4278-93ba-227214030ae2,qxapevM,YpV9ZAK,1,1,46.310001373291016,44.43000030517578,1.8800010681152344,68.24951171875,0.1948873813871732,1.348358154296875
159,171,45e59b9a-ba91-4894-bafa-6d5c220cfc39,34629fd5-7afb-4ae1-b500-dfdb8ba18ea7,5YMMp2O,ZaJJgM0,3,3,48.439998626708984,45.63999938964844,2.799999237060547,68.317626953125,0.24847239481175218,1.7517681121826172
186,199,12f174d0-c007-49e5-b6c8-2a7fd0153628,cd2dc01a-924a-487d-891c-5caf021cf81d,3xJJr0A,LaMMyXW,3,3,48.900001525878906,46.54999923706055,2.3500022888183594,68.41543579101562,0.19491737792268582,1.241678237915039
194,200,246ddf70-f978-4622-a2c0-1ac459250f3d,e5c80efe-06c3-46ff-ab98-65e53192e47b,YpQQEo2,nEVVnBv,3,3,48.439998626708984,49.959999084472656,1.5200004577636719,68.42747497558594,0.2801051675622043,1.7602362632751465
194,195,246ddf70-f978-4622-a2c0-1ac459250f3d,64f49656-accd-40c4-b4c6-5b5233efe08b,YpQQEo2,VBaa8yd,3,3,47.150001525878906,48.439998626708984,1.2899971008300781,68.563232421875,0.20891929646993873,2.0206680297851562
0,61,4438ed82-c13d-48d3-b1eb-fa39fb2832c6,bd48fe2a-aad6-49d1-920a-9826cd9bf4eb,qxapevM,vaX9OVL,1,1,46.310001373291016,43.4900016784668,2.8199996948242188,68.76715850830078,0.1487066562828907,1.339080810546875
187,201,f0b9febd-a932-416f-a09b-adc144b067eb,81655360-d7db-460c-aa82-c4cdaf15221f,MaVVoxY,JaxxWd7,3,3,48.90999984741211,48.06999969482422,0.8400001525878906,68.79071044921875,0.1314948435802396,1.272134780883789
152,183,37ac4a80-8091-4430-b052-8d367d0fadac,eaf00a3e-28aa-4ad7-9ca0-6d5f9f9a2a12,ay11Z1Z,pgAAwpp,3,3,47.959999084472656,49.22999954223633,1.2700004577636719,68.91191101074219,0.19621450411984126,1.1089191436767578
174,188,2377a154-096a-49c1-b77f-631b23dcdac1,1ba43ba5-0be6-4de6-8479-3003f6e36211,gL66nlZ,5YMMaE3,3,3,48.36000061035156,49.56999969482422,1.2099990844726562,68.9483413696289,0.25270664104078433,1.7670917510986328
23,46,71c43ca3-6cdc-4a49-984c-0bf4a2721439,4f34d935-b03a-42ab-9138-521d5bdf4a5e,KAlQZjq,ygOvo2x,1,1,43.5099983215332,43.56999969482422,0.060001373291015625,68.99601745605469,0.1387355716612292,1.2335205078125
