timing_peak_knee,timing_peak_hip,timing_peak_shoulder,timing_peak_elbow,timing_peak_wrist,lag_knee_hip,lag_hip_shoulder,lag_shoulder_elbow,lag_elbow_wrist,timing_error_knee_hip,timing_error_hip_shoulder,timing_error_shoulder_elbow,timing_error_elbow_wrist,timing_error_total,power_peak_knee_magnitude,power_peak_hip_magnitude,power_peak_shoulder_magnitude,power_peak_elbow_magnitude,power_peak_wrist_magnitude,power_transfer_efficiency
136.0,142.0,147.0,103.0,101.0,6.0,5.0,-44.0,-2.0,2.0,2.5,46.5,3.5,54.5,1.1275786770985072,3.1614602051167164,0.411752128725582,3.754599976366558,4.194084287991671,3.719549130517363
139.0,212.0,151.0,188.0,212.0,73.0,-61.0,37.0,24.0,69.0,63.5,34.5,22.5,189.5,0.9661817936514943,2.655143083496189,0.43430289617404777,4.552055414775024,10.105248640963783,10.45895162521432
142.0,147.0,135.0,225.0,238.0,5.0,-12.0,90.0,13.0,1.0,14.5,87.5,11.5,114.5,0.8592906624012904,2.7210212983903235,0.4486090168597742,3.493054389501898,6.191930001344746,7.205862081686514
140.0,138.0,146.0,236.0,188.0,-2.0,8.0,90.0,-48.0,6.0,5.5,87.5,49.5,148.5,0.7398121246830448,2.2565335109650846,0.3261834850639417,4.913586828633557,11.398412233830646,15.407171433847518
209.0,194.0,208.0,200.0,214.0,-15.0,14.0,-8.0,14.0,19.0,11.5,10.5,12.5,53.5,0.7131285209608199,3.2319294562753944,0.37440172836487584,6.653053342565292,15.134955339251736,21.22332075410467
141.0,142.0,236.0,235.0,235.0,1.0,94.0,-1.0,0.0,3.0,91.5,3.5,1.5,99.5,0.9295821526940937,3.5537511942321225,0.6992095481574615,9.853744639638231,13.870861553763193,14.921609148328612
142.0,191.0,194.0,183.0,204.0,49.0,3.0,-11.0,21.0,45.0,0.5,13.5,19.5,78.5,1.2787171972137585,4.02486027685,0.6632550873649835,5.379857559500242,12.700982258137874,9.932596735081445
143.0,235.0,148.0,199.0,212.0,92.0,-87.0,51.0,13.0,88.0,89.5,48.5,11.5,237.5,0.8882860341366506,4.8366345616667035,0.45299977037412353,4.509203178067229,11.405552263535931,12.839954502517083
133.0,139.0,147.0,236.0,140.0,6.0,8.0,89.0,-96.0,2.0,5.5,86.5,97.5,191.5,0.9435451623875047,4.546074325511185,0.38608606553670594,3.908626736666356,3.6958740263226644,3.917008081490015
144.0,142.0,150.0,236.0,236.0,-2.0,8.0,86.0,0.0,6.0,5.5,83.5,1.5,96.5,0.6243278108321612,2.7646153409443475,0.37900994964770807,7.10677909677824,5.872501711396184,9.406119044366736
229.0,229.0,229.0,106.0,216.0,0.0,0.0,-123.0,110.0,4.0,2.5,125.5,108.5,240.5,11.667427689864384,85.65889317970881,6.5810656057996075,4.159507461557646,11.581056245565073,0.9925972162335025
144.0,118.0,149.0,236.0,230.0,-26.0,31.0,87.0,-6.0,30.0,28.5,84.5,7.5,150.5,0.6301664027621386,1.835094890746105,0.45808142174181055,3.598775652703136,4.987834610959017,7.915107167085382
138.0,146.0,150.0,191.0,215.0,8.0,4.0,41.0,24.0,4.0,1.5,38.5,22.5,66.5,1.1841956400526517,3.4497848946954606,0.5224913769519707,4.657326027725316,10.443875303779139,8.819383343882928
233.0,236.0,147.0,105.0,103.0,3.0,-89.0,-42.0,-2.0,1.0,91.5,44.5,3.5,140.5,3.095905895529903,3.593891678227122,0.5856348864960113,4.649954943547952,5.404573223180353,1.7457162477011574
145.0,207.0,150.0,202.0,204.0,62.0,-57.0,52.0,2.0,58.0,59.5,49.5,0.5,167.5,0.819978949870151,3.6368096838827713,0.42008194170099034,5.135081751817265,8.834688006986731,10.774286350138333
141.0,140.0,236.0,236.0,236.0,-1.0,96.0,0.0,0.0,5.0,93.5,2.5,1.5,102.5,0.7759783546148606,2.665357496228515,0.46267876316923573,6.787361703909917,10.28366212140042,13.252511568450236
142.0,141.0,235.0,236.0,236.0,-1.0,94.0,1.0,0.0,5.0,91.5,1.5,1.5,99.5,0.9373572885048567,2.7713052406966567,0.2772310037086702,7.275543258219685,5.633454915658486,6.00993344239548
235.0,235.0,235.0,178.0,203.0,0.0,0.0,-57.0,25.0,4.0,2.5,59.5,23.5,89.5,14.954959804126208,66.41390734524681,6.657980976214268,5.379625809219004,10.467076299870847,0.6999066822622209
137.0,146.0,236.0,108.0,197.0,9.0,90.0,-128.0,89.0,5.0,87.5,130.5,87.5,310.5,1.2185295127413518,4.22367482620742,0.9565474591659525,5.45580041892654,11.073693430156155,9.08775151883144
145.0,125.0,35.0,188.0,212.0,-20.0,-90.0,153.0,24.0,24.0,92.5,150.5,22.5,289.5,0.611558136212325,1.7807486821486425,0.40675258814294507,3.7331191046163092,12.439383643766668,20.340476084268587
145.0,145.0,150.0,236.0,236.0,0.0,5.0,86.0,0.0,4.0,2.5,83.5,1.5,91.5,1.0043547400090818,3.9911106094140347,0.5065233604667811,7.161213345016587,5.7396405842244125,5.714754314966953
229.0,229.0,229.0,229.0,234.0,0.0,0.0,0.0,5.0,4.0,2.5,2.5,3.5,12.5,94.58989961919312,594.2006012276545,56.923964810939054,48.71208822697692,48.413241334545,0.5118225257606842
143.0,142.0,148.0,236.0,186.0,-1.0,6.0,88.0,-50.0,5.0,3.5,85.5,51.5,145.5,1.1550731602822717,4.850689991046057,0.39813969871144966,5.0262649575918426,4.89587957986286,4.238588297442931
142.0,140.0,146.0,236.0,148.0,-2.0,6.0,90.0,-88.0,6.0,3.5,87.5,89.5,186.5,0.9934713645473114,4.691733113651368,0.37618698764293595,4.166745772093316,4.175076270911355,4.202512945920474
145.0,146.0,150.0,236.0,145.0,1.0,4.0,86.0,-91.0,3.0,1.5,83.5,92.5,180.5,0.9456086526207553,2.841628994741664,0.33115249806736546,3.4754489379093148,3.407847603924769,3.603866773511342
134.0,142.0,148.0,192.0,212.0,8.0,6.0,44.0,20.0,4.0,3.5,41.5,18.5,67.5,1.3171148299536621,3.8955081240032787,0.4919469260174552,4.471120472841173,10.16351666751531,7.71650006239234
137.0,147.0,151.0,236.0,235.0,10.0,4.0,85.0,-1.0,6.0,1.5,82.5,2.5,92.5,1.0488002094031301,3.546268449802614,0.3858790681863947,6.946501642303088,5.510228067041445,5.253839594651972
143.0,234.0,235.0,235.0,235.0,91.0,1.0,0.0,0.0,87.0,1.5,2.5,1.5,92.5,0.952681704229966,2.2037155192786844,0.6920447035499875,9.04778090834923,13.934965023725429,14.627094193006245
142.0,142.0,149.0,209.0,225.0,0.0,7.0,60.0,16.0,4.0,4.5,57.5,14.5,80.5,1.104459477908887,3.2870867838993933,0.43492293499136975,3.5564430286816506,12.671617470728085,11.473139326686494
134.0,235.0,235.0,235.0,235.0,101.0,0.0,0.0,0.0,97.0,2.5,2.5,1.5,103.5,1.2454212750727756,4.2996157622513635,0.4737998687153504,8.773856929151748,6.5737385239691735,5.2783252185771765
131.0,236.0,236.0,236.0,236.0,105.0,0.0,0.0,0.0,101.0,2.5,2.5,1.5,107.5,0.9722294400383593,5.671802281453246,0.7111804161498543,5.92361368384391,4.0999751955970805,4.217086036229592
144.0,143.0,148.0,103.0,102.0,-1.0,5.0,-45.0,-1.0,5.0,2.5,47.5,2.5,57.5,0.9455942971302788,4.991554481547407,0.47864437613160166,3.5158292497171977,4.003085604942832,4.233407093392516
143.0,235.0,190.0,236.0,209.0,92.0,-45.0,46.0,-27.0,88.0,47.5,43.5,28.5,207.5,0.869635163507811,4.473118724013285,0.7488607069871387,5.892084038574586,4.547949929950761,5.229721750907456
145.0,144.0,150.0,104.0,152.0,-1.0,6.0,-46.0,48.0,5.0,3.5,48.5,46.5,103.5,0.9865667498717126,2.836464532455683,0.364554211121633,3.691503277493411,4.579055922675799,4.641405078035757
142.0,200.0,147.0,180.0,235.0,58.0,-53.0,33.0,55.0,54.0,55.5,30.5,53.5,193.5,0.9671555764855704,3.539206140960129,0.4866344286614675,5.73760220440213,11.20422057407973,11.58471382111386
230.0,230.0,230.0,233.0,233.0,0.0,0.0,3.0,0.0,4.0,2.5,0.5,1.5,8.5,177.99010735007803,966.5074422161088,68.43581182538256,30.030049594761007,8.76016004477945,0.049217117598281
235.0,235.0,234.0,209.0,214.0,0.0,-1.0,-25.0,5.0,4.0,3.5,27.5,3.5,38.5,35.15357403342249,59.694456524170285,4.094584235636113,6.2264893704033195,16.07284990255534,0.45721808790406276
135.0,142.0,236.0,235.0,235.0,7.0,94.0,-1.0,0.0,3.0,91.5,3.5,1.5,99.5,0.786532289605359,3.1073416156111513,0.5244129235461314,9.240325779045895,9.84282268493378,12.51420038950009
215.0,215.0,199.0,212.0,215.0,0.0,-16.0,13.0,3.0,4.0,18.5,10.5,1.5,34.5,0.5315895923096339,3.7726827762748836,0.30836384076124207,4.990225069618745,10.041714298890398,18.889975357232768
143.0,145.0,235.0,236.0,236.0,2.0,90.0,1.0,0.0,2.0,87.5,1.5,1.5,92.5,1.3687324668761522,3.5502209950568218,0.8357366857466161,12.026328714204768,12.683642817849051,9.266707062773804
144.0,236.0,236.0,234.0,236.0,92.0,0.0,-2.0,2.0,88.0,2.5,4.5,0.5,95.5,0.6348545247037286,2.688443217379018,0.5443893320343866,7.984807907519452,8.713785049198993,13.725640615486686
236.0,236.0,236.0,235.0,236.0,0.0,0.0,-1.0,1.0,4.0,2.5,3.5,0.5,10.5,4.1347746129322775,7.0281502922948045,0.9655237216636966,7.758461651270929,8.638169161737892,2.0891511558381946
137.0,149.0,150.0,105.0,143.0,12.0,1.0,-45.0,38.0,8.0,1.5,47.5,36.5,93.5,0.5836054663277419,1.6780440620474093,0.356397079808962,3.978134575551758,3.6789721203095356,6.303868508050426
143.0,144.0,236.0,236.0,236.0,1.0,92.0,0.0,0.0,3.0,89.5,2.5,1.5,96.5,0.9520362314337338,2.410411574315828,0.7490175606714864,20.35546641179987,27.73448699943779,29.131755792183043
144.0,143.0,149.0,236.0,237.0,-1.0,6.0,87.0,1.0,5.0,3.5,84.5,0.5,93.5,0.8798369344371689,2.984259269762914,0.3104674848896034,6.577624512423801,7.69927318738921,8.75079561454695
236.0,237.0,236.0,210.0,221.0,1.0,-1.0,-26.0,11.0,3.0,3.5,28.5,9.5,44.5,17.832680107421574,18.106686155806685,1.4738788997648609,2.7783237777564844,9.469044792697048,0.5309939243936888
141.0,139.0,148.0,236.0,236.0,-2.0,9.0,88.0,0.0,6.0,6.5,85.5,1.5,99.5,0.8243736281734848,1.88084213485229,0.3576899862422596,6.835852835871366,4.821575387950118,5.84877441874626
145.0,236.0,236.0,229.0,233.0,91.0,0.0,-7.0,4.0,87.0,2.5,9.5,2.5,101.5,0.97544120652699,8.151792603073268,1.0536585257761362,5.219258039659077,11.309587966644509,11.594330740764722
144.0,136.0,236.0,235.0,235.0,-8.0,100.0,-1.0,0.0,12.0,97.5,3.5,1.5,114.5,0.7927026802852883,2.8431011246489972,0.5204820093117116,9.897531025645609,11.048634830773434,13.93793045684809
236.0,236.0,236.0,203.0,195.0,0.0,0.0,-33.0,-8.0,4.0,2.5,35.5,9.5,51.5,2.3934231047481074,11.956937528800275,0.5676420797969727,5.167582854937745,10.5747308824814,4.418245508494965
235.0,147.0,151.0,230.0,231.0,-88.0,4.0,79.0,1.0,92.0,1.5,76.5,0.5,170.5,0.925221831577358,3.636679153491034,0.6012576966569672,3.9512078259970695,15.329684649704657,16.568658592469603
236.0,236.0,236.0,236.0,198.0,0.0,0.0,0.0,-38.0,4.0,2.5,2.5,39.5,48.5,60.66154428452955,95.3129353747569,11.46474266044084,14.967077588756457,15.912666592033867,0.26231885092467155
143.0,186.0,198.0,186.0,208.0,43.0,12.0,-12.0,22.0,39.0,9.5,14.5,20.5,83.5,1.1065903914628448,3.4490414528087996,0.4437425316826175,4.281948033688606,9.588843337113381,8.665214709154954
134.0,136.0,226.0,95.0,132.0,2.0,90.0,-131.0,37.0,2.0,87.5,133.5,35.5,258.5,,,,,,0.0
135.0,143.0,236.0,236.0,236.0,8.0,93.0,0.0,0.0,4.0,90.5,2.5,1.5,98.5,1.0088076336947918,4.01192886466524,0.5228764710863847,10.201198333793569,12.032017240683794,11.926968867806966
141.0,140.0,147.0,233.0,236.0,-1.0,7.0,86.0,3.0,5.0,4.5,83.5,1.5,94.5,1.192951792400774,4.534121325804885,0.43060526272334504,6.867799779960539,23.78840634340905,19.940794334644245
142.0,141.0,148.0,206.0,196.0,-1.0,7.0,58.0,-10.0,5.0,4.5,55.5,11.5,76.5,1.1873291760966727,4.1568811195189515,0.37515154230108944,5.09586964198272,13.289552642524358,11.192812330455459
134.0,145.0,147.0,100.0,149.0,11.0,2.0,-47.0,49.0,7.0,0.5,49.5,47.5,104.5,1.1422099641173835,3.001778249504958,0.5116410273899094,3.0480994640907344,4.039161358324813,3.536268711721476
143.0,142.0,236.0,234.0,235.0,-1.0,94.0,-2.0,1.0,5.0,91.5,4.5,0.5,101.5,0.8886470756345977,3.2954521104648804,0.5645186675410772,10.80595351348867,13.083302036673889,14.722719958686506
143.0,143.0,233.0,236.0,236.0,0.0,90.0,3.0,0.0,4.0,87.5,0.5,1.5,93.5,1.2436224773907303,3.2032202853176983,0.3883806966728569,13.34534497285427,25.88216052317969,20.811911165745073
230.0,230.0,230.0,232.0,231.0,0.0,0.0,2.0,-1.0,4.0,2.5,0.5,2.5,9.5,63.08705031876192,433.0633941055663,53.977364258637344,39.153528772748714,349.37068763389686,5.537914451042181
141.0,235.0,131.0,101.0,190.0,94.0,-104.0,-30.0,89.0,90.0,106.5,32.5,87.5,316.5,0.714941229469505,2.837268799433031,0.33225893036868714,2.593290274162538,3.8826836451714817,5.430773167260867
134.0,141.0,148.0,236.0,237.0,7.0,7.0,88.0,1.0,3.0,4.5,85.5,0.5,93.5,0.9241899533111415,2.743852088478383,0.3852013990154885,5.8462481879984995,5.7823488111119845,6.256667030836328
134.0,139.0,185.0,174.0,195.0,5.0,46.0,-11.0,21.0,1.0,43.5,13.5,19.5,77.5,1.0129485488055976,3.264344962401723,0.3168689904884715,5.176843639658529,11.353263936379422,11.20813485518731
213.0,207.0,213.0,202.0,206.0,-6.0,6.0,-11.0,4.0,10.0,3.5,13.5,2.5,29.5,,,,,,0.0
232.0,235.0,233.0,236.0,236.0,3.0,-2.0,3.0,0.0,1.0,4.5,0.5,1.5,7.5,5.795602993402629,18.970013566501084,1.230376494951,10.14713706860265,8.699397833035203,1.5010341189584728
144.0,142.0,149.0,193.0,215.0,-2.0,7.0,44.0,22.0,6.0,4.5,41.5,20.5,72.5,0.9652879483146215,3.294046749951831,0.3941252945382225,4.808290747550435,10.46569735586062,10.842047053559067
142.0,124.0,148.0,236.0,235.0,-18.0,24.0,88.0,-1.0,22.0,21.5,85.5,2.5,131.5,0.7820977903388888,3.1331752975069045,0.3377099702828922,7.952534081531924,6.797238933507273,8.691034570705
135.0,143.0,197.0,192.0,202.0,8.0,54.0,-5.0,10.0,4.0,51.5,7.5,8.5,71.5,1.6070399703023597,5.788400308825212,0.6287753330697892,5.380554951325535,8.533790659431062,5.3102541424812575
236.0,234.0,236.0,209.0,211.0,-2.0,2.0,-27.0,2.0,6.0,0.5,29.5,0.5,36.5,1.1702523674565397,4.651864792031912,0.7342429471314371,5.039785883257814,10.174074112519545,8.693914573855698
236.0,235.0,235.0,190.0,193.0,-1.0,0.0,-45.0,3.0,5.0,2.5,47.5,1.5,56.5,53.79653964099416,84.73317472710009,6.641835084366238,6.401306937027602,6.992659595039452,0.12998344580718887
183.0,226.0,226.0,226.0,173.0,43.0,0.0,0.0,-53.0,39.0,2.5,2.5,54.5,98.5,19.61870843236938,71.58782392135166,4.9551959865494,4.342655840103225,6.606638437439591,0.33675195593095913
200.0,96.0,97.0,99.0,186.0,-104.0,1.0,2.0,87.0,108.0,1.5,0.5,85.5,195.5,15.024803806165727,32.22846404247626,3.4315926491515887,5.17137832078637,8.445379247857716,0.5620958088246042
202.0,235.0,235.0,235.0,192.0,33.0,0.0,0.0,-43.0,29.0,2.5,2.5,44.5,78.5,27.130190648608213,99.3575741537101,9.699595321720947,6.745873970209668,8.795587414190605,0.32419924828806246
191.0,96.0,97.0,100.0,235.0,-95.0,1.0,3.0,135.0,99.0,1.5,0.5,133.5,234.5,18.12511177983299,37.123144131666834,3.6712787472269475,5.306654187824351,6.395797247728919,0.3528693960853383
206.0,235.0,235.0,183.0,99.0,29.0,0.0,-52.0,-84.0,25.0,2.5,54.5,85.5,167.5,31.595577449231513,85.38632268302455,8.249045878820745,6.09237036901847,5.49375063724735,0.17387720310144142
207.0,95.0,96.0,99.0,175.0,-112.0,1.0,3.0,76.0,116.0,1.5,0.5,74.5,192.5,6.675698204959201,29.93911044799348,2.9225704626065987,4.466190346336186,7.570188410102257,1.1339920076792211
236.0,235.0,235.0,181.0,175.0,-1.0,0.0,-54.0,-6.0,5.0,2.5,56.5,7.5,71.5,19.51616212520074,84.33319581588395,6.39760810798219,5.959727361750112,8.793357256745475,0.450567954925463
88.0,97.0,98.0,186.0,178.0,9.0,1.0,88.0,-8.0,5.0,1.5,85.5,9.5,101.5,6.055075382273076,33.96337209558729,3.459357117855238,5.224479556569841,7.735553005152711,1.2775320729778896
84.0,92.0,93.0,95.0,94.0,8.0,1.0,2.0,-1.0,4.0,1.5,0.5,2.5,8.5,6.920282182202655,34.624391784549076,3.5824192434400817,5.471797817281287,5.291311428349553,0.7646092007573863
196.0,235.0,235.0,235.0,187.0,39.0,0.0,0.0,-48.0,35.0,2.5,2.5,49.5,89.5,28.397951596401956,79.29873363769643,8.550305117843552,6.691826505986257,7.709908971178079,0.27149525010652287
86.0,94.0,94.0,184.0,186.0,8.0,0.0,90.0,2.0,4.0,2.5,87.5,0.5,94.5,7.2234830961316,38.4646427069356,3.897280561156145,7.837887498766069,11.206257958934629,1.5513648761683858
214.0,235.0,235.0,235.0,198.0,21.0,0.0,0.0,-37.0,17.0,2.5,2.5,38.5,60.5,82.19424272315453,342.8058830851096,23.96722537220376,12.3571883220094,10.771568164069219,0.131050153966986
195.0,235.0,235.0,235.0,195.0,40.0,0.0,0.0,-40.0,36.0,2.5,2.5,41.5,82.5,22.303784986679894,66.9501236282587,7.7965313745624805,7.197557889735061,8.46364703222267,0.37947133355514634
192.0,235.0,235.0,100.0,186.0,43.0,0.0,-135.0,86.0,39.0,2.5,137.5,84.5,263.5,17.993495199273536,54.519733616502194,4.650099655205867,5.029047872213323,7.454726420050582,0.4143011870396118
235.0,235.0,235.0,99.0,191.0,0.0,0.0,-136.0,92.0,4.0,2.5,138.5,90.5,235.5,48.589340713890834,72.65987128717835,4.694239059897308,5.34986207093213,8.661588570359894,0.17826108449097972
209.0,235.0,235.0,236.0,186.0,26.0,0.0,1.0,-50.0,22.0,2.5,1.5,51.5,77.5,54.0030178166617,207.3646639684101,16.23624511208442,12.198651213866997,8.382660627014518,0.15522578118640237
207.0,235.0,235.0,102.0,102.0,28.0,0.0,-133.0,0.0,24.0,2.5,135.5,1.5,163.5,26.435417548001713,88.82994150060074,8.636637153243662,5.389048488904148,5.703252913242126,0.2157428723373141
194.0,235.0,235.0,235.0,205.0,41.0,0.0,0.0,-30.0,37.0,2.5,2.5,31.5,73.5,21.311129970297777,77.069135214239,6.322160977554192,5.762656782146776,6.773116570263731,0.3178206214172458
195.0,235.0,235.0,235.0,235.0,40.0,0.0,0.0,0.0,36.0,2.5,2.5,1.5,42.5,36.2154283448011,104.41846937815316,13.451992866156528,12.817590035978544,12.390861409148888,0.3421431686842842
92.0,100.0,101.0,103.0,103.0,8.0,1.0,2.0,0.0,4.0,1.5,0.5,1.5,7.5,6.368321243103418,29.725977098066405,3.4461740030271506,5.400841131198494,5.276121787920907,0.8284949182855199
204.0,235.0,235.0,194.0,198.0,31.0,0.0,-41.0,4.0,27.0,2.5,43.5,2.5,75.5,20.696325650726003,38.56435154530793,4.27204865626867,5.341998535419698,8.423576816575784,0.4070083240249118
197.0,96.0,96.0,99.0,184.0,-101.0,0.0,3.0,85.0,105.0,2.5,0.5,83.5,191.5,20.581428179706357,34.74937150656027,3.434074943319582,4.977815170914309,6.282218381095239,0.3052372423449999
210.0,168.0,99.0,171.0,194.0,-42.0,-69.0,72.0,23.0,46.0,71.5,69.5,21.5,208.5,,,,,,0.0
206.0,235.0,236.0,189.0,184.0,29.0,1.0,-47.0,-5.0,25.0,1.5,49.5,6.5,82.5,12.459106631964055,36.6559406305416,4.925228618077203,5.821560315414696,6.440337826678423,0.5169181079288321
236.0,235.0,235.0,187.0,192.0,-1.0,0.0,-48.0,5.0,5.0,2.5,50.5,3.5,61.5,45.89494734568162,85.59992760230391,5.2264131385010275,7.3736069420738755,11.472992179242782,0.24998377474600822
205.0,96.0,235.0,99.0,215.0,-109.0,139.0,-136.0,116.0,113.0,136.5,138.5,114.5,502.5,15.840720669225123,30.32442495992416,4.630172526851228,4.894849010723259,6.262910971931229,0.3953678057147125
235.0,235.0,235.0,184.0,188.0,0.0,0.0,-51.0,4.0,4.0,2.5,53.5,2.5,62.5,83.80956679222103,146.08206203756112,9.414370958553455,5.46093925507172,10.889523942975089,0.1299317531371111
205.0,95.0,95.0,194.0,196.0,-110.0,0.0,99.0,2.0,114.0,2.5,96.5,0.5,213.5,13.459593119886316,34.72501367331205,3.2004199000290194,4.935842081810664,8.024145944369257,0.5961655655484652
189.0,220.0,235.0,234.0,235.0,31.0,15.0,-1.0,1.0,27.0,12.5,3.5,0.5,43.5,27.65052629772816,77.1171414403326,7.807651724611513,7.535575024800126,8.239372762063429,0.29798249311227026
236.0,235.0,235.0,193.0,91.0,-1.0,0.0,-42.0,-102.0,5.0,2.5,44.5,103.5,155.5,55.25928307923162,112.38781734973098,6.056016047787231,5.119751322785435,4.430130815204551,0.08016989306308156
225.0,225.0,224.0,225.0,225.0,0.0,-1.0,1.0,0.0,4.0,3.5,1.5,1.5,10.5,,,,,,0.0
211.0,235.0,235.0,235.0,192.0,24.0,0.0,0.0,-43.0,20.0,2.5,2.5,44.5,69.5,17.13617501398866,38.027243068266095,5.331517588584168,5.686184152826645,6.773926171844497,0.39529977759417045
177.0,235.0,235.0,97.0,235.0,58.0,0.0,-138.0,138.0,54.0,2.5,140.5,136.5,333.5,21.690163552722787,44.979250677650384,6.164608290996423,5.152457386438369,7.496031776820925,0.34559590842181276
193.0,234.0,234.0,198.0,194.0,41.0,0.0,-36.0,-4.0,37.0,2.5,38.5,5.5,83.5,23.912248214039835,84.12982279267766,4.368133787642523,5.376884522183036,8.432203193508442,0.35263113355261844
235.0,235.0,235.0,200.0,191.0,0.0,0.0,-35.0,-9.0,4.0,2.5,37.5,10.5,54.5,25.83634469716447,58.23734054825008,6.366313789318282,5.586122259106241,7.986827914558277,0.30913149705092874
194.0,235.0,235.0,235.0,235.0,41.0,0.0,0.0,0.0,37.0,2.5,2.5,1.5,43.5,27.699451368919902,105.7872668349381,10.071144593132114,9.214576037812733,8.147132711548657,0.29412614001048865
176.0,235.0,235.0,190.0,191.0,59.0,0.0,-45.0,1.0,55.0,2.5,47.5,0.5,105.5,8.5292007496296,40.74207565601548,4.499331893130697,6.0722425242978915,6.764490111634284,0.7930977720190309
229.0,229.0,229.0,229.0,229.0,0.0,0.0,0.0,0.0,4.0,2.5,2.5,1.5,10.5,60.824277169138966,284.1000825405354,39.849445693932466,18.942440010112527,13.355091687520984,0.21956844058143765
90.0,99.0,99.0,101.0,189.0,9.0,0.0,2.0,88.0,5.0,2.5,0.5,86.5,94.5,6.07266938501129,31.104763631817566,3.5753678066522174,5.056472219274734,8.407813363907751,1.3845333626526943
208.0,235.0,235.0,180.0,187.0,27.0,0.0,-55.0,7.0,23.0,2.5,57.5,5.5,88.5,18.832608198846398,32.66433156509006,4.609558046149335,5.836709730122678,7.288820201269617,0.3870319036168393
234.0,234.0,235.0,98.0,97.0,0.0,1.0,-137.0,-1.0,4.0,1.5,139.5,2.5,147.5,28.23936587987898,48.916755804280996,3.7766657721636583,4.843834402533841,4.875012711767854,0.17263180527865118
194.0,235.0,235.0,98.0,235.0,41.0,0.0,-137.0,137.0,37.0,2.5,139.5,135.5,314.5,21.82366379817868,90.92747333261521,7.415748295211681,4.553037318437567,6.482034507288612,0.29701862011957764
201.0,235.0,235.0,98.0,215.0,34.0,0.0,-137.0,117.0,30.0,2.5,139.5,115.5,287.5,22.666491259733963,79.03401241870422,6.598855398063182,4.59084695109801,6.68946850776358,0.295125894480507
205.0,235.0,235.0,185.0,189.0,30.0,0.0,-50.0,4.0,26.0,2.5,52.5,2.5,83.5,19.47809906007934,57.567184623494725,6.089741893490657,5.247759715253646,6.858669030693065,0.35212209412929885
192.0,234.0,235.0,235.0,186.0,42.0,1.0,0.0,-49.0,38.0,1.5,2.5,50.5,92.5,24.392565329101714,68.78389650884375,9.195745665958638,8.92728578092249,8.760696574923173,0.359154375799546
90.0,99.0,100.0,181.0,194.0,9.0,1.0,81.0,13.0,5.0,1.5,78.5,11.5,96.5,6.8913666966774265,33.086282318570284,3.7390718383403243,6.244410471789552,7.604583178906203,1.1034941998620742
194.0,96.0,98.0,100.0,180.0,-98.0,2.0,2.0,80.0,102.0,0.5,0.5,78.5,181.5,7.046810367607961,33.05280192761952,3.3798615143061816,5.022008762020385,9.152199928221943,1.298771990557858
88.0,95.0,98.0,177.0,187.0,7.0,3.0,79.0,10.0,3.0,0.5,76.5,8.5,88.5,,,,,,0.0
199.0,99.0,100.0,101.0,182.0,-100.0,1.0,1.0,81.0,104.0,1.5,1.5,79.5,186.5,8.343427826144497,29.557155069787918,3.3129451476992244,5.286075215697827,9.673073568152304,1.1593644446520295
196.0,96.0,97.0,100.0,180.0,-100.0,1.0,3.0,80.0,104.0,1.5,0.5,78.5,184.5,7.409084121053575,30.98321318338168,3.242092537033512,4.933258926531634,7.725868004673499,1.0427561461638362
210.0,236.0,235.0,180.0,176.0,26.0,-1.0,-55.0,-4.0,22.0,3.5,57.5,5.5,88.5,27.56639476251932,67.95733234222675,6.292343651245956,5.616408141807393,9.41095453803487,0.34139228648174497
182.0,235.0,235.0,184.0,191.0,53.0,0.0,-51.0,7.0,49.0,2.5,53.5,5.5,110.5,21.92044982638227,34.7514084062174,3.439106812322652,6.325927392122606,7.5179931749673745,0.3429671030709928
234.0,94.0,95.0,97.0,178.0,-140.0,1.0,2.0,81.0,144.0,1.5,0.5,79.5,225.5,7.6593525200367605,37.94836115271557,3.545497611419426,4.950591394390541,8.240515426241924,1.0758762447197527
217.0,235.0,235.0,191.0,186.0,18.0,0.0,-44.0,-5.0,14.0,2.5,46.5,6.5,69.5,27.1708801344779,70.67271164558393,4.8512775543587185,5.455238909717049,8.947374625516472,0.32930013975376876
235.0,96.0,97.0,182.0,183.0,-139.0,1.0,85.0,1.0,143.0,1.5,82.5,0.5,227.5,7.19415439545261,28.73553492473796,2.9572535296906257,5.713931575280365,10.269902038753152,1.4275342832848716
211.0,235.0,235.0,186.0,193.0,24.0,0.0,-49.0,7.0,20.0,2.5,51.5,5.5,79.5,27.538390490444034,68.41215590001612,6.3587309654578945,6.044578739187555,7.201724986447896,0.2615158278384836
191.0,97.0,98.0,100.0,173.0,-94.0,1.0,2.0,73.0,98.0,1.5,0.5,71.5,171.5,8.794219058328027,34.870031671185046,3.658978803820542,5.032265826234893,8.59104550853592,0.9768969196190646
235.0,235.0,235.0,185.0,188.0,0.0,0.0,-50.0,3.0,4.0,2.5,52.5,1.5,60.5,56.1439461911708,97.99492776665225,6.212096954466867,6.703291336154091,9.782445086792372,0.17423864459906382
236.0,235.0,235.0,186.0,187.0,-1.0,0.0,-49.0,1.0,5.0,2.5,51.5,0.5,59.5,36.81690588871896,98.04226075704153,7.756859548069346,7.179587434366339,12.068529252670833,0.3277985740884527
203.0,96.0,235.0,99.0,195.0,-107.0,139.0,-136.0,96.0,111.0,136.5,138.5,94.5,480.5,11.77858789982634,36.136289765343584,5.78297250053951,4.95556750204162,10.515686060930019,0.8927798604011826
224.0,95.0,96.0,197.0,198.0,-129.0,1.0,101.0,1.0,133.0,1.5,98.5,0.5,233.5,,,,,,0.0
197.0,235.0,235.0,185.0,182.0,38.0,0.0,-50.0,-3.0,34.0,2.5,52.5,4.5,93.5,22.267364914075475,79.31103952082266,7.136790575329506,5.360418777451674,9.469831594175181,0.4252785020013385
191.0,235.0,235.0,102.0,236.0,44.0,0.0,-133.0,134.0,40.0,2.5,135.5,132.5,310.5,15.207163159600029,66.95019207764004,5.558084970802551,5.017270521429441,5.533708550545639,0.3638882868861903
212.0,235.0,98.0,181.0,183.0,23.0,-137.0,83.0,2.0,19.0,139.5,80.5,0.5,239.5,18.322347050624277,27.466369304424322,2.9539679768249463,5.944076555054755,9.787373570740542,0.5341768466506078
202.0,235.0,235.0,100.0,182.0,33.0,0.0,-135.0,82.0,29.0,2.5,137.5,80.5,249.5,20.30248667505809,58.56376689473046,5.306349336692923,5.067759387716862,5.95414145109211,0.29327153596445216
236.0,235.0,235.0,117.0,116.0,-1.0,0.0,-118.0,-1.0,5.0,2.5,120.5,2.5,130.5,40.963008581600704,91.56302585773092,7.469586945910236,12.931322890246602,10.140870029765148,0.24756165088713988
107.0,116.0,116.0,118.0,157.0,9.0,0.0,2.0,39.0,5.0,2.5,0.5,37.5,45.5,4.810873599713189,27.547367481431788,4.344254418596843,12.783921537411297,12.561285212489889,2.611019589714175
115.0,114.0,115.0,117.0,152.0,-1.0,1.0,2.0,35.0,5.0,1.5,0.5,33.5,40.5,4.429696505760639,25.683506075560345,4.05383751812419,12.744743160602502,14.946578665996318,3.37417668378836
106.0,115.0,116.0,117.0,153.0,9.0,1.0,1.0,36.0,5.0,1.5,1.5,34.5,42.5,5.289738035126575,27.576796415740354,4.661614721539596,12.831584706738415,12.680490195327526,2.3971868003902204
108.0,115.0,116.0,118.0,117.0,7.0,1.0,2.0,-1.0,3.0,1.5,0.5,2.5,7.5,4.959426600200671,27.95575755360416,4.806958927423606,12.501562702409135,10.578914545365013,2.133092270170298
107.0,115.0,115.0,117.0,162.0,8.0,0.0,2.0,45.0,4.0,2.5,0.5,43.5,50.5,,,,,,0.0
108.0,116.0,116.0,118.0,156.0,8.0,0.0,2.0,38.0,4.0,2.5,0.5,36.5,43.5,4.944156712642338,27.905000643081994,4.518776951279973,12.937242618256288,15.636602777443947,3.162643032220388
106.0,114.0,115.0,117.0,152.0,8.0,1.0,2.0,35.0,4.0,1.5,0.5,33.5,39.5,4.974157934817032,29.302368846934517,4.406920667772658,11.944313358736917,17.19959564891265,3.4577904188611805
105.0,113.0,113.0,115.0,155.0,8.0,0.0,2.0,40.0,4.0,2.5,0.5,38.5,45.5,5.0808717522254865,30.045010368980176,4.877556947811734,13.428488162659908,15.420500687241237,3.0350108090185235
106.0,114.0,115.0,117.0,149.0,8.0,1.0,2.0,32.0,4.0,1.5,0.5,30.5,36.5,4.91926661764913,28.231019529203984,4.279764356140275,11.950580045856547,14.526141759842801,2.9529080021250613
115.0,115.0,116.0,117.0,152.0,0.0,1.0,1.0,35.0,4.0,1.5,1.5,33.5,40.5,4.631699489908177,26.241316128482993,4.381022972882509,12.334628107795519,14.850941341779995,3.206369794529656
106.0,114.0,115.0,117.0,153.0,8.0,1.0,2.0,36.0,4.0,1.5,0.5,34.5,40.5,4.43574938094954,25.688201157990957,3.991797749917907,11.88795774321104,17.34040807935173,3.909239812741573
115.0,116.0,116.0,117.0,117.0,1.0,0.0,1.0,0.0,3.0,2.5,1.5,1.5,8.5,4.623096091065696,25.195073166351854,4.508138298838034,13.473407333916589,10.796482580495725,2.3353359670287466
115.0,114.0,115.0,117.0,236.0,-1.0,1.0,2.0,119.0,5.0,1.5,0.5,117.5,124.5,5.090493212533302,28.18287840578027,4.6470502972305106,12.48449537636035,16.46307440472804,3.234082380110892
107.0,116.0,116.0,118.0,157.0,9.0,0.0,2.0,39.0,5.0,2.5,0.5,37.5,45.5,4.679341385594631,28.757350599509895,4.451289655685841,12.5143998162645,12.77637911123412,2.730379781771479
105.0,113.0,114.0,116.0,150.0,8.0,1.0,2.0,34.0,4.0,1.5,0.5,32.5,38.5,5.081507891186602,24.617238226516548,4.3631901380305695,12.654253440424544,16.896365461544704,3.3250692163343607
115.0,114.0,115.0,117.0,153.0,-1.0,1.0,2.0,36.0,5.0,1.5,0.5,34.5,41.5,5.362556504197878,28.683032013281537,5.08172603713084,13.310339575572087,13.611100674587316,2.5381738474797184
106.0,114.0,114.0,116.0,150.0,8.0,0.0,2.0,34.0,4.0,2.5,0.5,32.5,39.5,5.293133672237923,26.190265107545358,4.575615969349715,12.683031973363576,15.82055272340279,2.9888821448776866
105.0,114.0,114.0,116.0,155.0,9.0,0.0,2.0,39.0,5.0,2.5,0.5,37.5,45.5,5.393492005038459,28.25022689719574,4.411549041197736,13.001956533939298,16.55471409156792,3.0693869715766597
108.0,117.0,117.0,119.0,161.0,9.0,0.0,2.0,42.0,5.0,2.5,0.5,40.5,48.5,5.393828328068596,26.640028370691624,4.730372395059139,13.347605060510077,12.016624158936477,2.2278469814109467
107.0,115.0,116.0,117.0,152.0,8.0,1.0,1.0,35.0,4.0,1.5,1.5,33.5,40.5,4.902887959424667,29.317393881332094,4.4409836033518,12.257173345203746,15.724535026464025,3.207198523930625
116.0,115.0,117.0,118.0,155.0,-1.0,2.0,1.0,37.0,5.0,0.5,1.5,35.5,42.5,4.695311814411694,27.815140345038714,4.595867065745402,12.773538922770054,15.342806630681217,3.2676864151148215
236.0,116.0,117.0,119.0,158.0,-120.0,1.0,2.0,39.0,124.0,1.5,0.5,37.5,163.5,19.14770666966668,30.314158891599853,4.59674732325649,12.375558404787068,12.206013518830256,0.637466080372263
114.0,114.0,115.0,117.0,157.0,0.0,1.0,2.0,40.0,4.0,1.5,0.5,38.5,44.5,4.433899442558489,25.290012677696357,4.210750431936483,12.557125659868378,14.931323997324924,3.3675378052121805
223.0,104.0,223.0,116.0,159.0,-119.0,119.0,-107.0,43.0,123.0,116.5,109.5,41.5,390.5,,,,,,0.0
115.0,114.0,115.0,117.0,159.0,-1.0,1.0,2.0,42.0,5.0,1.5,0.5,40.5,47.5,4.78449967234829,27.393024122257067,4.439010683282199,12.723752883441115,11.818413286347067,2.4701461167717973
108.0,115.0,117.0,118.0,118.0,7.0,2.0,1.0,0.0,3.0,0.5,1.5,1.5,6.5,4.8032062452667486,25.717625969299423,4.41365359813471,13.256498961960805,10.154336722119726,2.114074683369296
107.0,115.0,115.0,117.0,164.0,8.0,0.0,2.0,47.0,4.0,2.5,0.5,45.5,52.5,5.148356626840922,29.324460477878155,4.909261249297904,13.205973993947387,11.98261704952489,2.3274644547841925
107.0,115.0,116.0,118.0,158.0,8.0,1.0,2.0,40.0,4.0,1.5,0.5,38.5,44.5,5.0190777944691884,25.982033073216623,4.189363390356639,13.013195891102487,11.751214660492137,2.341309527706759
106.0,114.0,114.0,117.0,150.0,8.0,0.0,3.0,33.0,4.0,2.5,0.5,31.5,38.5,5.4276557896052715,27.35462298764633,3.9635304994799703,11.917096611864999,17.432071516657746,3.2117127895329376
116.0,115.0,116.0,118.0,158.0,-1.0,1.0,2.0,40.0,5.0,1.5,0.5,38.5,45.5,4.6122473824835355,25.59685241341646,4.311507688906184,12.773552118853667,11.024918037335826,2.3903570478908898
106.0,114.0,115.0,117.0,153.0,8.0,1.0,2.0,36.0,4.0,1.5,0.5,34.5,40.5,4.466510337769646,26.114768571258104,4.465814225481792,13.382519152146886,16.481894798139656,3.6901055973755787
105.0,113.0,114.0,116.0,151.0,8.0,1.0,2.0,35.0,4.0,1.5,0.5,33.5,39.5,4.95967128723235,27.206148332686112,4.519105478577029,12.508811580436591,14.052282250840863,2.833309192690968
113.0,114.0,114.0,116.0,157.0,1.0,0.0,2.0,41.0,3.0,2.5,0.5,39.5,45.5,4.217061241590201,24.80376228872316,4.038550997316392,12.622345501940226,13.503848125639383,3.2021939810737132
109.0,117.0,118.0,120.0,180.0,8.0,1.0,2.0,60.0,4.0,1.5,0.5,58.5,64.5,5.022156715915407,28.447866320326085,5.0187211964684995,13.263664802927014,12.192160211346245,2.427674184819606
107.0,116.0,116.0,117.0,156.0,9.0,0.0,1.0,39.0,5.0,2.5,1.5,37.5,46.5,5.271761436201134,25.40813905758588,4.380579517325121,13.247776088331179,13.605142146367669,2.5807583121916884
106.0,114.0,115.0,116.0,152.0,8.0,1.0,1.0,36.0,4.0,1.5,1.5,34.5,41.5,4.994163726506317,25.93206630768313,4.56659185697755,13.211032344310379,11.82131167692396,2.3670252567377474
107.0,116.0,117.0,118.0,173.0,9.0,1.0,1.0,55.0,5.0,1.5,1.5,53.5,61.5,4.935297574498243,28.350727721328333,4.467518443184285,12.913501639594237,9.963839467820078,2.0188933529166317
106.0,114.0,115.0,117.0,153.0,8.0,1.0,2.0,36.0,4.0,1.5,0.5,34.5,40.5,4.834190683290839,26.235665757005982,4.435831263141349,12.772414265535511,15.347781988597117,3.1748400082036548
114.0,114.0,115.0,117.0,154.0,0.0,1.0,2.0,37.0,4.0,1.5,0.5,35.5,41.5,4.9804036300382,27.494175925474867,4.361403577181759,12.480548245347553,13.830696516925963,2.7770232182607018
107.0,115.0,116.0,117.0,157.0,8.0,1.0,1.0,40.0,4.0,1.5,1.5,38.5,45.5,4.738779004675332,27.66967582801164,4.820907243078765,13.138871893762829,12.287926358788074,2.5930574830910387
110.0,111.0,111.0,113.0,236.0,1.0,0.0,2.0,123.0,3.0,2.5,0.5,121.5,127.5,4.695954427119201,24.430596526493204,4.494148156411937,12.595046058810519,15.796372156397702,3.3638256932762034
113.0,113.0,114.0,115.0,152.0,0.0,1.0,1.0,37.0,4.0,1.5,1.5,35.5,42.5,4.803905106029297,27.90336489754892,4.267847464150358,12.377253318862758,12.3549709773562,2.57185991493664
238.0,238.0,114.0,117.0,149.0,0.0,-124.0,3.0,32.0,4.0,126.5,0.5,30.5,161.5,13.3510386039691,36.210715426577586,4.378045272913027,11.93178554481923,16.302540130398143,1.2210690579197037
105.0,113.0,114.0,116.0,152.0,8.0,1.0,2.0,36.0,4.0,1.5,0.5,34.5,40.5,4.741045006125283,28.927187273625425,4.496663591459151,12.079450459752518,12.971491520326492,2.735998393511921
106.0,115.0,115.0,116.0,154.0,9.0,0.0,1.0,38.0,5.0,2.5,1.5,36.5,45.5,5.224435116776714,28.194456167963317,4.813595322732411,13.068020945038528,12.921349039118523,2.473252849408631
106.0,114.0,115.0,117.0,154.0,8.0,1.0,2.0,37.0,4.0,1.5,0.5,35.5,41.5,4.564301647077944,25.035558342921767,4.371514456639521,11.833316315850924,12.044525008062225,2.6388538574730496
106.0,114.0,115.0,117.0,156.0,8.0,1.0,2.0,39.0,4.0,1.5,0.5,37.5,43.5,4.950305176512597,29.683259066798154,4.069822842753842,12.230638136564133,14.050742893161164,2.8383589278145607
107.0,115.0,116.0,117.0,164.0,8.0,1.0,1.0,47.0,4.0,1.5,1.5,45.5,52.5,5.243321492317564,31.018329211754928,4.83476524601062,13.688720496617746,12.264811623999584,2.3391301948525953
105.0,113.0,114.0,115.0,155.0,8.0,1.0,1.0,40.0,4.0,1.5,1.5,38.5,45.5,5.448232780521931,29.220414450476078,4.502357672709254,12.827406844284235,15.381701427119388,2.8232460041191283
107.0,115.0,115.0,117.0,152.0,8.0,0.0,2.0,35.0,4.0,2.5,0.5,33.5,40.5,4.860524289445852,26.700793758976886,4.1061380071151214,11.642023414066143,16.626086705126944,3.4206364817945354
113.0,113.0,114.0,116.0,155.0,0.0,1.0,2.0,39.0,4.0,1.5,0.5,37.5,43.5,4.742268421072587,28.298273942354747,4.679527048168576,12.376187312968229,13.887429634081984,2.928436014370731
105.0,113.0,114.0,116.0,153.0,8.0,1.0,2.0,37.0,4.0,1.5,0.5,35.5,41.5,4.97651114359252,27.735090075587568,4.455071832495023,13.176086611136775,13.726365021929515,2.7582305406073138
107.0,116.0,116.0,118.0,158.0,9.0,0.0,2.0,40.0,5.0,2.5,0.5,38.5,46.5,4.753743024615302,29.30461642246675,4.381527743768348,12.675465660484752,12.76947814862202,2.6861944540334917
106.0,114.0,115.0,116.0,236.0,8.0,1.0,1.0,120.0,4.0,1.5,1.5,118.5,125.5,4.790486684613979,27.518348152274655,4.631064084677595,12.471793914678287,16.45117484407796,3.4341343431588327
106.0,114.0,115.0,116.0,171.0,8.0,1.0,1.0,55.0,4.0,1.5,1.5,53.5,60.5,4.932444152569626,28.00457060867884,4.317311073523914,13.087280404942192,12.023667674328577,2.4376692979006522
107.0,116.0,116.0,117.0,117.0,9.0,0.0,1.0,0.0,5.0,2.5,1.5,1.5,10.5,5.183245799482253,28.73118853278628,4.60144791454309,13.257505739641903,10.83535927815725,2.0904583146027105
227.0,226.0,226.0,226.0,227.0,-1.0,0.0,0.0,1.0,5.0,2.5,2.5,0.5,10.5,,,,,,0.0
107.0,115.0,115.0,117.0,163.0,8.0,0.0,2.0,46.0,4.0,2.5,0.5,44.5,51.5,4.982290537045294,29.446351507777713,4.741297479026659,13.081814171660193,13.843581734995375,2.7785576999299595
108.0,117.0,117.0,119.0,176.0,9.0,0.0,2.0,57.0,5.0,2.5,0.5,55.5,63.5,5.187767177573781,27.675229203913116,4.420573674335523,13.07938949583982,10.345252307101841,1.9941627974021991
108.0,116.0,117.0,118.0,154.0,8.0,1.0,1.0,36.0,4.0,1.5,1.5,34.5,41.5,5.060667337209188,30.182491543491526,4.551980557660649,13.268304895299611,17.017626695440534,3.3627238388732468
116.0,116.0,116.0,118.0,159.0,0.0,0.0,2.0,41.0,4.0,2.5,0.5,39.5,46.5,4.989516294214304,27.397097081858494,4.803866457538608,13.777957532226294,12.759188346013811,2.557199454546123
106.0,114.0,115.0,117.0,153.0,8.0,1.0,2.0,36.0,4.0,1.5,0.5,34.5,40.5,4.650112805372856,26.96130280513986,4.284052837786754,11.282811314589788,13.9717040203637,3.0045946421386693
106.0,115.0,115.0,117.0,152.0,9.0,0.0,2.0,35.0,5.0,2.5,0.5,33.5,41.5,4.555448941098223,25.941566892814183,4.439384860348675,12.829281392081217,17.181543332121336,3.771646560915954
106.0,114.0,114.0,116.0,156.0,8.0,0.0,2.0,40.0,4.0,2.5,0.5,38.5,45.5,5.454877312716189,28.093511183602217,4.444969354497241,12.56731673830017,15.098737080054363,2.767933395102544
105.0,114.0,114.0,116.0,155.0,9.0,0.0,2.0,39.0,5.0,2.5,0.5,37.5,45.5,4.912863234736389,22.92335198501719,4.161570438675444,12.699301120573711,14.882513577999093,3.0292953145473933
114.0,115.0,115.0,116.0,153.0,1.0,0.0,1.0,37.0,3.0,2.5,1.5,35.5,42.5,5.207734544976629,28.604125909513613,4.778542256805472,13.108805377742268,14.632984329739427,2.8098560330526787
108.0,117.0,117.0,119.0,118.0,9.0,0.0,2.0,-1.0,5.0,2.5,0.5,2.5,10.5,4.967010856095773,26.978616627596868,4.7703037771425,13.448959801772173,10.886585771973529,2.191778131230164
123.0,123.0,124.0,116.0,115.0,0.0,1.0,-8.0,-1.0,4.0,1.5,10.5,2.5,18.5,8.709864260987779,42.97242094975669,6.848318034036618,21.498199488778404,16.692180080423093,1.9164684523487678
117.0,117.0,116.0,110.0,108.0,0.0,-1.0,-6.0,-2.0,4.0,3.5,8.5,3.5,19.5,,,,,,0.0
126.0,126.0,126.0,119.0,118.0,0.0,0.0,-7.0,-1.0,4.0,2.5,9.5,2.5,18.5,8.571143013971435,39.24379928265385,6.544895225129993,19.574616039035003,14.27531176419766,1.6655085256339925
125.0,124.0,125.0,118.0,117.0,-1.0,1.0,-7.0,-1.0,5.0,1.5,9.5,2.5,18.5,8.764370249342452,39.52268178564863,6.490077397252653,19.138938530347367,14.376921500897973,1.6403827191094082
118.0,236.0,109.0,111.0,110.0,118.0,-127.0,2.0,-1.0,114.0,129.5,0.5,2.5,246.5,8.273282338431672,49.06839077227642,6.638122057706825,25.718632915809437,15.495366993914903,1.8729406733691005
123.0,123.0,124.0,116.0,116.0,0.0,1.0,-8.0,0.0,4.0,1.5,10.5,1.5,17.5,8.123568020392248,42.82666831414921,6.860088057072191,22.82879104661681,17.179425959057408,2.1147636009118926
236.0,235.0,235.0,111.0,111.0,-1.0,0.0,-124.0,0.0,5.0,2.5,126.5,1.5,135.5,21.259322953132283,69.19323078095668,7.913686905563229,22.445260069575628,16.252897799101838,0.7645068394196997
122.0,122.0,123.0,116.0,115.0,0.0,1.0,-7.0,-1.0,4.0,1.5,9.5,2.5,17.5,7.898876884070497,39.11056948264753,6.476420779768413,25.090324625045124,14.779693203157615,1.871113250665233
124.0,124.0,115.0,118.0,116.0,0.0,-9.0,3.0,-2.0,4.0,11.5,0.5,3.5,19.5,7.833938281453486,41.54061492714504,6.902717393280942,24.058765610542974,15.442570693967511,1.9712397697243973
121.0,112.0,121.0,115.0,114.0,-9.0,9.0,-6.0,-1.0,13.0,6.5,8.5,2.5,30.5,9.098742615636091,41.92496087477973,6.359040268065092,20.960339324699923,14.704609522856238,1.616114461528621
120.0,120.0,120.0,113.0,112.0,0.0,0.0,-7.0,-1.0,4.0,2.5,9.5,2.5,18.5,9.455771306289076,41.0040195152738,6.618083195938625,20.10078404550528,15.02939970227914,1.5894419625274796
232.0,232.0,232.0,232.0,115.0,0.0,0.0,0.0,-117.0,4.0,2.5,2.5,118.5,127.5,101.0932587143571,505.13231421002854,52.158786052445066,27.785001107052896,15.988886616822532,0.1581597706925221
124.0,124.0,124.0,117.0,116.0,0.0,0.0,-7.0,-1.0,4.0,2.5,9.5,2.5,18.5,8.379400564160234,40.9885347849307,6.766908972044265,20.495166660929137,15.552200250697851,1.8560039147927356
114.0,122.0,123.0,116.0,115.0,8.0,1.0,-7.0,-1.0,4.0,1.5,9.5,2.5,17.5,6.490296066075409,34.08914938450323,5.873291813479306,18.939589545024884,13.58904863022588,2.093748650582436
125.0,125.0,125.0,118.0,117.0,0.0,0.0,-7.0,-1.0,4.0,2.5,9.5,2.5,18.5,9.375714113317585,44.874265081800935,7.054077255672385,19.389040228363783,14.764006458505424,1.5747074068239906
116.0,124.0,124.0,118.0,117.0,8.0,0.0,-6.0,-1.0,4.0,2.5,8.5,2.5,17.5,9.987446625470499,44.01219317068665,6.751835349833362,19.893377944405998,15.420855926188509,1.5440238636030805
126.0,126.0,4.0,119.0,118.0,0.0,-122.0,115.0,-1.0,4.0,124.5,112.5,2.5,243.5,9.014461855490424,41.76637697965172,7.301884965156132,19.235334294565394,16.90536659678674,1.875360600310291
128.0,128.0,129.0,121.0,120.0,0.0,1.0,-8.0,-1.0,4.0,1.5,10.5,2.5,18.5,9.85571013383538,41.426291738806725,7.884367474993303,19.928709938034586,14.732203023342517,1.4947885868483264
121.0,121.0,121.0,114.0,113.0,0.0,0.0,-7.0,-1.0,4.0,2.5,9.5,2.5,18.5,10.023261965137117,40.00406054731095,7.042915984502873,20.821754892199525,15.601342332461488,1.5565134770223543
125.0,126.0,126.0,118.0,118.0,1.0,0.0,-8.0,0.0,3.0,2.5,10.5,1.5,17.5,8.470453781981796,43.30959895164937,6.795781442567768,18.916465250687896,15.449598985339346,1.823939942651416
121.0,112.0,113.0,115.0,114.0,-9.0,1.0,2.0,-1.0,13.0,1.5,0.5,2.5,17.5,9.458397468816724,43.737653033986994,7.375683834085481,21.590932449367468,15.935600521890906,1.6848097761199818
123.0,124.0,114.0,116.0,116.0,1.0,-10.0,2.0,0.0,3.0,12.5,0.5,1.5,17.5,8.222959960863047,37.45212367736069,6.1467224054587515,21.22276682058295,16.209506672982236,1.9712496169421887
125.0,125.0,125.0,118.0,117.0,0.0,0.0,-7.0,-1.0,4.0,2.5,9.5,2.5,18.5,8.86265105891218,47.20148162424233,7.340199899636155,21.603109236293804,17.656489406149976,1.9922356514752788
124.0,114.0,124.0,117.0,117.0,-10.0,10.0,-7.0,0.0,14.0,7.5,9.5,1.5,32.5,9.506011985944587,44.25716526397932,7.522342017056488,20.11533237354687,15.600326910309976,1.6411011193102143
125.0,116.0,117.0,119.0,118.0,-9.0,1.0,2.0,-1.0,13.0,1.5,0.5,2.5,17.5,7.1712159481682605,37.44292742506576,6.543994932671967,19.35847418274645,16.651068087309433,2.32193092603251
121.0,121.0,122.0,115.0,113.0,0.0,1.0,-7.0,-2.0,4.0,1.5,9.5,3.5,18.5,9.082701889761237,40.74175370733256,6.959040672551126,20.823642294936295,19.693763815357094,2.1682715181434626
120.0,229.0,112.0,114.0,123.0,109.0,-117.0,2.0,9.0,105.0,119.5,0.5,7.5,232.5,7.487230066639004,50.868075692732845,5.233021519089664,21.643065507974605,15.217020425377706,2.032396532488093
124.0,114.0,115.0,116.0,116.0,-10.0,1.0,1.0,0.0,14.0,1.5,1.5,1.5,18.5,9.239822987158346,46.1546163885398,7.506369373320649,19.61633059739618,16.287097036126074,1.7627066079904499
124.0,123.0,124.0,117.0,117.0,-1.0,1.0,-7.0,0.0,5.0,1.5,9.5,1.5,17.5,9.112692174502694,41.461326329583436,6.802175726843125,24.393847702134728,15.94382137093344,1.7496279985780976
121.0,121.0,121.0,114.0,113.0,0.0,0.0,-7.0,-1.0,4.0,2.5,9.5,2.5,18.5,9.382570627238536,46.285898055489604,7.0452361017612475,20.90062231744431,15.599999177320944,1.6626572606906465
124.0,124.0,115.0,117.0,117.0,0.0,-9.0,2.0,0.0,4.0,11.5,0.5,1.5,17.5,9.251297615481334,41.92421831539048,7.038923976760061,21.228906508951784,14.022767031551364,1.5157621789277802
126.0,126.0,126.0,119.0,119.0,0.0,0.0,-7.0,0.0,4.0,2.5,9.5,1.5,17.5,10.32885727967101,45.107024804294085,6.71865445042101,20.953633480279155,14.668137290915347,1.4201123022374214
126.0,125.0,126.0,119.0,118.0,-1.0,1.0,-7.0,-1.0,5.0,1.5,9.5,2.5,18.5,9.513683992422184,44.00257588510631,7.496766875553089,22.498977614127508,15.110567031268312,1.5882981864127654
122.0,122.0,122.0,114.0,114.0,0.0,0.0,-8.0,0.0,4.0,2.5,10.5,1.5,18.5,8.523431489001709,40.20668063118266,6.416486455282665,17.481147219662706,14.082058954347689,1.6521584026948075
122.0,122.0,113.0,115.0,114.0,0.0,-9.0,2.0,-1.0,4.0,11.5,0.5,2.5,18.5,8.826290244458178,42.08448320937792,6.93425647795446,20.441543628969583,16.642836888596992,1.885598187647029
124.0,124.0,115.0,116.0,117.0,0.0,-9.0,1.0,1.0,4.0,11.5,1.5,0.5,17.5,9.731581951332595,40.19827467482417,6.673517559911203,20.559548997548482,16.72312945626786,1.7184389485594247
124.0,114.0,124.0,116.0,116.0,-10.0,10.0,-8.0,0.0,14.0,7.5,10.5,1.5,33.5,8.99958161989834,41.86666290753619,6.789898473459526,19.915601060839318,16.92822915333649,1.881001791895267
120.0,120.0,120.0,112.0,112.0,0.0,0.0,-8.0,0.0,4.0,2.5,10.5,1.5,18.5,12.829159674622385,64.23742912370047,10.335683462937387,32.90552935905283,25.62698291104455,1.997557405239705
124.0,123.0,124.0,116.0,116.0,-1.0,1.0,-8.0,0.0,5.0,1.5,10.5,1.5,18.5,9.583479267687096,40.32728995629576,7.265906268162462,19.386744725627693,14.797814645004681,1.544096275650005
123.0,123.0,123.0,116.0,115.0,0.0,0.0,-7.0,-1.0,4.0,2.5,9.5,2.5,18.5,8.93543081446511,37.91817720852076,6.957135343189714,20.548592920783115,14.749418984852076,1.6506667995207347
122.0,121.0,122.0,115.0,114.0,-1.0,1.0,-7.0,-1.0,5.0,1.5,9.5,2.5,18.5,9.797103066413019,47.28786561986245,7.391248845603499,22.628192952747227,15.137416464135187,1.5450910704440919
113.0,121.0,122.0,114.0,113.0,8.0,1.0,-8.0,-1.0,4.0,1.5,10.5,2.5,18.5,9.122156178768579,44.15325995982501,6.91095908818675,20.085771568768212,14.592019787356774,1.5996239815888116
121.0,121.0,112.0,115.0,114.0,0.0,-9.0,3.0,-1.0,4.0,11.5,0.5,2.5,18.5,9.039207139369399,44.0330786246955,7.419572675002412,21.660021541889428,15.425163614307703,1.7064730762861804
119.0,109.0,110.0,111.0,111.0,-10.0,1.0,1.0,0.0,14.0,1.5,1.5,1.5,18.5,8.485808081178954,39.923296174406644,7.028735618102437,20.244587830716725,15.363825255104222,1.8105317853205194
125.0,125.0,125.0,118.0,117.0,0.0,0.0,-7.0,-1.0,4.0,2.5,9.5,2.5,18.5,9.609125941453957,47.17218752884561,7.246100270707576,18.569282355850977,15.148827456163417,1.5765042053212228
123.0,123.0,114.0,115.0,115.0,0.0,-9.0,1.0,0.0,4.0,11.5,1.5,1.5,18.5,9.374239670451727,43.229310379326385,6.212159649878563,20.49845255011577,15.093548198589067,1.6101090572886683
125.0,125.0,116.0,118.0,116.0,0.0,-9.0,2.0,-2.0,4.0,11.5,0.5,3.5,19.5,9.068113359455323,38.4191705248654,6.811682717070436,19.759022108802824,15.875332702917953,1.750676471899719
125.0,125.0,125.0,118.0,117.0,0.0,0.0,-7.0,-1.0,4.0,2.5,9.5,2.5,18.5,9.98119668063699,45.92081284790096,7.057628657909754,20.833543723959824,14.31011320056395,1.433707165426851
111.0,120.0,111.0,112.0,111.0,9.0,-9.0,1.0,-1.0,5.0,11.5,1.5,2.5,20.5,,,,,,0.0
121.0,111.0,121.0,114.0,113.0,-10.0,10.0,-7.0,-1.0,14.0,7.5,9.5,2.5,33.5,9.193236115789873,44.59408992673105,7.498458673274881,20.11970682834709,14.705267139330342,1.5995746170462501
123.0,123.0,114.0,117.0,116.0,0.0,-9.0,3.0,-1.0,4.0,11.5,0.5,2.5,18.5,9.808031814806743,44.19991560388651,7.607854231728529,20.685753866335457,17.51668355818952,1.7859529708850836
229.0,229.0,229.0,229.0,118.0,0.0,0.0,0.0,-111.0,4.0,2.5,2.5,112.5,121.5,78.0403118205282,344.23885841903353,49.138374195025726,27.7132511559447,14.724268277463688,0.1886751594653486
124.0,124.0,124.0,117.0,117.0,0.0,0.0,-7.0,0.0,4.0,2.5,9.5,1.5,17.5,9.218445230637933,41.97394193373792,6.836278435493358,19.846971028578285,14.741457902766381,1.5991262663005752
122.0,122.0,123.0,114.0,114.0,0.0,1.0,-9.0,0.0,4.0,1.5,11.5,1.5,18.5,8.370989173531008,43.17690526009542,6.665360605113276,17.420661411756328,15.16005045961129,1.8110225859026592
123.0,113.0,124.0,116.0,116.0,-10.0,11.0,-8.0,0.0,14.0,8.5,10.5,1.5,34.5,9.308634457772506,39.43111510317422,6.681827399684796,21.150341249946592,15.252934765054658,1.6385791959333833
120.0,120.0,112.0,114.0,111.0,0.0,-8.0,2.0,-3.0,4.0,10.5,0.5,4.5,19.5,8.858622198258931,38.48282102604725,6.768051140343528,19.98217129788426,14.641097937512377,1.6527511400576413
125.0,115.0,125.0,117.0,117.0,-10.0,10.0,-8.0,0.0,14.0,7.5,10.5,1.5,33.5,9.115123492625099,40.17201373270012,7.28613038913204,22.541563114115448,15.49370248773623,1.6997797671388588
124.0,124.0,124.0,116.0,115.0,0.0,0.0,-8.0,-1.0,4.0,2.5,10.5,2.5,19.5,7.546790588335921,40.20674905276045,6.696100555713603,18.84811559522409,16.636434067707405,2.2044382804817917
123.0,123.0,114.0,116.0,115.0,0.0,-9.0,2.0,-1.0,4.0,11.5,0.5,2.5,18.5,9.872111790539783,46.39166608120246,6.980479360006842,22.71344596614849,16.157309851927117,1.636661961973556
121.0,121.0,122.0,115.0,114.0,0.0,1.0,-7.0,-1.0,4.0,1.5,9.5,2.5,17.5,7.458512323740607,44.5166809635151,7.395730406807014,21.777971401773492,15.3018825885928,2.051599826400578
126.0,126.0,126.0,119.0,117.0,0.0,0.0,-7.0,-2.0,4.0,2.5,9.5,3.5,19.5,8.94953666284159,43.02178896944781,6.570956657132932,20.98573643635915,16.27651560607343,1.8186992488285347
121.0,121.0,122.0,116.0,114.0,0.0,1.0,-6.0,-2.0,4.0,1.5,8.5,3.5,17.5,7.942273956336663,38.622140056055194,6.672020855291062,17.754859893921697,13.837938126081955,1.7423143802590058
124.0,124.0,124.0,117.0,117.0,0.0,0.0,-7.0,0.0,4.0,2.5,9.5,1.5,17.5,8.586449175764127,43.278476432876374,7.03366127981206,19.851084021408084,19.57541452019995,2.279803224766411
121.0,113.0,113.0,115.0,114.0,-8.0,0.0,2.0,-1.0,12.0,2.5,0.5,2.5,17.5,8.972174268166409,38.666099863697724,6.700152874908514,20.53000860541892,14.631584361410352,1.6307735365020417
125.0,125.0,116.0,117.0,118.0,0.0,-9.0,1.0,1.0,4.0,11.5,1.5,0.5,17.5,8.889153563027289,39.1904802120242,6.724323163375506,23.765266545102207,18.890926093686957,2.1251659069385527
123.0,123.0,123.0,117.0,115.0,0.0,0.0,-6.0,-2.0,4.0,2.5,8.5,3.5,18.5,9.936748093993529,46.90612452166812,7.505162219119138,22.419147195085454,15.007804328598237,1.5103335806278526
128.0,127.0,128.0,121.0,120.0,-1.0,1.0,-7.0,-1.0,5.0,1.5,9.5,2.5,18.5,8.423337983458678,39.284859776001866,6.58611868697723,21.0814835992803,15.372727005948242,1.8250160489982024
236.0,146.0,145.0,145.0,187.0,-90.0,-1.0,0.0,42.0,94.0,3.5,2.5,40.5,140.5,9.276706398434545,31.49748461682095,3.869972934761177,6.982607671659566,8.857561415231578,0.9548174788334685
151.0,152.0,150.0,150.0,188.0,1.0,-2.0,0.0,38.0,3.0,4.5,2.5,36.5,46.5,5.416685390582961,32.99823287107734,4.189514657074606,7.679653688953165,10.806829914748887,1.9951001646757671
149.0,151.0,149.0,149.0,203.0,2.0,-2.0,0.0,54.0,2.0,4.5,2.5,52.5,61.5,5.705515768217059,24.288426552572602,3.714962047261688,5.921116210526721,7.044233687623926,1.2346357408850364
149.0,150.0,149.0,178.0,168.0,1.0,-1.0,29.0,-10.0,3.0,3.5,26.5,11.5,44.5,6.061873656280009,30.644580870889648,3.949259916265104,7.966373410897869,7.8640390682142245,1.2972951127193486
151.0,151.0,149.0,150.0,170.0,0.0,-2.0,1.0,20.0,4.0,4.5,1.5,18.5,28.5,5.108530707141938,27.497503661022265,3.6380050399345127,9.022483335656348,8.579245423417174,1.6793958801936988
150.0,151.0,150.0,150.0,150.0,1.0,-1.0,0.0,0.0,3.0,3.5,2.5,1.5,10.5,4.719084461052439,30.52600122323272,3.3816022956820433,6.540804314180382,6.491042620230269,1.3754876976248591
146.0,146.0,145.0,144.0,143.0,0.0,-1.0,-1.0,-1.0,4.0,3.5,3.5,2.5,13.5,5.316825750410528,34.67752943862317,3.52647748689483,6.563205011198897,6.174975876462881,1.1614027177749982
152.0,152.0,150.0,150.0,150.0,0.0,-2.0,0.0,0.0,4.0,4.5,2.5,1.5,12.5,5.257786504670575,30.409815627580393,4.066524379335062,8.749786576461199,8.363843207982853,1.590753675630062
149.0,151.0,149.0,173.0,149.0,2.0,-2.0,24.0,-24.0,2.0,4.5,21.5,25.5,53.5,5.652810291456131,30.875437755962043,3.9874035342300522,7.3382902720894405,7.721699097408952,1.3659929662029906
232.0,237.0,238.0,232.0,232.0,5.0,1.0,-6.0,0.0,1.0,1.5,8.5,1.5,12.5,69.81616374226738,260.7826218837823,15.73203092172082,12.602151013065482,131.90556121643584,1.8893269716648573
143.0,144.0,144.0,206.0,210.0,1.0,0.0,62.0,4.0,3.0,2.5,59.5,2.5,67.5,6.611990914743187,34.972482879634626,3.990424289559155,6.614677856782664,9.620414491498575,1.4549951165309847
151.0,153.0,151.0,151.0,191.0,2.0,-2.0,0.0,40.0,2.0,4.5,2.5,38.5,47.5,4.014461656395215,25.06412201970449,3.439859005605291,6.492595858159728,8.467210686846864,2.1091771230043315
152.0,154.0,153.0,191.0,194.0,2.0,-1.0,38.0,3.0,2.0,3.5,35.5,1.5,42.5,6.288629688444482,30.518113304349995,3.7987364871064124,9.512807691620889,5.83276040227908,0.9275089632001907
150.0,3.0,3.0,151.0,151.0,-147.0,0.0,148.0,0.0,151.0,2.5,145.5,1.5,300.5,5.9350211220081865,35.11676406124985,4.614199801090886,8.723897937155678,7.4242008117218115,1.250913966285893
150.0,150.0,149.0,149.0,148.0,0.0,-1.0,0.0,-1.0,4.0,3.5,2.5,2.5,12.5,5.073528498717571,32.55186058864548,4.327591625219476,9.748653691145336,7.223139753471756,1.4236915699394492
149.0,150.0,149.0,185.0,188.0,1.0,-1.0,36.0,3.0,3.0,3.5,33.5,1.5,41.5,4.687698948367439,28.808488983067715,3.1445604037059414,7.585117258548629,5.975305150439138,1.274677665151711
150.0,151.0,150.0,150.0,149.0,1.0,-1.0,0.0,-1.0,3.0,3.5,2.5,2.5,11.5,5.956277207501552,37.77004294870416,4.19771991861703,8.05742243878575,7.091997967880082,1.1906762766091816
152.0,152.0,150.0,150.0,190.0,0.0,-2.0,0.0,40.0,4.0,4.5,2.5,38.5,49.5,5.8976595298645265,31.088858488837587,3.5269860796341974,7.000175300154414,7.060642367423976,1.1971939600226744
151.0,152.0,150.0,149.0,189.0,1.0,-2.0,-1.0,40.0,3.0,4.5,3.5,38.5,49.5,5.73311588541775,36.55099874922333,3.9441827244989662,6.72766396540235,9.566356251328942,1.6686137944047295
147.0,148.0,147.0,235.0,235.0,1.0,-1.0,88.0,0.0,3.0,3.5,85.5,1.5,93.5,4.7323672523539395,29.26462833857412,3.5525090161878405,8.854014072109289,15.989013847882022,3.378650260063583
150.0,150.0,148.0,148.0,201.0,0.0,-2.0,0.0,53.0,4.0,4.5,2.5,51.5,62.5,4.483411613698266,30.593699273543,3.581976846322154,6.136558672676936,7.061456241131782,1.5750185014368878
151.0,152.0,150.0,150.0,150.0,1.0,-2.0,0.0,0.0,3.0,4.5,2.5,1.5,11.5,5.695813438192109,35.42028351320079,3.993163588413789,7.87733544435628,7.998976940855747,1.4043607691256612
147.0,148.0,147.0,147.0,221.0,1.0,-1.0,0.0,74.0,3.0,3.5,2.5,72.5,81.5,6.348548794403634,37.497522596359474,4.20166302416961,6.683194139056874,8.695895021309628,1.3697453233682673
154.0,155.0,153.0,153.0,193.0,1.0,-2.0,0.0,40.0,3.0,4.5,2.5,38.5,48.5,8.411109839722574,46.373477156936445,5.063167267291044,7.0889008954352954,11.866489383757168,1.4108113685207282
154.0,156.0,154.0,154.0,144.0,2.0,-2.0,0.0,-10.0,2.0,4.5,2.5,11.5,20.5,6.880799739272433,36.42617757532422,4.303064069386155,6.508576412102305,6.2652574437677595,0.9105420417932756
153.0,154.0,153.0,153.0,191.0,1.0,-1.0,0.0,38.0,3.0,3.5,2.5,36.5,45.5,6.09214045010245,36.94260649395497,3.9949600603284634,6.844569721547878,10.333449969686425,1.6961936538269813
150.0,151.0,150.0,149.0,149.0,1.0,-1.0,-1.0,0.0,3.0,3.5,3.5,1.5,11.5,4.674985793308396,32.92687089798942,3.5398586299350145,6.858626211375847,7.492368273193723,1.6026504901721894
151.0,151.0,151.0,149.0,203.0,0.0,0.0,-2.0,54.0,4.0,2.5,4.5,52.5,63.5,6.2577520961832915,37.38933592790987,4.209562282100671,5.385911629936964,7.917190890420356,1.2651812933352191
141.0,142.0,141.0,142.0,142.0,1.0,-1.0,1.0,0.0,3.0,3.5,1.5,1.5,9.5,5.32422424050878,27.43133645464498,3.6542226608585833,6.667653690289673,6.3928809118241245,1.2007159396451763
148.0,149.0,147.0,147.0,147.0,1.0,-2.0,0.0,0.0,3.0,4.5,2.5,1.5,11.5,5.947218407681288,31.318294238618314,4.049742361471805,7.89579732013455,7.642990992358097,1.2851370957701147
154.0,156.0,154.0,184.0,186.0,2.0,-2.0,30.0,2.0,2.0,4.5,27.5,0.5,34.5,6.161425532969701,28.47965288974357,4.099527986085431,8.721902051234458,7.771042195784606,1.2612409505238469
155.0,156.0,154.0,154.0,195.0,1.0,-2.0,0.0,41.0,3.0,4.5,2.5,39.5,49.5,5.56310096930944,32.15282721318663,4.388648187927421,7.858336386591871,9.272621203922945,1.6668080006237915
147.0,149.0,147.0,147.0,147.0,2.0,-2.0,0.0,0.0,2.0,4.5,2.5,1.5,10.5,4.747489890279877,25.941493038603276,3.3891149233100566,6.577670014777995,6.2706404278984635,1.320832813301429
150.0,151.0,149.0,149.0,149.0,1.0,-2.0,0.0,0.0,3.0,4.5,2.5,1.5,11.5,5.161654008641566,28.037470156061612,3.802049299886389,8.345137096290712,7.536537356741979,1.460101228041325
153.0,154.0,152.0,152.0,191.0,1.0,-2.0,0.0,39.0,3.0,4.5,2.5,37.5,47.5,5.045576908645577,26.06283460977794,3.256037632636885,7.4698110273063465,8.660750754789987,1.7165035657170984
155.0,156.0,154.0,154.0,153.0,1.0,-2.0,0.0,-1.0,3.0,4.5,2.5,2.5,12.5,5.368637769471617,42.01134247342667,4.293614579838367,8.154930775629783,8.011318812198226,1.4922442444811663
151.0,152.0,150.0,201.0,190.0,1.0,-2.0,51.0,-11.0,3.0,4.5,48.5,12.5,68.5,5.627125959751728,26.208047414440138,3.5143864721995306,8.79896416531265,8.858779083841648,1.5742990555399798
138.0,150.0,149.0,149.0,149.0,12.0,-1.0,0.0,0.0,8.0,3.5,2.5,1.5,15.5,4.360827595956318,24.46450988949611,3.5659025927851844,8.254604341184319,7.0583336311797105,1.6185766292904402
145.0,147.0,145.0,144.0,135.0,2.0,-2.0,-1.0,-9.0,2.0,4.5,3.5,10.5,20.5,5.858067907088987,35.38076978920148,3.999084147923684,7.0520778778410405,6.82572456645487,1.1651835852218269
150.0,151.0,149.0,220.0,148.0,1.0,-2.0,71.0,-72.0,3.0,4.5,68.5,73.5,149.5,6.271177644705295,34.019905112343956,4.180619033245581,6.333360783667528,6.226195159230435,0.9928271071203287
153.0,154.0,152.0,152.0,171.0,1.0,-2.0,0.0,19.0,3.0,4.5,2.5,17.5,27.5,4.893215754138,28.985755260437767,3.773183875722941,7.883719485861631,8.835099912224312,1.8055815145189165
236.0,236.0,236.0,146.0,193.0,0.0,0.0,-90.0,47.0,4.0,2.5,92.5,45.5,144.5,8.989739745705968,60.88727265028429,13.128038622502965,8.040816079068046,7.217575310997278,0.8028681046572921
151.0,151.0,150.0,149.0,187.0,0.0,-1.0,-1.0,38.0,4.0,3.5,3.5,36.5,47.5,5.473300845833161,36.71911152502518,3.9428052892203347,7.998176617783397,8.890120990270368,1.6242704796756133
153.0,154.0,153.0,152.0,151.0,1.0,-1.0,-1.0,-1.0,3.0,3.5,3.5,2.5,12.5,6.899754168058192,37.94529825344947,4.318691659758032,8.957316799593224,7.871053993919775,1.1407731061431334
223.0,224.0,224.0,224.0,224.0,1.0,0.0,0.0,0.0,3.0,2.5,2.5,1.5,9.5,,,,,,0.0
151.0,151.0,150.0,149.0,188.0,0.0,-1.0,-1.0,39.0,4.0,3.5,3.5,37.5,48.5,5.069711891353313,30.647760333265953,3.421645856436269,6.4896158142028355,13.61911687697365,2.6863690025860922
143.0,145.0,144.0,144.0,236.0,2.0,-1.0,0.0,92.0,2.0,3.5,2.5,90.5,98.5,5.302757523583401,29.054558332987185,3.426683968994714,5.734012130274951,10.408356471105328,1.9628196131569973
150.0,150.0,149.0,139.0,188.0,0.0,-1.0,-10.0,49.0,4.0,3.5,12.5,47.5,67.5,7.577816053039774,54.8267076446273,5.229771373893483,7.797216012593319,11.801582812336756,1.5573857599252037
150.0,151.0,150.0,149.0,200.0,1.0,-1.0,-1.0,51.0,3.0,3.5,3.5,49.5,59.5,6.174682727713787,36.324513647308095,4.063688591421171,6.587151400391181,9.420984726372247,1.525743935650022
152.0,154.0,152.0,152.0,192.0,2.0,-2.0,0.0,40.0,2.0,4.5,2.5,38.5,47.5,6.524881374923901,39.77961072242587,4.385475330795315,8.204422900791473,8.323337290584321,1.2756304386731314
151.0,151.0,151.0,150.0,172.0,0.0,0.0,-1.0,22.0,4.0,2.5,3.5,20.5,30.5,6.719276825240477,34.22826241405428,4.1590530077367545,7.262623690639057,8.654760660531368,1.2880494263936837
153.0,153.0,151.0,151.0,172.0,0.0,-2.0,0.0,21.0,4.0,4.5,2.5,19.5,30.5,5.3073397481622795,36.25487371939004,3.6431436624930633,7.658048642933469,7.512329510217899,1.4154604503733006
149.0,150.0,149.0,219.0,148.0,1.0,-1.0,70.0,-71.0,3.0,3.5,67.5,72.5,146.5,4.935501941566217,28.83023493386191,3.499452798363157,6.230220825520924,5.995123815457793,1.2146938419712825
152.0,153.0,152.0,152.0,152.0,1.0,-1.0,0.0,0.0,3.0,3.5,2.5,1.5,10.5,5.3902720050377315,28.308912935972565,3.4093093829801653,6.872461705018489,6.395686891404769,1.1865239612077796
149.0,151.0,150.0,149.0,148.0,2.0,-1.0,-1.0,-1.0,2.0,3.5,3.5,2.5,11.5,7.011895605331066,36.87446020207091,3.9408851686236934,6.77024508842236,6.327679562609191,0.902420674631597
146.0,146.0,144.0,143.0,189.0,0.0,-2.0,-1.0,46.0,4.0,4.5,3.5,44.5,56.5,4.5774582779813375,29.570301695038204,3.6757772802838855,9.29637638860279,9.117929643909747,1.9919197707970724
149.0,150.0,149.0,177.0,149.0,1.0,-1.0,28.0,-28.0,3.0,3.5,25.5,29.5,61.5,5.569365356713561,31.665221709464735,3.723421121423578,8.469491480644253,6.804451165670559,1.221764192120772
149.0,150.0,149.0,149.0,148.0,1.0,-1.0,0.0,-1.0,3.0,3.5,2.5,2.5,11.5,5.668084572554005,35.19577133656195,4.059025381896063,7.875765612003675,7.614514728040161,1.343401748963161
229.0,229.0,229.0,229.0,229.0,0.0,0.0,0.0,0.0,4.0,2.5,2.5,1.5,10.5,69.07811271354662,469.7178148792425,34.49315077549498,29.58079522696463,21.325324621723574,0.3087131912557529
145.0,145.0,144.0,143.0,143.0,0.0,-1.0,-1.0,0.0,4.0,3.5,3.5,1.5,12.5,4.702367210003128,30.199622846623914,3.8745165623314985,7.435278000863041,7.012585180265743,1.4912882952543975
151.0,152.0,149.0,149.0,195.0,1.0,-3.0,0.0,46.0,3.0,5.5,2.5,44.5,55.5,5.477691677476275,30.004750797109246,3.4625002732871377,7.265299935930604,10.125108434919985,1.8484261311299113
152.0,153.0,151.0,184.0,141.0,1.0,-2.0,33.0,-43.0,3.0,4.5,30.5,44.5,82.5,5.304023063912017,32.022427040951406,3.6661556975442786,8.646746644742281,6.31753320253497,1.191083282710206
149.0,150.0,149.0,149.0,148.0,1.0,-1.0,0.0,-1.0,3.0,3.5,2.5,2.5,11.5,5.973491815535139,33.052903236516805,3.731730747723087,6.9644547497877545,6.67300344692763,1.117102634940134
142.0,153.0,151.0,150.0,199.0,11.0,-2.0,-1.0,49.0,7.0,4.5,3.5,47.5,62.5,7.323180582918078,41.400193734441686,4.265761411101148,6.302629775048992,8.919727376461353,1.2180127576353028
153.0,155.0,154.0,155.0,185.0,2.0,-1.0,1.0,30.0,2.0,3.5,1.5,28.5,35.5,6.487280138454743,28.798334728260333,4.238207499234115,9.077714550474868,8.721513317504565,1.3444021425567745
151.0,152.0,151.0,178.0,173.0,1.0,-1.0,27.0,-5.0,3.0,3.5,24.5,6.5,37.5,5.8671770780071455,28.185204434156752,3.6899902336217876,7.214113606736176,7.292100734342991,1.2428635845468359
149.0,151.0,149.0,149.0,193.0,2.0,-2.0,0.0,44.0,2.0,4.5,2.5,42.5,51.5,6.302664852652284,27.531549421883273,3.8341361205076097,8.100466847238486,6.594321718350825,1.0462751665394052
150.0,152.0,150.0,150.0,150.0,2.0,-2.0,0.0,0.0,2.0,4.5,2.5,1.5,10.5,5.6095353714517575,35.661026466705984,4.151924752700507,8.910679553952239,7.959267565843552,1.4188817858873184
151.0,153.0,151.0,150.0,202.0,2.0,-2.0,-1.0,52.0,2.0,4.5,3.5,50.5,60.5,6.18102490288927,34.87938176803997,4.268919405469773,6.982329027015735,7.196204026588097,1.1642412285419348
146.0,148.0,146.0,146.0,145.0,2.0,-2.0,0.0,-1.0,2.0,4.5,2.5,2.5,11.5,6.188002781337473,35.59018192088664,3.896665959562829,5.611508519166467,6.079843556780914,0.9825211415736983
150.0,151.0,149.0,148.0,189.0,1.0,-2.0,-1.0,41.0,3.0,4.5,3.5,39.5,50.5,5.621590818614589,35.22160492131512,3.782396944264455,6.344879057772051,7.561659312452017,1.345110228836532
151.0,152.0,150.0,151.0,196.0,1.0,-2.0,1.0,45.0,3.0,4.5,1.5,43.5,52.5,5.859882826940855,31.999539547352878,4.043591993917174,6.8365404928244,8.554873867624023,1.4599052780190291
151.0,152.0,151.0,150.0,198.0,1.0,-1.0,-1.0,48.0,3.0,3.5,3.5,46.5,56.5,6.256578041259788,34.9588582886655,3.9582600253246953,6.603052072313452,7.914716783753535,1.2650232653631017
144.0,155.0,155.0,144.0,178.0,11.0,0.0,-11.0,34.0,7.0,2.5,13.5,32.5,55.5,,,,,,0.0
