id,acceleration_at_release,arm_extension_angle,arm_plane_angle,azimuth_angle,elbow_alignment,elbow_height_relative,elevation_angle,forward_position,guide_hand_vx,hip_lateral_range,hip_vertical_velocity_max,jerk_at_release,knee_bend_depth,knee_extension_rate_max,lateral_offset,left_wrist_z_energy,left_wrist_z_max,left_wrist_z_mean,left_wrist_z_min,left_wrist_z_q25,left_wrist_z_q75,left_wrist_z_range,left_wrist_z_std,mid_hip_z_energy,mid_hip_z_max,mid_hip_z_mean,mid_hip_z_min,mid_hip_z_q25,mid_hip_z_q75,mid_hip_z_range,mid_hip_z_std,neck_z_energy,neck_z_max,neck_z_mean,neck_z_min,neck_z_q25,neck_z_q75,neck_z_range,neck_z_std,participant_1,participant_2,participant_3,participant_4,participant_5,participant_id,peak_velocity_magnitude,release_frame,release_height_relative,release_time,right_elbow_vel_load_mean,right_elbow_vel_max,right_elbow_vel_max_time,right_elbow_vel_mean,right_elbow_vel_min,right_elbow_vel_prep_mean,right_elbow_vel_prop_mean,right_elbow_vel_range,right_elbow_vel_release_mean,right_elbow_vel_std,right_elbow_z_energy,right_elbow_z_max,right_elbow_z_mean,right_elbow_z_min,right_elbow_z_q25,right_elbow_z_q75,right_elbow_z_range,right_elbow_z_std,right_hip_z_energy,right_hip_z_max,right_hip_z_mean,right_hip_z_min,right_hip_z_q25,right_hip_z_q75,right_hip_z_range,right_hip_z_std,right_knee_vel_load_mean,right_knee_vel_max,right_knee_vel_max_time,right_knee_vel_mean,right_knee_vel_min,right_knee_vel_prep_mean,right_knee_vel_prop_mean,right_knee_vel_range,right_knee_vel_release_mean,right_knee_vel_std,right_knee_z_energy,right_knee_z_max,right_knee_z_mean,right_knee_z_min,right_knee_z_q25,right_knee_z_q75,right_knee_z_range,right_knee_z_std,right_shoulder_z_energy,right_shoulder_z_max,right_shoulder_z_mean,right_shoulder_z_min,right_shoulder_z_q25,right_shoulder_z_q75,right_shoulder_z_range,right_shoulder_z_std,right_wrist_vel_load_mean,right_wrist_vel_max,right_wrist_vel_max_time,right_wrist_vel_mean,right_wrist_vel_min,right_wrist_vel_prep_mean,right_wrist_vel_prop_mean,right_wrist_vel_range,right_wrist_vel_release_mean,right_wrist_vel_std,right_wrist_z_energy,right_wrist_z_max,right_wrist_z_mean,right_wrist_z_min,right_wrist_z_q25,right_wrist_z_q75,right_wrist_z_range,right_wrist_z_std,set_point_height,set_position_stability,shoulder_elevation_rate,shoulder_rotation,time_to_peak_velocity,velocity_magnitude_release,wrist_snap_angle,wrist_vx_release,wrist_vy_release,wrist_vz_release,wrist_x_release,wrist_y_release,wrist_z_release,target
eaa2d847-b909-4544-9c5a-ca47671902f9,72.19541,149.61969,60.245182,60.245182,0.1196537,-0.4593191,-61.56675,0.49591446,3.5729597,0.5649109,3.6918924,992.0576,123.17986,229.61287,-1.5734463,4164.034,7.053071,3.9987466,3.06917,3.290076,4.1337366,3.983901,1.1662625,2623.504,3.8295867,3.3027625,2.979578,3.264744,3.3289013,0.8500087,0.15173446,5643.0127,5.5800166,4.8411517,4.521791,4.5934196,5.028162,1.0582256,0.27532372,0.0,0.0,0.0,0.0,1.0,5.0,11.093187,176.0,1.0775788,2.9333334,2.0194302,7.1028857,0.5833333,2.4775565,0.13996826,1.6633525,4.4107327,6.9629173,1.8167102,1.7799479,4379.4785,6.2148285,4.2097964,3.494252,3.6660767,4.3340187,2.7205765,0.7248721,2604.0667,3.8192701,3.2903738,2.9681094,3.242107,3.3192375,0.85116076,0.15400948,0.5207156,3.859247,0.96666664,0.8165004,0.011510559,0.32132083,1.4062812,3.8477364,1.0176839,0.8905486,968.17816,2.3828933,2.0056925,1.78214,1.9881213,2.0070095,0.6007533,0.10617423,5636.596,5.571271,4.837222,4.4708467,4.5640917,5.081568,1.1004243,0.29512134,2.8573523,11.093187,0.73333335,3.8318074,0.1608922,2.5692942,6.0807447,10.932295,3.8198378,2.751247,4129.1436,6.937295,3.9828556,2.8193002,3.3472607,4.1788025,4.117995,1.1582868,3.564489,0.24343821,4.054413,-86.25734,2.9333334,11.093187,174.44841,4.5854754,2.6213262,-9.755043,18.043224,-24.21856,4.411322,-4.63
d7c5a96e-8664-49e4-be4e-740573cdcd5f,87.50597,126.12691,71.24962,71.24962,0.12168121,-0.64369535,-65.01646,0.15081024,5.8307643,0.59332657,3.9284346,1175.8901,117.61351,254.20256,-1.334055,4453.118,7.099188,4.1661024,3.2002268,3.455295,4.128599,3.898961,1.0946457,2703.1475,3.8830519,3.3517497,2.9365845,3.3322728,3.3773437,0.9464674,0.16996233,5801.0684,5.6308064,4.910437,4.5470095,4.73401,5.02339,1.083797,0.24233331,0.0,0.0,0.0,0.0,1.0,5.0,13.688815,178.0,0.97213316,2.9666667,1.6153508,7.9015155,0.7291667,2.4316087,0.108911105,1.2211627,4.8516088,7.7926044,2.0383127,2.1055505,4539.964,6.3341794,4.2955422,3.642606,3.8663664,4.3224864,2.6915734,0.6817823,2692.603,3.8757446,3.3452036,2.937986,3.3270361,3.3718166,0.9377587,0.1696823,0.5551747,3.480161,0.6125,0.63898855,0.039657626,0.23190378,1.510782,3.4405034,0.258094,0.7555857,979.445,2.4070413,2.0170248,1.7669797,2.0026245,2.0252867,0.6400616,0.11239135,5791.547,5.6269255,4.9059052,4.517794,4.717698,5.049601,1.1091313,0.2520751,2.4982932,13.688815,0.7416667,3.8331456,0.1906156,1.8931946,6.2484736,13.498199,4.692621,3.2078485,4363.2744,7.050364,4.1158442,2.9876819,3.4168696,4.1680603,4.062682,1.1136135,3.5127242,0.21371834,4.267359,-85.617935,2.9666667,13.688815,162.8835,5.4747386,1.8584632,-12.407941,18.086317,-24.640524,4.398105,7.4
7b882b0c-0c4c-49d3-9832-83510f880f32,49.92272,122.47678,84.06119,84.06119,0.26545143,-0.5803404,-63.25539,0.68665695,5.934562,0.4720974,3.4866784,718.66235,115.79875,252.39943,-1.1667233,5215.122,7.0833244,4.532241,3.227907,3.8310084,4.936017,3.8554175,1.0901679,2715.6194,3.835289,3.3589585,2.8965273,3.3473253,3.4021976,0.9387617,0.18022071,6048.993,5.637321,5.0147524,4.4821854,4.99179,5.0445156,1.1551356,0.23749097,0.0,0.0,0.0,0.0,1.0,5.0,10.80965,194.0,1.0249283,3.2333333,1.652478,6.758377,0.79583335,2.1082218,0.017624853,0.7181293,3.4980083,6.740752,2.5642715,1.9279983,5064.185,6.412542,4.530184,3.6837153,4.1301465,4.6903143,2.7288265,0.7603969,2712.6323,3.8293676,3.3571527,2.8985252,3.3439517,3.4002318,0.9308424,0.17932816,0.7324856,3.5203562,0.6041667,0.65045613,0.012118618,0.30195925,1.4166611,3.5082376,0.15071824,0.7483485,986.53577,2.3827424,2.0238864,1.7390008,2.0138958,2.04843,0.6437416,0.12020519,6068.249,5.637529,5.022331,4.448177,5.0088673,5.06024,1.189352,0.24609034,2.0648577,10.80965,0.80833334,3.0678756,0.028578166,0.8719715,4.1622972,10.781073,5.172376,2.7201266,5447.8135,7.1513143,4.624528,3.307549,3.8564017,5.233774,3.8437653,1.1458471,4.00304,0.20929427,4.1176987,-85.61991,3.2333333,10.80965,172.20157,4.83839,0.50331116,-9.653248,18.443647,-24.271826,4.406713,5.47
0561dfdc-7437-4229-b52e-3aaf9f54defb,65.80888,82.290825,52.589916,52.589916,0.13936424,-0.6959381,-82.18498,0.16203499,0.67708963,0.5593815,3.5739396,894.016,119.494675,284.973,-0.9341717,4449.5034,7.0876083,4.169779,3.1879628,3.4292014,4.1554756,3.8996456,1.0735651,2595.654,3.8243642,3.284481,2.938692,3.2502973,3.3186193,0.8856721,0.16555974,5833.6895,5.5884953,4.9252634,4.5512986,4.778963,4.9813075,1.0371966,0.22095697,0.0,0.0,0.0,0.0,1.0,5.0,12.158648,174.0,1.3073022,2.9,1.9334849,9.3847475,0.7083333,2.2847955,0.01911069,1.1283554,5.3143697,9.365637,0.762973,2.2713647,4482.7944,6.3061156,4.273883,3.6099098,3.9960115,4.180255,2.6962059,0.6420555,2584.544,3.8148494,3.2773926,2.9321442,3.2331932,3.3177543,0.8827052,0.16622715,0.79835856,3.6698577,0.6,0.782208,0.059363723,0.45712623,1.4501973,3.6104941,0.42315012,0.7062405,969.47205,2.3657327,2.0068374,1.7705181,1.9910406,2.030323,0.5952146,0.10986651,5825.2207,5.5782228,4.921166,4.5079646,4.7582836,5.0030003,1.0702581,0.2321191,2.2938373,12.158648,0.725,3.286468,0.044558465,1.6389182,6.6164756,12.114089,2.5966415,2.9192348,4349.452,7.045635,4.113645,2.9365795,3.3575191,4.1212254,4.1090555,1.095739,3.8911822,0.22142974,3.9382122,-85.15695,2.9,12.158648,157.0789,1.3132094,1.0043907,-12.045721,18.617258,-24.579733,4.629275,8.01
78662c42-9daf-46ad-b451-633d41007b63,58.146137,113.47945,71.00732,71.00732,0.09744263,-0.626379,-72.428566,0.06868744,2.7158544,0.55949974,3.5393426,1178.3547,115.08969,233.95522,-1.3036957,4469.985,6.907079,4.204423,3.214358,3.5372663,4.4162254,3.6927211,0.97353274,2667.1455,3.831678,3.3288722,2.8871999,3.3028326,3.3544436,0.94447803,0.17808868,5934.12,5.5878677,4.966601,4.409472,4.934463,5.0074735,1.1783957,0.24160825,0.0,0.0,0.0,0.0,1.0,5.0,12.462601,176.0,1.1799028,2.9333334,1.5544982,8.292381,0.6,2.2709463,0.048721135,1.0542756,5.4716244,8.24366,1.0033872,2.308552,4520.945,6.254077,4.294149,3.492146,4.0363536,4.1706305,2.761931,0.63052136,2647.16,3.8227565,3.3161385,2.8711145,3.2951033,3.3420577,0.95164204,0.18181786,0.8011591,3.2386796,0.60833335,0.66255444,0.028800413,0.33950424,1.2252178,3.2098792,0.2843365,0.63666934,982.6361,2.366129,2.0203655,1.7771438,1.9879749,2.0454354,0.5889851,0.11153945,5936.9937,5.5743375,4.9672565,4.36532,4.9165545,5.035754,1.2090173,0.25265726,1.9268072,12.462601,0.73333335,3.3506784,0.12547886,1.7901376,6.73883,12.337122,2.9469392,3.0123262,4405.1226,6.94676,4.1566167,3.2590165,3.4068966,4.444896,3.6877437,1.0378892,3.9731772,0.24222778,4.1635323,-80.99635,2.9333334,12.462601,165.97531,3.5575674,1.2244605,-11.881112,18.152029,-24.8371,4.701421,11.71
48377581-bf8f-4cd5-994c-fa18179f2b79,42.022232,139.36064,78.470924,78.470924,0.22839737,-0.5376692,-52.277317,0.9388771,6.3169093,0.3893757,3.5664794,599.6088,121.396355,217.44139,-1.1281185,4808.3506,7.1193867,4.327293,3.199369,3.6702147,4.796907,3.9200177,1.1442596,2606.9941,3.7870603,3.2917876,2.9119222,3.2645316,3.3132997,0.87513804,0.16312487,6002.871,5.5837507,4.9962373,4.516657,4.952097,5.0300026,1.0670938,0.22265956,0.0,0.0,0.0,0.0,1.0,5.0,10.621898,194.0,0.9826906,3.2333333,1.1933693,6.9893665,0.6,2.1060605,0.039753705,0.75137395,3.7773674,6.9496126,2.7021315,1.9416599,4935.3467,6.321816,4.477823,3.652777,4.107195,4.5803547,2.669039,0.7162759,2600.3071,3.7794085,3.287627,2.9131134,3.270494,3.3076062,0.8662951,0.16162813,0.6680001,3.1636214,0.6041667,0.63408816,0.028650858,0.31593984,1.2656981,3.1349707,0.28671455,0.65891576,979.0216,2.3573036,2.0168154,1.7698007,1.9914217,2.035482,0.58750296,0.108224586,6030.9443,5.580214,5.0078125,4.4907684,4.9753923,5.0536838,1.0894456,0.22526972,1.6017168,10.621898,0.80833334,3.1361089,0.07917711,0.6292684,4.6703186,10.542721,5.64313,2.8967204,4972.1855,7.076596,4.4088836,3.3630254,3.7190108,4.962598,3.7135704,1.1310087,3.9177914,0.14178377,3.8445566,-89.78498,3.2333333,10.621898,171.5771,6.3677783,1.2989043,-8.401723,18.578224,-23.840952,4.32327,6.88
4fd9d068-a0d7-45ad-8202-fea93b60932a,34.579967,108.19064,112.65784,112.65784,0.29120445,-0.68790436,-71.42297,0.48836517,1.6843985,0.53377914,3.7795255,498.81482,119.04983,44.35867,-1.1630363,5851.4316,7.020768,4.824562,3.6892104,3.9024792,5.693191,3.3315578,1.0509825,2694.7212,3.8419363,3.346581,2.9359646,3.327036,3.3982565,0.90597177,0.16851711,6039.0674,5.594924,5.0116396,4.6771812,4.874971,5.188776,0.9177427,0.21505597,0.0,0.0,0.0,0.0,1.0,5.0,9.52591,215.0,1.0305955,3.5833333,2.1892717,6.619599,0.5833333,2.0204463,0.07414475,1.2133367,2.2943056,6.545454,2.3848717,1.7605575,5352.952,6.2869263,4.6536365,3.8719342,4.05614,5.5475225,2.414992,0.80475765,2677.6514,3.8333368,3.3358388,2.9242034,3.3132606,3.3928397,0.90913343,0.17046937,0.6998772,3.3243883,0.5875,0.6200447,0.041129332,0.17306343,1.3682078,3.283259,0.2390305,0.7191966,978.29395,2.375536,2.0157094,1.746488,1.9940805,2.0431876,0.629048,0.11463307,6015.9062,5.586097,5.0016327,4.626884,4.8605313,5.1854463,0.9592128,0.22349456,2.935184,9.52591,0.8958333,2.9592402,0.069164835,2.1091144,2.7257953,9.456745,4.0668674,2.3235335,5891.176,6.990805,4.7941732,3.204047,3.7517753,6.1738873,3.7867582,1.249987,3.9341857,0.48773363,4.0017843,-82.34582,3.5833333,9.52591,163.70189,2.8005407,-1.1690711,-9.029574,18.614933,-24.509434,4.396225,-9.44
7eae8366-78da-4451-bfb0-20978456af34,13.677891,58.325024,-64.99019,-64.99019,-0.029289246,-0.66594076,-86.69046,-0.10877609,0.48889157,0.42317772,3.6454723,1243.3335,118.740524,234.88219,-0.68898964,4371.979,7.0298767,4.1436167,3.194125,3.4499688,4.2078815,3.8357518,1.0232387,2646.981,3.8450027,3.3171535,2.9515386,3.2661946,3.3600173,0.8934641,0.15993966,5806.259,5.5990543,4.9136567,4.533466,4.7832355,4.9835205,1.0655885,0.22074108,0.0,0.0,0.0,0.0,1.0,5.0,9.684907,173.0,1.4178796,2.8833334,1.7616411,8.848189,0.7083333,2.4942048,0.019014267,2.080754,5.514788,8.829175,0.6196339,2.2291832,4353.693,6.2058177,4.21768,3.6428869,3.939755,4.1748466,2.5629308,0.59292704,2629.2734,3.8362672,3.3059032,2.9451222,3.2534585,3.3491716,0.891145,0.16220376,0.52605397,3.2808928,0.6125,0.8163911,0.019024426,0.9705826,1.480941,3.2618685,0.28798696,0.7419532,966.6113,2.3767269,2.0038252,1.7826749,1.9653245,2.013629,0.59405196,0.11059629,5790.035,5.589985,4.9062104,4.4872823,4.7593946,5.0017586,1.1027026,0.23290803,2.4609382,9.684907,0.72083336,3.4262574,0.0750506,2.9372995,6.7010484,9.609857,1.6057428,2.5331306,4200.1963,6.9349513,4.063762,3.0061226,3.4521232,4.0217533,3.9288287,0.9933055,3.9097412,0.2793528,4.1052675,-80.5605,2.8833334,9.684907,171.56061,-0.50668716,0.2363777,-9.668755,18.723894,-24.756563,4.7593107,11.25
49aa8971-a46e-4036-bf04-1eb5e625f508,54.396633,78.2572,47.64615,47.64615,0.075582504,-0.7074356,-86.71642,0.02184105,0.62181467,0.5742111,3.596885,1139.5347,120.210014,248.30336,-0.912241,4580.1914,7.10843,4.2295256,3.190785,3.4347055,4.4112678,3.917645,1.0932726,2634.8926,3.871245,3.3089807,2.954981,3.2533045,3.3549967,0.9162638,0.17136559,5824.452,5.6258793,4.9209237,4.5655932,4.745716,4.9990935,1.060286,0.23034792,0.0,0.0,0.0,0.0,1.0,5.0,11.38373,173.0,1.3380034,2.8833334,2.3011997,9.1652975,0.70416665,2.3426702,0.042923313,1.5181569,4.9062643,9.122375,0.6450594,2.2231836,4463.1284,6.2606936,4.2658367,3.638952,3.9049194,4.183716,2.6217415,0.63166726,2608.436,3.8549056,3.2922375,2.9394717,3.2406664,3.344293,0.9154339,0.17221029,0.66137695,3.584649,0.6041667,0.69349223,0.028018968,0.2862136,1.5226971,3.5566301,0.30368108,0.73833495,963.5375,2.4034011,2.0000043,1.7425246,1.9775958,2.0292377,0.6608765,0.12133433,5789.587,5.6023593,4.905612,4.5100355,4.7140656,5.016501,1.0923238,0.2413478,3.3873174,11.38373,0.72083336,3.6397734,0.28237662,2.5399425,6.213159,11.101354,2.418675,2.6713643,4442.699,7.0004873,4.1610246,2.9409053,3.3379953,4.5293393,4.0595818,1.094131,4.5412664,0.43033794,4.0081644,-79.656876,2.8833334,11.38373,155.72482,0.48185346,0.43928143,-11.365041,18.571566,-24.729937,4.641151,10.49
6c78356f-f1ed-41a5-a319-9e70a0bc3230,712.5535,108.62747,-69.81856,-69.81856,0.5763855,-0.8451681,-38.062687,0.5403023,-10.633964,0.46162033,3.6891458,61927.965,115.847565,65.30914,-0.6304474,4675.203,6.963921,4.2700787,2.7410097,3.4961255,4.6055245,4.2229114,1.1164422,2728.4438,3.8649266,3.3661127,2.919916,3.3210483,3.4015012,0.94501066,0.19442382,5998.806,5.6467705,4.993358,4.531593,4.901345,5.0442185,1.1151776,0.24778236,0.0,0.0,0.0,0.0,1.0,5.0,39.823532,231.0,0.15313745,3.85,2.4309618,11.20781,0.96666664,2.6087573,0.13359699,1.153695,3.7078066,11.074213,3.1425653,2.09431,4983.0186,6.4039154,4.4902864,3.6307395,4.0573716,4.6874847,2.773176,0.77454025,2722.142,3.858791,3.3621964,2.9121823,3.3272314,3.3938322,0.9466088,0.19466752,0.7678499,13.083128,0.96666664,1.2921565,0.027305385,0.40064096,1.4607666,13.055822,2.5393682,1.8299965,999.54333,2.3758426,2.0361974,1.713422,2.007876,2.080987,0.66242063,0.13661589,6027.4707,5.6589227,5.004518,4.5031857,4.884045,5.086067,1.1557369,0.26317134,3.0991464,39.823532,0.9625,4.364685,0.20834725,1.4289131,4.797169,39.615185,8.133513,5.3527794,4976.972,7.0921545,4.3899493,2.4903824,3.4715054,5.165384,4.6017723,1.2106724,4.009419,0.48188037,4.138441,-95.59452,3.85,39.823532,137.3085,-29.42951,10.817126,-24.552132,19.035666,-23.943989,3.4527721,-3.84
fb79627c-927e-4adf-8683-0c3778443df9,55.146866,109.338844,83.30866,83.30866,0.25123024,-0.7193279,-68.98173,0.43201828,5.6530375,0.48047638,3.842089,1158.4917,112.55931,101.51275,-1.0899124,5838.7363,6.8949156,4.7979655,3.2362638,3.9287834,5.858601,3.6586518,1.1435015,2735.9185,3.8671634,3.3701274,2.8893375,3.2960443,3.411703,0.9778259,0.20470133,6127.7363,5.64591,5.046834,4.656483,4.9407163,5.157773,0.9894266,0.24840206,0.0,0.0,0.0,0.0,1.0,5.0,12.553971,204.0,0.94575644,3.4,2.243058,8.151958,0.8333333,2.1038435,0.0754742,0.857865,2.0908654,8.076485,3.223586,1.8531842,5474.653,6.3406396,4.7075067,3.91956,4.1125135,5.3569694,2.4210796,0.8064967,2722.8943,3.864904,3.3618975,2.8815248,3.2909613,3.4026275,0.9833791,0.20745537,0.87983143,3.8362505,0.57916665,0.70291215,0.014752715,0.22517814,1.3190206,3.821498,0.38761857,0.77926594,1006.66437,2.397669,2.043262,1.7359074,2.014907,2.049277,0.66176164,0.13969727,6144.983,5.670201,5.053431,4.616539,4.968554,5.146477,1.0536618,0.25870645,3.1273236,12.553971,0.85,3.0634475,0.10739536,1.48684,2.5055575,12.446576,5.134067,2.7057524,5997.1445,6.9854984,4.8493285,3.2406216,3.9197621,5.993112,3.7448769,1.213307,6.983918,0.64961696,4.274497,-86.3537,3.4,12.553971,162.74799,4.4720078,0.5246544,-11.718706,18.742493,-24.570044,4.3578033,-9.88
b43f3c6c-61b8-49ed-bd8e-4972b4ef11df,97.691864,140.46204,62.12039,62.12039,0.14908981,-0.5945349,-60.69674,0.2597561,5.242252,0.4320011,3.2696555,1583.1489,121.36418,228.53575,-1.4583931,4713.015,7.0894995,4.3072724,3.236878,3.556067,4.4718633,3.8526216,1.0416175,2644.4167,3.7787824,3.3157532,2.9342315,3.284268,3.3484747,0.84455085,0.15550578,6026.9707,5.5810785,5.007561,4.6336145,4.9380884,5.078063,0.947464,0.191593,0.0,0.0,0.0,0.0,1.0,5.0,11.965084,181.0,0.87265086,3.0166667,1.3281913,6.477331,0.6125,2.012735,0.021029009,0.7656082,4.104854,6.456302,1.8522853,1.8996382,4761.3438,6.3159733,4.408313,3.8833728,4.0745764,4.3369064,2.4326005,0.6369533,2632.7527,3.7764487,3.3083649,2.9292624,3.275292,3.3402877,0.8471863,0.15660787,0.6469696,3.057286,0.60833335,0.5814382,0.014653844,0.13568847,1.2524263,3.042632,0.29066846,0.6922646,977.95386,2.3515215,2.0157886,1.7712622,1.9891902,2.0440102,0.5802593,0.10679379,6031.1846,5.580238,5.008907,4.5997515,4.928402,5.1102304,0.9804864,0.20196201,1.763139,11.965084,0.75416666,3.2206166,0.07349639,1.5665144,5.461589,11.891587,4.091223,2.9160826,4716.65,7.050913,4.2999735,3.2759066,3.4511921,4.5507894,3.7750063,1.0783949,3.9749548,0.1513045,3.7454937,-82.467926,3.0166667,11.965084,169.14929,5.176391,2.7383993,-10.43405,18.011837,-24.504896,4.2747784,12.08
fe34499b-a964-4f5f-9baa-b0fc7d273fce,35.03077,73.72892,10.452845,10.452845,0.12033272,-0.6983547,-81.400894,0.0868454,2.222786,0.44132996,3.507013,896.5371,118.37336,273.04,-0.8298893,5317.457,7.0948734,4.5640655,3.2455344,3.7909863,5.401635,3.849339,1.1512498,2741.2722,3.873488,3.375914,2.9709885,3.3504307,3.4068632,0.90249944,0.1586519,6061.9355,5.6499004,5.0221252,4.732663,4.947877,5.012316,0.9172373,0.19059013,0.0,0.0,0.0,0.0,1.0,5.0,10.707148,189.0,1.2551687,3.15,1.8036444,8.966486,0.7708333,2.1465297,0.11474315,0.9236029,3.241359,8.851743,2.617512,2.0836823,5026.016,6.4454355,4.515684,3.8958566,4.0907288,4.7304516,2.549579,0.7418409,2731.1863,3.872735,3.369598,2.9625611,3.348947,3.397343,0.9101739,0.16047715,0.5549076,3.7009034,0.6166667,0.6810802,0.032964446,0.28228274,1.6419053,3.667939,0.24522519,0.7872424,989.8152,2.4001408,2.0276687,1.7705096,2.0022466,2.047961,0.62963116,0.11309204,6048.1943,5.6712394,5.015959,4.6842136,4.9476867,5.0204043,0.98702574,0.20239814,2.3562427,10.707148,0.7875,3.1257503,0.14026298,1.7845284,3.6970944,10.566885,4.665136,2.476022,5299.4004,7.177566,4.5439086,3.2234452,3.711035,5.426962,3.9541209,1.1973851,3.893223,0.35014856,4.038849,-83.07724,3.15,10.707148,164.97787,0.29045102,1.5743636,-10.586785,18.828455,-24.85395,4.6397004,14.95
30aa164d-5cbc-4dd4-847b-08e9c2ba7b16,67.76813,134.08826,50.928314,50.928314,0.09309006,-0.42250586,-69.74512,0.22004128,1.1544226,0.5486393,3.833141,850.323,118.58045,272.02744,-1.5641975,4167.07,7.0249624,4.029825,3.1704996,3.4057853,3.8777168,3.8544629,1.059859,2621.393,3.8207574,3.3005614,2.8928072,3.2631016,3.357612,0.92795014,0.16960624,5811.2803,5.5751357,4.9155035,4.4665294,4.836314,4.997733,1.1086063,0.22691269,0.0,0.0,0.0,0.0,1.0,5.0,11.188923,179.0,1.2683184,2.9833333,1.5912826,7.7202473,0.60833335,2.4789891,0.022553064,1.8197042,4.825553,7.6976943,1.6794169,1.9824475,4468.6494,6.2424564,4.2639394,3.5466125,3.8639922,4.2818832,2.695844,0.6619626,2601.4873,3.813482,3.287925,2.8818557,3.2659917,3.3246646,0.9316263,0.17053059,0.79880154,3.572716,0.60833335,0.7790162,0.009157064,0.6574658,1.4746927,3.5635588,0.18510468,0.7440184,967.2158,2.3513932,2.0047417,1.7620598,1.9879773,2.0259576,0.5893334,0.10524479,5791.33,5.562459,4.9062095,4.4234385,4.781498,5.0515666,1.1390204,0.2442356,2.0716076,11.188923,0.74583334,3.6350515,0.06974778,2.5938716,6.1803937,11.119175,3.694335,2.8517141,4189.156,6.9499664,4.0370398,3.1593971,3.4149837,3.9548476,3.7905693,1.0756967,3.714411,0.14418107,4.126582,-87.42398,2.9833333,11.188923,170.28229,3.0072782,2.4414823,-10.497021,18.183224,-24.742056,4.5837655,11.46
978f1997-9e20-4aff-bb58-322059e72ac4,24.48689,62.409748,-56.094612,-56.094612,0.0010967255,-0.6572485,-75.99026,0.15048599,0.9555816,0.4335537,3.6474965,1414.8127,115.19984,225.96724,-0.7587261,4437.497,7.036436,4.176356,3.151056,3.5247228,4.0338235,3.88538,1.0235347,2566.6929,3.8015754,3.2659724,2.8518424,3.2538981,3.2880354,0.949733,0.16726196,5916.0728,5.6145487,4.9601064,4.469753,4.9222565,4.999956,1.1447959,0.21828009,0.0,0.0,0.0,0.0,1.0,5.0,10.187183,174.0,1.5631018,2.9,1.5764003,9.107846,0.7083333,2.1647255,0.057317425,0.8586803,5.7118726,9.050529,0.51194966,2.4175148,4546.3994,6.328527,4.3085384,3.6077278,4.0605726,4.160571,2.7207992,0.6163026,2567.7573,3.804883,3.2665966,2.851737,3.2556567,3.288961,0.953146,0.16833524,0.6407482,3.3195329,0.6,0.69728166,0.007198618,0.4807873,1.447609,3.3123343,0.219982,0.70734864,969.5691,2.382748,2.0069351,1.7578158,1.9820795,2.0263119,0.62493205,0.109921336,5956.757,5.6258817,4.9767213,4.4372945,4.946015,5.0360765,1.1885872,0.22818767,1.6749312,10.187183,0.725,3.0174398,0.13828786,1.3829495,6.783673,10.048896,2.2282054,2.7679124,4446.2104,7.0378165,4.182257,3.2594109,3.38923,4.0621243,3.7784057,1.0171528,4.024998,0.18156935,4.3032217,-83.36476,2.9,10.187183,156.52692,-2.046833,1.3756942,-9.884161,18.795818,-24.711737,4.845272,10.42
3d21340a-173a-4d00-a816-3e9666598746,43.41986,91.70518,72.56953,72.56953,0.13619232,-0.7206631,-78.46018,-0.018968582,2.684097,0.59046173,3.3366249,920.4695,127.549324,205.35185,-1.0500355,4652.8535,6.8721232,4.2488956,3.1867604,3.4180841,4.9221616,3.6853628,1.1548914,2758.1458,3.793486,3.3864632,3.0164125,3.3356538,3.4327366,0.7770736,0.15537205,5884.407,5.565652,4.9456506,4.63528,4.75191,5.0174656,0.93037176,0.242693,0.0,0.0,0.0,0.0,1.0,5.0,10.474069,181.0,1.1114144,3.0166667,1.9161146,8.240343,0.7416667,2.1572983,0.028351335,1.3547617,3.9351795,8.211991,1.4231372,2.1082804,4651.9946,6.259384,4.3428907,3.5917106,3.9420958,4.3943615,2.6676736,0.7229181,2742.9722,3.7874782,3.377048,3.0055795,3.3301659,3.4254186,0.78189874,0.15683798,0.5867988,3.1295173,0.6041667,0.55573845,0.03065391,0.15599822,1.0938313,3.0988634,0.38632536,0.60899013,993.52576,2.3285215,2.0315468,1.7730721,2.0015702,2.045946,0.55544937,0.11184239,5852.0537,5.574438,4.9314084,4.567473,4.7221513,5.022686,1.0069652,0.2545011,2.832905,10.474069,0.75416666,3.0713048,0.06539054,2.0964615,4.424095,10.408678,2.9317577,2.579523,4645.2285,6.9260464,4.240034,2.8381047,3.4546604,4.903965,4.0879416,1.1735556,3.946827,0.35039243,3.7954328,-82.87134,3.0166667,10.474069,164.88893,1.999111,0.62765115,-10.262345,18.48611,-24.750372,4.675622,4.4
9decbcf4-0fb4-4109-9e8d-553bc8c7c41a,61.76756,100.99824,65.07079,65.07079,0.29604912,-0.7174473,-68.18595,0.45892143,4.5046806,0.5211983,4.0733814,559.89136,115.27655,252.68324,-1.0355263,4437.789,7.0875816,4.153795,3.1740055,3.4259186,4.257265,3.9135761,1.112106,2713.847,3.9016514,3.3580627,2.9383767,3.2959402,3.3877506,0.9632747,0.17638229,5825.3467,5.643959,4.9203715,4.5548115,4.7414103,4.987952,1.0891476,0.2494491,0.0,0.0,0.0,0.0,1.0,5.0,10.910946,183.0,1.0234995,3.05,1.816924,7.7086477,0.6041667,2.3963978,0.054010898,1.2642752,4.774358,7.654637,1.7300354,2.0355597,4604.6465,6.4086657,4.3185425,3.6469133,3.8663547,4.2455926,2.7617524,0.73227084,2702.9102,3.8936498,3.3512006,2.9252462,3.2957711,3.3784294,0.9684036,0.17771249,0.51604307,3.5180316,0.60833335,0.69035417,0.02712024,0.31249234,1.5539545,3.4909112,0.37892666,0.7599298,985.8832,2.406187,2.0230742,1.7158724,1.9892658,2.0406911,0.69031465,0.12254549,5827.541,5.6437297,4.920651,4.515246,4.7244315,5.0037184,1.1284838,0.261951,3.1951716,10.910946,0.7625,3.7879546,0.03644548,2.3692286,5.6750474,10.8745,3.9123702,2.636691,4588.673,7.136235,4.209242,3.0265105,3.3358707,4.474538,4.109725,1.1839564,4.399463,0.36565295,4.4071484,-84.69657,3.05,10.910946,170.08206,3.6767004,1.7089461,-10.129665,18.567993,-24.345703,4.514271,12.09
427569b7-de2a-469c-9a3e-4ea72ea37aee,50.76479,121.55503,83.142555,83.142555,-0.018060684,-0.48499537,-70.47717,0.059295654,2.9821584,0.51083755,3.5770295,1179.6631,117.66422,240.92055,-1.4220829,4734.971,7.0348005,4.3170843,3.3154984,3.5928602,4.455579,3.7193022,1.0449075,2640.2097,3.8349416,3.311968,2.902037,3.293782,3.3463697,0.9329047,0.1781628,5936.766,5.6117487,4.967923,4.483775,4.908774,5.027889,1.1279736,0.2372093,0.0,0.0,0.0,0.0,1.0,5.0,11.0465145,181.0,1.3633175,3.0166667,2.1778395,8.100295,0.75416666,2.5704284,0.08033259,1.4135324,4.425675,8.019962,2.2646663,2.0001385,4722.292,6.3520565,4.3812084,3.5748436,4.0625954,4.2550936,2.7772129,0.69370884,2624.2969,3.8266947,3.3017786,2.8858426,3.2795455,3.3435323,0.94085217,0.18117869,0.87327546,3.3697352,0.6125,0.75197166,0.058273267,0.58226883,1.3515925,3.311462,0.20074996,0.6646366,972.25146,2.361255,2.009242,1.7336783,1.9877748,2.03347,0.6275766,0.11829761,5915.176,5.6108813,4.958244,4.4420276,4.8592587,5.0281672,1.1688538,0.24976683,2.3759615,11.0465145,0.75416666,3.2234457,0.22830492,2.0982926,5.3206286,10.81821,3.0988984,2.575862,4755.672,7.068522,4.319792,3.235717,3.659688,4.449197,3.832805,1.0745697,4.1254325,0.25346497,4.1582394,-82.26337,3.0166667,11.0465145,160.25317,3.6651418,0.44076917,-10.411433,18.182106,-24.691252,4.7539287,12.08
66219553-1d76-4b07-8668-eba19e22c7f0,83.12157,158.536,75.943436,75.943436,0.10943222,-0.7370467,-35.691574,0.5843029,5.95808,0.6192627,3.9288924,813.10767,116.2039,234.97237,-1.06851,4598.406,7.0079756,4.248124,3.1849742,3.5685632,4.6614475,3.8230014,1.055208,2650.3638,3.858777,3.3174446,2.8895597,3.25274,3.403674,0.9692173,0.19427676,5930.278,5.613838,4.964858,4.5736012,4.81612,5.179945,1.040237,0.24428453,0.0,0.0,0.0,0.0,1.0,5.0,12.144084,182.0,0.45801687,3.0333333,2.2939694,6.745986,0.6041667,2.5016642,0.053198908,1.641067,3.8652816,6.692787,2.206338,1.7644356,4746.438,6.316744,4.39517,3.6549442,4.019597,4.529121,2.6617997,0.67772174,2627.0942,3.8514085,3.3027313,2.8812208,3.242429,3.3948622,0.97018766,0.19542687,0.70287424,3.4829104,0.60833335,0.80446595,0.05554873,0.47799426,1.4166756,3.4273617,0.62031955,0.66382664,983.5266,2.3842275,2.0197635,1.7251681,1.979963,2.0754223,0.6590594,0.13631704,5917.43,5.604538,4.9585366,4.5291386,4.79123,5.208331,1.0753994,0.26244107,2.8795772,12.144084,0.7583333,3.6905627,0.2132069,2.1032443,5.4792843,11.930877,4.300145,3.0616937,4621.612,7.004074,4.2481084,3.088955,3.5319977,4.7431293,3.9151192,1.1001321,3.8551414,0.37328133,4.1663218,-80.67964,3.0333333,12.144084,168.68526,9.567718,2.3955343,-7.0851226,18.29935,-24.113283,3.934639,10.14
8719b10e-64a6-422e-a7b7-a3bb2912b078,45.35487,105.44144,128.15775,128.15775,0.25637245,-0.65097094,-70.70873,0.42324638,4.759311,0.46828842,3.5367677,2464.8506,120.39666,33.955994,-1.1156921,6154.159,7.0613,4.926196,3.4919915,3.953176,6.1361785,3.5693083,1.172571,2610.8022,3.7710261,3.294052,2.9047282,3.2724552,3.3658428,0.86629796,0.16603076,6058.6284,5.5859776,5.0183544,4.5129967,4.8929605,5.2343364,1.0729809,0.24577324,0.0,0.0,0.0,0.0,1.0,5.0,11.711959,231.0,1.0258262,3.85,1.9682359,7.275841,0.9625,2.0543065,0.10086844,0.8954747,3.051219,7.174973,2.3022964,1.9967886,5565.574,6.316862,4.736842,3.6155639,4.085338,5.7868676,2.7012982,0.8673045,2601.6333,3.769155,3.2881567,2.9010642,3.2578053,3.3662517,0.86809087,0.16781971,0.75047386,3.2420492,0.59583336,0.6964786,0.047846094,0.40107128,1.3101186,3.1942031,0.32425073,0.64624536,977.08405,2.3578162,2.0146792,1.7552468,2.0019393,2.0403614,0.60256946,0.11068568,6052.6963,5.591628,5.0155387,4.4736614,4.8909574,5.2220674,1.1179667,0.25286543,2.4254324,11.711959,0.9625,2.6353815,0.11424032,1.2321507,3.5939517,11.597718,3.289991,2.6315374,6279.1304,7.023073,4.958343,3.2771606,3.948978,6.4457326,3.7459126,1.2561369,4.053419,0.2538129,3.8734386,-83.8843,3.85,11.711959,168.33047,3.0424688,-2.390556,-11.054348,18.41048,-24.420755,4.3626566,-3.34
09e8c219-f1c7-46b5-b52a-c189da04b0f5,55.972214,130.52025,84.25479,84.25479,0.2626667,-0.6550288,-52.192505,0.7104912,6.2857814,0.5082512,3.5068128,1138.9606,124.67199,195.76949,-1.0684509,5009.7104,6.9648924,4.4100876,3.232878,3.5181537,5.411656,3.7320144,1.1937021,2731.065,3.825301,3.3690617,2.9757695,3.3219745,3.4002743,0.8495314,0.16988653,5928.102,5.5919085,4.964099,4.6976643,4.7632256,5.042945,0.8942442,0.2411343,0.0,0.0,0.0,0.0,1.0,5.0,11.2855215,193.0,0.7809899,3.2166667,2.2807682,6.863346,0.78333336,2.3856852,0.062864035,1.7804878,2.731382,6.8004823,2.7501028,1.6857553,5006.6055,6.3437214,4.4988647,3.7049537,3.9869156,4.8912272,2.6387677,0.78807944,2720.4844,3.8256896,3.3624551,2.9700737,3.3241546,3.3912764,0.85561585,0.17101774,0.6711212,3.1538625,0.6041667,0.65387166,0.031003406,0.38023534,1.2543842,3.122859,0.309746,0.6105339,992.8648,2.3518941,2.0304172,1.7557214,2.015482,2.0536878,0.5961727,0.1197606,5910.1533,5.607939,4.9557233,4.643672,4.7250533,5.0557165,0.9642668,0.2577819,3.0862489,11.2855215,0.8041667,3.585706,0.31797755,2.4193633,3.427006,10.967544,5.410207,2.5226724,5067.479,7.043183,4.4130454,2.9448333,3.4277341,5.516932,4.0983496,1.2804416,3.5218968,0.52702636,4.056573,-89.20159,3.2166667,11.2855215,173.73053,6.883392,0.69253916,-8.916407,18.615818,-24.152056,4.1624403,1.8
693b9bf1-a503-4740-88cd-d06c51bf6c3a,8.352484,114.7796,-88.8871,-88.8871,-0.38908577,0.43098497,58.87303,-0.12257385,-2.8801343,0.44836807,3.573439,686.89215,119.26258,247.57506,-0.7904453,4651.8916,7.0643673,4.2687855,3.2898598,3.5394974,4.5252485,3.7745075,1.0771949,2573.633,3.8577309,3.2701242,2.9026706,3.2469692,3.2844293,0.95506024,0.17250317,5971.8667,5.6140423,4.983913,4.565039,4.9542875,5.0212154,1.0490031,0.20830166,0.0,0.0,0.0,0.0,1.0,5.0,7.978822,145.0,2.9436078,2.4166667,1.8446946,7.157372,0.6958333,2.1505897,0.035569325,1.1145865,4.7291207,7.121803,0.91395676,2.0092764,4615.1904,6.2454085,4.346506,3.7062285,4.077853,4.2402687,2.53918,0.5812428,2558.123,3.8505816,3.2601762,2.8882186,3.2319095,3.2774072,0.962363,0.17348322,0.70785815,3.5407836,0.60833335,0.743954,0.02108044,0.5181459,1.5216872,3.5197031,0.22812496,0.7152758,957.62524,2.3824656,1.9941546,1.7425771,1.9722036,2.018165,0.6398885,0.115983866,5976.54,5.6046233,4.985385,4.520905,4.9295135,5.0505786,1.0837183,0.2195035,2.2420201,7.978822,0.6041667,2.876824,0.22709249,1.4814795,5.602222,7.75173,2.1815736,2.1991909,4755.6924,6.991147,4.346645,3.2593296,3.7501378,4.472208,3.7318175,0.96024096,3.8763127,0.19926007,3.998594,-85.5087,2.4166667,7.978822,166.33788,-4.123764,0.080108635,6.8300624,18.70486,-25.043768,6.3135276,9.82
6cc71f34-3238-4f19-a7f1-5288904a7861,34.019726,99.649506,119.52313,119.52313,0.3875599,-0.71316195,-66.98086,0.7033539,5.9319873,0.49147606,3.8174126,1034.8324,123.44536,12.778014,-0.86564636,5584.8496,7.0568447,4.6969633,3.213717,3.8893456,5.58691,3.8431277,1.0994271,2759.0474,3.8803432,3.3851943,2.9447846,3.3264167,3.4840932,0.93555856,0.19102006,6132.4727,5.663025,5.0487843,4.705352,4.9415193,5.2436337,0.9576731,0.24847633,0.0,0.0,0.0,0.0,1.0,5.0,11.1567,217.0,1.0311928,3.6166666,2.1219687,7.4762406,0.8875,2.063404,0.022526134,0.4867447,2.4455752,7.4537144,3.199327,1.9509567,5539.966,6.3910723,4.7324963,3.8618605,4.1069193,5.6841745,2.5292118,0.82865846,2754.1558,3.875517,3.382062,2.9379294,3.333617,3.4816399,0.9375875,0.19314103,0.6477359,3.6761925,0.59166664,0.7680833,0.019197745,0.06306065,1.3368653,3.6569948,1.0246711,0.8314511,1011.67847,2.4080822,2.048062,1.729306,2.0020514,2.1060898,0.67877626,0.14411193,6157.427,5.6649356,5.058596,4.667593,4.9546328,5.270506,0.9973426,0.25796184,3.2626822,11.1567,0.90416664,3.0284653,0.11737757,1.1879269,3.0877,11.039323,4.5755515,2.474026,6129.646,7.086537,4.9100385,3.3819788,3.9244561,6.2536545,3.7045581,1.1965444,3.9303524,0.5042398,4.2976856,-88.04147,3.6166666,11.1567,165.94293,3.796234,-2.1498299,-10.268339,18.862112,-24.173325,4.386074,-4.16
22a988e1-4eb8-4352-af4f-b429aa9afbd4,81.62249,157.13478,78.44737,78.44737,0.1114521,-0.67848253,-44.68693,0.56253433,6.7839427,0.38185883,4.197414,845.2978,112.930145,279.34204,-1.2546997,5061.0234,7.0534825,4.4799643,3.20682,4.021635,4.799762,3.8466625,1.0087204,2645.1926,3.8973205,3.3139544,2.8426604,3.2851517,3.339979,1.0546601,0.19834259,6000.2783,5.639741,4.9950457,4.5377655,4.983315,5.0148168,1.1019754,0.22511615,0.0,0.0,0.0,0.0,1.0,5.0,12.438953,185.0,0.47497845,3.0833333,1.8211058,6.8501725,0.6166667,2.1864436,0.008469401,0.70678747,3.754646,6.841703,2.4632351,1.9322958,4833.6465,6.3540573,4.44108,3.8525372,4.09423,4.4410744,2.5015202,0.6457534,2631.3926,3.8844235,3.3053422,2.8413668,3.279773,3.3328676,1.0430567,0.19710729,0.69774926,4.0400224,0.625,0.83946717,0.019316524,0.5005882,1.6923751,4.0207057,0.4671561,0.8203846,975.3843,2.413675,2.0120747,1.7338712,1.989526,2.0362325,0.67980385,0.12512366,5993.589,5.6381197,4.99157,4.487357,4.9679375,5.0375924,1.1507626,0.23982884,1.8073636,12.438953,0.7708333,3.226768,0.01455541,0.6099691,5.0851927,12.424398,5.4045467,3.2356927,5005.99,7.0682473,4.4518847,3.2371736,3.9461937,4.7686067,3.8310738,1.0193195,4.047248,0.15975973,4.7070403,-82.45649,3.0833333,12.438953,173.95557,8.664436,1.7710875,-8.747478,18.23072,-24.04095,4.0240393,17.23
d3a7f4de-fb6f-45ed-b045-f8865024a9a5,45.658928,91.388275,36.304848,36.304848,0.18423462,-0.6099019,-72.5449,0.28712654,3.462982,1.811985,3.9790318,574.0371,113.50087,294.19507,-1.0145378,5064.016,6.9902077,4.45254,3.272285,3.6536286,5.242163,3.7179227,1.1291382,2702.7375,3.881076,3.3499694,2.917258,3.2996786,3.3719327,0.9638181,0.19776247,6027.829,5.6594186,5.0055566,4.61022,4.88848,5.0471106,1.0491986,0.24567868,0.0,0.0,0.0,0.0,1.0,5.0,10.252015,191.0,1.2389305,3.1833334,1.9130738,7.5858583,0.78333336,2.4190364,0.036506876,1.9167762,3.219526,7.5493517,2.6267695,1.9485297,4969.2256,6.3737736,4.4894285,3.7112737,4.061171,4.7296276,2.6625,0.74171317,2699.8564,3.877515,3.3480835,2.9114156,3.2872438,3.3764224,0.9660995,0.19934452,0.8555618,3.9298515,0.625,1.0126685,0.014334731,1.2331315,1.5180656,3.9155169,0.44391543,0.800604,1005.9026,2.4121747,2.042781,1.7668129,2.012581,2.073409,0.6453618,0.13530052,6023.721,5.671813,5.003172,4.5849223,4.8678126,5.0625906,1.0868907,0.25906083,2.8192372,10.252015,0.79583335,3.5198064,0.22693573,2.6761603,3.6792383,10.02508,4.9045897,2.5346189,5103.4067,7.0404935,4.4560046,3.2658763,3.4740527,5.3674145,3.7746172,1.1866823,4.2259445,0.31983215,4.433627,-85.47182,3.1833334,10.252015,155.28627,1.8207549,2.4782178,-9.779934,18.740885,-24.439346,4.7982864,21.3
211ad0bb-77f6-4d91-8703-141c137ee295,77.54728,124.445145,61.7265,61.7265,0.164505,-0.6449089,-61.833645,0.24259949,3.8797185,0.4485302,3.914573,997.154,109.281334,280.29327,-1.2940769,4776.9604,7.0262213,4.337481,3.1689208,3.673446,4.510235,3.8573005,1.0441551,2658.567,3.906835,3.3219867,2.8503125,3.2977772,3.359069,1.0565226,0.20436694,5937.2236,5.6515546,4.967096,4.4148445,4.9691706,5.008429,1.2367101,0.25765207,0.0,0.0,0.0,0.0,1.0,5.0,13.183124,182.0,0.91785336,3.0333333,1.8295579,7.4984307,0.74583334,2.3409312,0.12606886,0.81591964,4.3821845,7.3723617,2.3360634,2.0732918,4733.2715,6.3696833,4.38997,3.5772219,4.096798,4.2735505,2.7924614,0.6709128,2643.8057,3.8968575,3.3126905,2.8430686,3.2972536,3.346663,1.0537889,0.20479192,0.73446983,3.6962194,0.6166667,0.7562121,0.05370109,0.3164212,1.6064739,3.6425183,0.3674833,0.75946766,976.74634,2.4130561,2.0136924,1.760371,1.9940978,2.0352988,0.65268517,0.12173628,5954.1826,5.6577754,4.973645,4.38635,4.9863205,5.031432,1.2714252,0.26823646,2.2045543,13.183124,0.7583333,3.3692155,0.088385835,0.8140019,5.363821,13.094738,5.094485,3.2252407,4809.2856,7.0590506,4.3495317,3.2120152,3.5694098,4.5521307,3.8470354,1.0584251,4.128854,0.24747916,4.32312,-83.085594,3.0333333,13.183124,169.60378,5.4804606,2.9476545,-11.621989,18.183987,-24.64142,4.3792005,14.5
7d66b2d1-988d-4d7f-b002-61c062800665,33.780872,63.59085,-36.061134,-36.061134,-0.118385315,-0.6238632,-87.06466,-0.045423508,-0.53632736,0.6833763,3.6696908,990.12646,121.77835,227.601,-0.8474159,4571.4873,7.0881424,4.1955457,3.1362095,3.3774445,4.8698874,3.951933,1.2021905,2632.1653,3.8415685,3.3071296,2.9525702,3.2352922,3.3582501,0.88899827,0.17392233,5749.633,5.5906873,4.8875732,4.527798,4.6492662,5.027619,1.0628891,0.2615937,0.0,0.0,0.0,0.0,1.0,5.0,8.644565,176.0,1.579076,2.9333334,2.1727953,7.449096,0.7291667,2.3651621,0.014286362,1.8282471,4.4244595,7.4348097,1.0351471,1.915714,4465.46,6.275735,4.2558928,3.4847093,3.742507,4.2650423,2.7910256,0.7024669,2610.6243,3.835228,3.2933807,2.950106,3.2104607,3.3552394,0.88512206,0.17675906,0.6466204,3.3118389,0.60833335,0.6503452,0.01339375,0.3352861,1.3403376,3.2984452,0.2791367,0.64346963,973.3548,2.3723848,2.0108662,1.7710302,1.9968348,2.0337677,0.6013546,0.10982734,5713.112,5.5824704,4.871402,4.4761567,4.6241283,5.04408,1.1063137,0.27216575,2.777241,8.644565,0.73333335,2.949476,0.053199224,2.4246557,5.223608,8.591366,1.3724003,2.2162516,4633.291,7.030919,4.2465305,2.7546935,3.4847257,4.7162275,4.2762256,1.1279886,3.8679087,0.30497158,3.8545988,-82.66599,2.9333334,8.644565,164.3479,-0.26058197,0.35785672,-8.633223,18.56259,-24.736351,5.0054984,4.05
f53281c6-9037-4191-a9f2-cfac998dbe92,58.182343,152.892,83.84193,83.84193,0.14414787,-0.58050966,-50.377357,0.8361683,6.520786,0.41838264,4.11752,2376.4148,104.79021,275.13977,-1.1828976,5441.7637,7.0082197,4.637372,3.1789548,4.138039,5.4109545,3.8292649,1.0811095,2678.7046,3.8488538,3.3349752,2.8087878,3.3044662,3.3983357,1.040066,0.19801652,6014.953,5.6330457,5.001183,4.543228,4.9692655,5.0316257,1.0898175,0.22465579,0.0,0.0,0.0,0.0,1.0,5.0,11.66152,194.0,0.77538466,3.2333333,2.05286,6.325426,0.6,2.0894873,0.03866377,0.5313601,2.8213632,6.286762,2.9523654,1.7208209,5119.8813,6.3681335,4.560097,3.9814584,4.0959635,4.8509054,2.3866751,0.7337256,2672.445,3.841346,3.3309896,2.8027484,3.301714,3.3925543,1.0385976,0.19924119,0.91497785,3.7504008,0.60833335,0.73453635,0.018243194,0.27757132,1.5523927,3.7321577,0.19320394,0.80590963,973.33545,2.3860838,2.009757,1.6994377,2.0057569,2.0419455,0.6866461,0.12822022,6037.661,5.6481895,5.009995,4.5061016,4.974333,5.0548525,1.1420879,0.23847754,2.4615457,11.66152,0.80833334,3.3187704,0.32370314,1.2979791,3.4089494,11.337817,6.1066074,2.7427194,5567.6436,7.0646005,4.6862483,3.2234833,4.0712957,5.4584794,3.8411171,1.1124707,4.3361187,0.30687425,4.492879,-84.69475,3.2333333,11.66152,171.48117,7.39397,0.7977676,-8.982417,18.597153,-24.065311,4.1353483,2.49
2f5f8f66-dc4d-4ab5-a3f4-782ab6abce55,54.90139,133.18555,63.445045,63.445045,-0.023094177,-0.41534233,-75.05036,0.020208359,2.2961423,0.51955414,3.4598134,699.40063,117.53995,257.55478,-1.5555687,4404.1167,7.00053,4.1505384,3.1851242,3.486141,3.9934242,3.8154056,1.0599598,2711.496,3.8278835,3.3568714,2.934655,3.3168423,3.3863208,0.89322853,0.17121544,5881.6826,5.585204,4.943694,4.457863,4.771735,5.104646,1.1273413,0.25865966,0.0,0.0,0.0,0.0,1.0,5.0,10.69172,168.0,1.3809505,2.8,1.7706374,7.253544,0.7083333,2.4045818,0.06679892,1.2939547,5.0702395,7.186745,1.4834963,2.0910928,4565.1904,6.2310495,4.310732,3.5598114,3.9688253,4.3915596,2.6712382,0.6627306,2697.832,3.8235822,3.3483016,2.9294248,3.3041637,3.3769958,0.8941574,0.17274801,0.69499224,3.4425874,0.5708333,0.6286213,0.020824296,0.12611121,1.1431361,3.4217632,0.5502457,0.71860147,1003.2081,2.37104,2.0410316,1.7841583,2.0007224,2.0476081,0.58688176,0.11926272,5892.747,5.587057,4.947871,4.436507,4.7625413,5.140684,1.1505499,0.2677374,2.3507082,10.69172,0.7,3.2226908,0.24226739,2.1108825,6.613812,10.449452,1.8153617,2.7705255,4399.502,6.9302754,4.1538815,2.9628713,3.604307,4.068286,3.9674041,1.0375592,3.839335,0.23678946,3.8411233,-83.65283,2.8,10.69172,167.22679,2.4671743,1.2330436,-10.329837,17.944426,-24.926426,4.9230022,-10.03
a0f5924b-f4f0-4159-a6d7-c8598c9015c8,60.10346,66.423485,-81.589745,-81.589745,0.06319046,-0.7220473,-81.479004,-0.019353867,0.9301185,0.45702934,3.7602065,1446.975,117.52952,251.28981,-0.7900467,4401.917,7.025341,4.1411777,3.1671464,3.322806,4.0863876,3.8581946,1.0917737,2634.87,3.8506896,3.3086114,2.89775,3.2488337,3.3532495,0.95293975,0.17808723,5865.7666,5.6012344,4.938388,4.4637995,4.8881035,4.9901934,1.137435,0.23026647,0.0,0.0,0.0,0.0,1.0,5.0,9.895993,172.0,1.3486748,2.8666666,1.8019713,8.205652,0.7,2.2374222,0.035977837,1.1647868,5.1917233,8.169675,0.7912081,2.1538274,4494.9277,6.204451,4.288173,3.5581872,4.0530853,4.1844707,2.6462638,0.5834688,2620.0308,3.838586,3.2992177,2.8877628,3.242972,3.3471048,0.9508233,0.17876452,0.70771945,3.5688443,0.59583336,0.70582426,0.030398587,0.2826808,1.4967953,3.5384457,0.33610147,0.7634064,966.1194,2.3832643,2.002822,1.7322805,1.9699078,2.0367997,0.6509838,0.11917399,5888.3433,5.592911,4.947702,4.436504,4.8926682,5.035228,1.1564069,0.23454128,2.5019,9.895993,0.71666664,3.4079378,0.08826804,1.9514782,6.6527205,9.807725,2.5256526,2.6638577,4278.4688,6.9371514,4.0975876,3.2676349,3.3793983,4.12164,3.6695166,1.0181978,4.0788345,0.27619615,4.200268,-84.56372,2.8666666,9.895993,163.47708,-1.4505385,0.21446227,-9.786757,18.745075,-24.844374,4.7430916,4.64
0e1615d9-9b8a-49ac-a792-5f266e8edc0c,43.4003,67.372765,6.218179,6.218179,0.0018520355,-0.6163883,-85.069115,0.11102295,0.680294,0.39055252,3.5583541,1286.2362,115.78719,257.19818,-0.8140907,4461.8535,7.0853357,4.1828117,3.164058,3.41274,4.1037097,3.9212778,1.0464901,2680.538,3.8503745,3.336758,2.9056196,3.2881842,3.4087229,0.94475484,0.18696313,5866.7026,5.606769,4.937746,4.357235,4.926736,4.9936185,1.2495341,0.25150824,0.0,0.0,0.0,0.0,1.0,5.0,11.806589,180.0,1.526712,3.0,1.1017926,9.565674,0.7375,2.1913912,0.04672757,0.6053024,5.655508,9.518947,1.4029617,2.4867554,4536.4443,6.341768,4.298734,3.4304626,4.0739346,4.157795,2.9113052,0.65017974,2672.0142,3.8466198,3.331413,2.9005136,3.2905111,3.4005485,0.9461062,0.18729566,0.71785414,3.5825648,0.625,0.65244377,0.012888949,0.24111612,1.4352959,3.569676,0.21550877,0.7454686,975.09094,2.3816423,2.0122843,1.7617805,1.9897585,2.0459445,0.61986184,0.11658065,5886.2705,5.607277,4.945604,4.331249,4.9383116,5.021819,1.2760277,0.25909036,1.4026455,11.806589,0.75,3.0237699,0.1004643,1.3000084,6.470098,11.706125,2.922328,2.974345,4506.505,7.0516043,4.2055616,3.2330954,3.373269,4.3355565,3.8185089,1.0442001,3.8215005,0.18805179,4.2148876,-85.09169,3.0,11.806589,154.19162,0.109920494,1.0088539,-11.762895,18.88051,-24.775091,4.8593264,24.89
3099c2df-4b46-46f6-ab56-0550bb22d607,93.49661,134.53601,64.170364,64.170364,0.14527321,-0.62851954,-61.731915,0.24749374,5.935764,0.554121,3.780913,1107.389,118.189125,236.6725,-1.3700371,4704.3086,7.0762877,4.299838,3.2520232,3.5482016,4.5254474,3.8242645,1.0548344,2716.503,3.859884,3.3598707,2.9314086,3.3358145,3.3661628,0.9284754,0.17329104,5951.3647,5.621378,4.974832,4.631748,4.840904,5.023216,0.98962975,0.21999492,0.0,0.0,0.0,0.0,1.0,5.0,13.231325,184.0,0.848835,3.0666666,1.6550587,7.3961296,0.62083334,2.511107,0.049253985,1.7195182,4.0818534,7.3468757,2.5879965,1.9329458,4732.9805,6.393534,4.386894,3.8014522,3.993488,4.338005,2.592082,0.6898652,2702.4727,3.85525,3.351039,2.9247758,3.3283525,3.3549285,0.93047404,0.1756174,0.4286405,3.416485,0.62916666,0.61325055,0.008734371,0.26268125,1.4759074,3.4077506,0.28577313,0.6969453,997.2809,2.3808587,2.0350013,1.7570839,2.001583,2.0469484,0.62377477,0.118772045,5946.0234,5.6319995,4.9717813,4.5828915,4.818125,5.042158,1.049108,0.23766519,2.337497,13.231325,0.76666665,3.9087977,0.20661372,2.494514,5.0826406,13.024712,5.7205405,3.0039384,4729.388,7.137007,4.2947345,3.1230845,3.5284514,4.6052985,4.0139227,1.1229583,4.3123293,0.27191734,4.405031,-83.37169,3.0666666,13.231325,166.80618,5.6402774,2.7302167,-11.653375,18.06368,-24.550182,4.389854,17.85
92b75290-f589-4f58-bc3b-df562e98b712,35.9735,107.721344,76.62593,76.62593,0.27910614,-0.6906128,-59.960564,0.5365429,4.376564,0.64707375,3.3530543,432.7932,120.58003,218.37202,-1.093565,4865.3906,6.993301,4.3475494,3.2964623,3.4834692,5.199623,3.6968386,1.171013,2709.1113,3.8284976,3.3553197,2.9507964,3.3055186,3.3776274,0.8777013,0.17260997,5971.1836,5.5896153,4.9817,4.5459375,4.8236723,5.0725517,1.0436778,0.25018778,0.0,0.0,0.0,0.0,1.0,5.0,9.269097,197.0,1.0243456,3.2833333,1.9528013,6.6708403,0.8041667,2.2778265,0.05732667,1.507928,3.0953212,6.6135135,2.555256,1.8464686,4897.209,6.2954926,4.448916,3.6702068,3.894758,4.792424,2.6252859,0.78242266,2684.0244,3.8183637,3.3396087,2.9367526,3.2999427,3.3650703,0.8816111,0.17448768,0.74544317,3.2197642,0.59166664,0.66229653,0.03267506,0.38313276,1.2348235,3.1870892,0.2857867,0.63655126,991.2213,2.364977,2.0286925,1.7528015,2.0049362,2.0503016,0.61217535,0.12039406,5932.6294,5.5852585,4.964918,4.4981265,4.7832603,5.0555377,1.087132,0.26244918,2.8608162,9.269097,0.8208333,3.4526296,0.25729758,2.4013762,3.7131805,9.0118,4.835147,2.2423391,4987.123,6.985251,4.38739,2.9904466,3.4396243,5.363522,3.9948044,1.2371287,4.2098475,0.29648393,3.8021562,-88.299866,3.2833333,9.269097,162.26616,4.5142365,1.0732841,-8.024082,18.671299,-24.30027,4.3964868,3.32
88c1c5b6-303b-46c5-8471-d1f29524c958,30.414907,55.351585,-88.661705,-88.661705,-0.03140068,-0.7004013,-70.6438,0.11454201,-0.30057904,0.4575634,3.4644482,1743.1388,117.22322,266.39557,-0.66267395,4596.554,7.0399704,4.247482,3.2158942,3.353599,4.375835,3.8240762,1.0541387,2653.1206,3.8338296,3.3204224,2.894158,3.2959855,3.3612173,0.93967175,0.17165095,5921.8545,5.6014395,4.962132,4.4316626,4.9101677,5.0024815,1.1697769,0.22723782,0.0,0.0,0.0,0.0,1.0,5.0,9.542972,176.0,1.4611142,2.9333334,1.6593331,8.1797695,0.72083336,2.3399618,0.066501915,1.3116481,5.4655595,8.113268,0.9233064,2.261414,4572.549,6.2889123,4.3220887,3.5588698,4.0778,4.193635,2.7300425,0.6097811,2640.1362,3.8295345,3.3122084,2.8895154,3.2889209,3.354666,0.94001913,0.17275123,0.7889671,3.397333,0.6041667,0.7004728,0.028280742,0.2741832,1.4875711,3.3690522,0.2511699,0.73806375,972.5911,2.3726246,2.010214,1.7811959,1.9819821,2.0355844,0.59142876,0.10725151,5922.528,5.59677,4.9621425,4.4038186,4.8889747,5.0199747,1.1929512,0.23310672,2.6281052,9.542972,0.73333335,3.319514,0.14556296,1.8790402,6.7050233,9.3974085,2.0658884,2.619071,4555.3057,7.023908,4.235554,3.230615,3.5129766,4.430494,3.7932932,1.0200583,4.4469466,0.36223945,4.0082216,-84.38039,2.9333334,9.542972,151.87556,-3.1620595,0.073871605,-9.003568,18.991457,-24.64232,4.789563,13.09
6a541b45-16eb-4620-bba2-0ec11adb18fb,81.827034,144.16673,66.28511,66.28511,0.13638115,-0.75184584,-48.771084,0.08751106,5.090732,0.27744102,3.316748,1534.9663,119.63148,210.17531,-1.2406731,4536.9814,6.950915,4.240191,3.2490063,3.600353,4.103219,3.7019086,0.9617019,2710.3516,3.8282957,3.3558528,2.9591734,3.347259,3.3914537,0.86912227,0.17715377,5924.912,5.5753345,4.963272,4.471061,4.9186077,5.0413923,1.1042733,0.23035535,0.0,0.0,0.0,0.0,1.0,5.0,12.231235,181.0,0.48052883,3.0166667,1.0816619,7.1635547,0.7375,1.9419992,0.030394472,0.2761358,4.5803137,7.13316,1.8298854,2.0954778,4607.1914,6.2427964,4.3374968,3.6017458,4.0712337,4.276744,2.6410506,0.6186699,2701.2578,3.8170083,3.350213,2.9541552,3.3450649,3.3881721,0.86285305,0.17695205,0.5576598,3.2199445,0.62083334,0.532292,0.010145987,0.11932349,1.0636457,3.2097986,0.38853878,0.6735323,972.8607,2.3563762,2.009433,1.7407582,2.00777,2.0218053,0.615618,0.12556311,5964.792,5.5698195,4.9797606,4.4587383,4.9501023,5.0696087,1.1110811,0.23513262,1.3403265,12.231235,0.75416666,2.9077134,0.082439296,0.4353655,6.1329103,12.148795,3.722251,3.2231295,4537.0044,6.922919,4.2371826,3.3263352,3.5771687,4.09792,3.5965836,0.97492015,4.0230784,0.16003886,3.6650703,-82.612816,3.0166667,12.231235,162.9879,7.380523,3.242111,-9.198896,18.186941,-24.741241,3.9931018,20.04
b1c01855-159c-4dc3-82d6-1fa091d534be,57.706566,82.60025,56.362743,56.362743,0.123054504,-0.66604996,-83.42879,0.14173698,0.9038543,0.46896553,4.0917063,1073.9514,117.96218,226.83195,-0.9782505,4566.007,7.0576982,4.244677,3.2720556,3.5569735,4.2985544,3.7856426,1.0038642,2603.5352,3.888956,3.288261,2.878851,3.2360525,3.3532481,1.0101051,0.18815835,5970.575,5.6334014,4.982607,4.4684978,4.949134,5.0570292,1.1649036,0.2258835,0.0,0.0,0.0,0.0,1.0,5.0,11.585622,178.0,1.3561676,2.9666667,1.3154453,9.066223,0.72083336,2.1882799,0.044114124,1.0190185,5.458334,9.022109,0.9603218,2.2905633,4566.6904,6.2874956,4.3208995,3.6011662,4.074298,4.2275333,2.6863294,0.59808284,2592.216,3.8840208,3.28109,2.8770056,3.2292805,3.3467445,1.0070152,0.1880108,0.60898006,3.4121308,0.625,0.7292758,0.05288914,0.27534124,1.5083157,3.3592417,0.5244664,0.70002335,967.9037,2.3950622,2.0048418,1.7482036,1.9853107,2.039011,0.6468586,0.116365485,5963.0513,5.6249084,4.979123,4.4270253,4.934672,5.0719633,1.1978831,0.23319273,1.9297489,11.585622,0.7416667,3.4170117,0.15513033,2.2865787,6.4007106,11.430491,3.0510094,2.7273762,4495.285,7.0106153,4.2085285,3.3698826,3.461978,4.3766932,3.6407328,1.0092778,4.2701235,0.26138237,4.3094444,-81.91797,2.9666667,11.585622,152.63234,1.1038399,0.73442453,-11.509508,18.367727,-24.682629,4.7096534,24.97
b81eb3c9-e67f-4833-b986-6647cfff3e34,37.558002,110.559296,86.91811,86.91811,-0.0049533844,-0.37878847,-66.16747,0.3733921,2.2662735,0.45161438,3.460786,2296.878,117.839584,238.39781,-1.3180733,4925.7705,7.020897,4.3869486,3.282982,3.630145,4.88745,3.7379148,1.1308069,2745.312,3.8558724,3.3772762,2.9214635,3.3269138,3.404486,0.9344089,0.18112552,6034.0977,5.614981,5.0074644,4.4249797,4.936471,5.0348434,1.1900015,0.25955284,0.0,0.0,0.0,0.0,1.0,5.0,10.546523,192.0,1.649265,3.2,1.2521492,8.558764,0.8,2.163905,0.08185543,0.45596266,3.847381,8.476909,3.100126,2.3162498,4905.231,6.349857,4.455674,3.549697,4.060348,4.4207926,2.80016,0.7651342,2741.8262,3.8518012,3.3750908,2.9174235,3.331312,3.40199,0.9343777,0.18176544,0.6315723,3.3496327,0.6125,0.6274672,0.021006709,0.093563475,1.273452,3.328626,0.5112812,0.73292685,1000.3608,2.3623025,2.037902,1.7458524,2.013206,2.050552,0.6164502,0.12298521,6039.1084,5.62682,5.0092397,4.392223,4.9396725,5.0387897,1.2345972,0.26546216,1.5212252,10.546523,0.8,2.7265599,0.17324053,1.0181508,4.520886,10.373282,3.8459787,2.5231264,5054.3896,7.0299277,4.4491653,3.3847933,3.7251582,4.9255075,3.6451344,1.1246697,3.9891205,0.20827198,4.164648,-87.26705,3.2,10.546523,147.83023,4.255314,0.2291107,-9.647225,18.253767,-24.577477,5.0842023,8.96
81599aa2-d03d-4d98-a8b9-b8933c2752c8,28.0075,55.816288,-8.85923,-8.85923,-0.14508057,-0.5920906,-89.10249,-0.0044765472,0.8942985,0.5112839,3.3732674,703.22485,114.80855,229.32082,-0.7385578,4497.3975,6.964722,4.2022047,3.321325,3.4485855,4.398161,3.643397,1.0395336,2578.8193,3.7562437,3.2736862,2.8493943,3.2765687,3.3088677,0.9068494,0.16751151,5866.157,5.5586033,4.939079,4.499503,4.833736,5.018246,1.0591002,0.21868904,0.0,0.0,0.0,0.0,1.0,5.0,8.444272,173.0,1.7068169,2.8833334,1.6617453,7.9807773,0.71666664,2.162473,0.067440376,1.2870867,4.979493,7.9133368,0.7215668,2.1324296,4480.784,6.1992025,4.2809615,3.6978354,3.9939113,4.2057967,2.501367,0.58591723,2563.0283,3.7520385,3.263563,2.8411014,3.2643702,3.3023686,0.9109371,0.16864483,0.79476875,3.222473,0.6,0.7135133,0.015503261,0.50566256,1.3941921,3.2069697,0.15942974,0.6819115,961.0988,2.3443909,1.9982035,1.7414476,1.9874887,2.0221937,0.6029433,0.1084514,5845.214,5.5532327,4.9298606,4.4508066,4.807887,5.026621,1.102426,0.22701982,2.4189427,8.444272,0.72083336,2.7852945,0.11848984,1.9877368,5.672979,8.325782,1.0615205,2.1871781,4696.844,6.9083085,4.3203154,3.0786338,3.6473963,4.331565,3.8296747,0.95134443,3.5384276,0.23192224,3.896427,-83.71523,2.8833334,8.444272,167.7292,-0.020370482,0.13069153,-8.443236,18.82592,-24.796358,5.0132046,8.19
b6a6d0f8-62c6-459e-ab44-cc723f37b4fe,32.588783,70.33111,75.93769,75.93769,-0.27668,-0.4234891,-84.684616,0.028554916,0.99145883,0.43840027,3.8415954,413.9864,119.05549,248.7483,-0.9324379,4886.5327,7.083653,4.3723187,3.3593426,3.5160704,4.9888334,3.7243104,1.1150705,2683.333,3.8828516,3.3396142,2.943161,3.3087585,3.3753462,0.9396906,0.1659277,5956.8223,5.6233253,4.978025,4.685852,4.875959,5.012092,0.9374733,0.19839065,0.0,0.0,0.0,0.0,1.0,5.0,8.233954,172.0,1.8462279,2.8666666,2.3114536,7.074074,0.725,2.110407,0.06095427,1.1197745,4.265039,7.0131197,0.7453608,2.041068,4697.4307,6.277178,4.375788,3.8332782,4.027266,4.360009,2.4438996,0.65199786,2670.771,3.8744836,3.3317435,2.9317057,3.3015847,3.364882,0.9427779,0.16642655,0.8094702,3.6498747,0.5875,0.79794973,0.027380107,0.62115186,1.4862082,3.6224947,0.2749687,0.71993893,981.01685,2.4043581,2.0185404,1.7513795,1.9970366,2.048388,0.65297866,0.11430411,5924.7173,5.6108294,4.96442,4.6382384,4.868912,5.0090857,0.9725909,0.20212273,2.987702,8.233954,0.71666664,2.5794992,0.12147786,1.5734112,4.9030128,8.112476,0.8538704,2.347872,5073.5596,7.009037,4.4819937,3.2167058,3.8657165,4.9477267,3.7923312,1.0254575,3.9235032,0.45051244,4.1733027,-80.21667,2.8666666,8.233954,152.59677,0.7399177,0.18533705,-8.198547,18.5995,-24.971207,5.224425,-5.62
c3c73664-b245-4de4-9891-1de98d53ed51,55.271564,89.810974,94.333786,94.333786,0.34289932,-0.85014915,-83.102104,0.0866909,1.6635131,0.37462997,3.8632963,854.0117,111.16408,64.62021,-0.950449,6142.3447,7.070663,4.9157605,3.2479687,4.0141754,6.270711,3.8226943,1.1951568,2708.4397,3.8790798,3.3534098,2.8669963,3.3604631,3.4200082,1.0120835,0.19952089,6051.833,5.6299696,5.0153155,4.510287,4.9645557,5.212817,1.1196828,0.25015932,0.0,0.0,0.0,0.0,1.0,5.0,9.804078,219.0,0.8434627,3.65,1.938988,7.314711,0.8833333,2.0180726,0.032229137,0.7645424,2.9003022,7.282482,2.4684584,1.9015782,5401.6304,6.366161,4.6694765,3.6619532,4.1003423,5.5406327,2.7042077,0.8383212,2695.9995,3.874475,3.345692,2.8642259,3.3518996,3.4149294,1.0102491,0.19919479,0.81573683,3.7876503,0.6041667,0.7345542,0.020659205,0.23422973,1.6208159,3.7669911,0.2674342,0.8180604,980.8648,2.38976,2.0176878,1.7278947,2.0056212,2.0544467,0.66186535,0.12598686,6025.9795,5.636346,5.0042744,4.469094,4.9639096,5.187358,1.1672521,0.2559098,2.3754005,9.804078,0.9125,2.7305758,0.11470036,1.0043929,3.4048462,9.689378,4.137664,2.534682,6067.1133,7.0849047,4.8729506,3.2006595,3.9760356,6.214251,3.8842452,1.2385434,4.0219445,0.26679823,4.34289,-84.7586,3.65,9.804078,165.15515,1.1741065,-0.088977806,-9.733113,18.703743,-24.710136,4.259827,3.82
333239fe-5508-4a62-a68d-debf60c52226,74.85807,92.82144,47.043816,47.043816,0.10274887,-0.68420744,-75.578766,0.024681091,1.6438292,0.66309357,3.6530755,1104.6086,115.61054,230.66618,-1.0202599,4083.8757,7.0379066,3.973688,2.9554696,3.326302,3.8227322,4.082437,1.1072266,2666.9116,3.8516555,3.3286142,2.9056802,3.3006043,3.3648596,0.9459753,0.18016487,5663.371,5.593765,4.849168,4.411302,4.627858,5.0676165,1.1824627,0.28801215,0.0,0.0,0.0,0.0,1.0,5.0,12.741389,177.0,1.1929021,2.95,1.424082,8.753199,0.725,2.4736133,0.061049372,1.5288163,5.5838456,8.692149,1.3577093,2.2492733,4304.35,6.2786794,4.1789875,3.4731166,3.7252593,4.287869,2.8055627,0.6861876,2656.689,3.8406188,3.3221545,2.9020808,3.2905889,3.3691323,0.9385381,0.18117933,0.47382846,3.2694132,0.6166667,0.62607265,0.036134887,0.4049673,1.3029372,3.2332783,0.3225575,0.6981288,978.29663,2.3737996,2.015372,1.7523143,1.9877689,2.0402646,0.62148523,0.12046635,5651.8936,5.581249,4.843625,4.371221,4.6089997,5.08178,1.2100282,0.2980792,2.2475812,12.741389,0.7375,3.76461,0.09991354,2.5708847,6.723123,12.641476,3.5168505,2.938294,4040.4963,6.989294,3.9499705,2.8823528,3.3202026,3.8436573,4.106941,1.110466,3.8436162,0.20529985,4.124508,-85.21369,2.95,12.741389,153.58357,2.3224065,2.1623611,-12.33992,18.317854,-24.71257,4.6877007,12.15
9e9adfcc-3d29-4139-857a-fa56f6d61596,62.380787,141.53506,81.19766,81.19766,0.1484909,-0.58772945,-58.919033,0.22140884,6.5679927,0.52503777,3.2049391,756.7,125.20538,231.42561,-1.387125,4616.8545,6.8637753,4.255189,2.9614727,3.6059954,4.461211,3.9023025,1.0631366,2749.9478,3.836256,3.3789992,2.9889836,3.2858784,3.5449786,0.8472724,0.20119557,5888.4424,5.5902915,4.945485,4.5567455,4.724928,5.1343126,1.033546,0.27811873,0.0,0.0,0.0,0.0,1.0,5.0,10.890054,183.0,0.7657113,3.05,1.7269495,7.5808144,0.5875,2.47592,0.06533215,0.8954165,3.9356928,7.5154824,3.34562,2.0379715,4695.4824,6.2702847,4.3597875,3.6718574,3.8571763,4.4069796,2.5984273,0.7461645,2730.585,3.829722,3.3668108,2.9800944,3.2672703,3.5399897,0.8496275,0.2049919,0.52648556,3.5237675,0.96666664,0.7266532,0.025171367,0.14829102,1.1223484,3.4985962,1.1094878,0.77755284,1001.0659,2.3502214,2.0373487,1.7590443,1.9546512,2.1393127,0.5911771,0.14254145,5879.511,5.5960293,4.9409337,4.5080633,4.700837,5.1655717,1.087966,0.29178736,2.0219731,10.890054,0.7625,3.4281464,0.25066534,1.7453867,5.0184245,10.639388,4.926801,2.740396,4595.944,6.9054766,4.2221875,2.8738549,3.5335991,4.5683813,4.031622,1.1501743,3.937856,0.192542,3.7768934,-88.46137,3.05,10.890054,164.77217,5.555763,0.86030954,-9.326662,17.84384,-24.553776,4.3642526,1.62
b6882d8d-7e32-4ad5-8756-809bd0aa5418,71.86923,132.45297,65.61787,65.61787,0.0913887,-0.49221754,-69.43687,0.22340012,2.3917577,0.4451332,3.8737104,1045.3988,117.54523,239.82375,-1.4805145,4459.0127,6.949928,4.2011023,3.234314,3.6141827,4.1095715,3.7156138,0.9643434,2611.0474,3.8419771,3.294087,2.9145381,3.2300067,3.3336892,0.927439,0.1683875,5966.286,5.6000905,4.9812675,4.512292,4.94377,5.0234847,1.0877986,0.21563946,0.0,0.0,0.0,0.0,1.0,5.0,12.85735,176.0,1.2685635,2.9333334,1.5157815,7.3081126,0.6041667,2.2103455,0.093028046,1.007586,4.7225733,7.2150846,1.5954404,2.0386047,4624.6064,6.235875,4.3472953,3.6540616,4.0598207,4.2634406,2.5818136,0.6084546,2594.0627,3.8339021,3.2832887,2.9053771,3.2166963,3.3226893,0.928525,0.1691463,0.6888846,3.38634,0.6125,0.72487324,0.033640526,0.37693766,1.4120058,3.3526993,0.42166463,0.68554634,967.87634,2.3579924,2.005338,1.7592853,1.9755894,2.032736,0.5987071,0.10694966,5975.8237,5.58325,4.9848347,4.474865,4.9514513,5.0273333,1.1083851,0.22514093,1.797187,12.85735,0.73333335,3.3366308,0.11578593,1.3428711,6.2450256,12.741565,3.9614403,3.1403937,4498.177,6.9311066,4.2100635,3.2498307,3.5532305,4.146914,3.6812758,1.0088441,3.923474,0.16709828,4.2119837,-84.17058,2.9333334,12.85735,166.20807,4.1132355,1.8642997,-12.038154,17.94148,-24.607916,4.6194344,7.48
cf742b02-b705-4df5-9c73-29831cc5aa9a,27.202093,61.376057,-36.80355,-36.80355,0.04870987,-0.7132535,-87.52814,-0.0634613,0.8394813,0.43086052,4.1125774,1242.9481,112.98988,261.1505,-0.7042961,4328.909,6.999708,4.1228924,3.22485,3.3715193,4.1283255,3.7748582,1.019255,2598.3428,3.889682,3.2838044,2.8060696,3.2689507,3.3441546,1.0836124,0.20750171,5790.1533,5.612063,4.904569,4.2962785,4.8279023,4.981219,1.3157845,0.2661594,0.0,0.0,0.0,0.0,1.0,5.0,10.311394,176.0,1.3562343,2.9333334,1.4347217,9.688022,0.71666664,2.2236924,0.03723053,0.92966044,5.749399,9.650791,0.78098875,2.4152262,4383.6553,6.224259,4.2298636,3.396281,4.010722,4.144491,2.827978,0.61113316,2585.6946,3.8864148,3.2757237,2.801094,3.2595959,3.336502,1.0853207,0.20823431,0.5991774,3.8523352,0.62083334,0.6729222,0.023724282,0.24981922,1.550221,3.828611,0.29247096,0.80066913,948.46655,2.40488,1.9841434,1.7404836,1.9661336,2.0122244,0.6643964,0.122959256,5801.005,5.615593,4.9087734,4.2772565,4.8169494,4.998993,1.3383365,0.27349702,1.6871283,10.311394,0.73333335,3.1070926,0.094383955,1.6998847,6.7865057,10.21701,2.2548518,2.7444003,4244.4653,6.928553,4.083238,3.1326518,3.3410463,4.1325097,3.7959013,1.0062002,4.0404873,0.29315463,4.3524027,-83.4151,2.9333334,10.311394,149.13527,-0.26641846,0.3560829,-10.301799,18.799442,-24.852238,4.663864,18.17
7a325375-4681-4764-a0ff-ceb333e028da,55.024128,154.39099,-3.3556318,-3.3556318,0.19906425,-0.88832736,-64.88931,0.4423027,1.2430285,0.5023918,5.3919764,1520.4336,119.30049,20.739439,0.15056038,5335.1655,6.916876,4.6742435,2.7592785,3.7243114,5.95586,4.1575975,1.2037928,2648.5117,3.7660372,3.3958511,2.850681,3.343871,3.4284656,0.91535616,0.18370806,5808.925,5.5487432,5.029587,4.5449886,4.891078,5.2116613,1.0037546,0.26408798,0.0,0.0,0.0,0.0,1.0,5.0,12.552494,228.0,0.025938272,3.8,2.478233,18.553131,0.95,2.2597876,0.109009825,0.736068,2.1916385,18.44412,3.9765663,2.3606815,5033.807,6.223746,4.6173086,3.6067333,4.0727167,5.392503,2.6170125,0.81372637,2639.3906,3.760637,3.3898473,2.8559463,3.344454,3.4249856,0.90469074,0.18617049,0.77536565,19.713528,0.95,0.8192351,0.026433378,0.3731675,1.0135169,19.687094,1.1888038,1.7507908,958.02747,2.3080616,2.0405023,1.5515224,2.0136988,2.065744,0.7565392,0.14098512,5799.1543,5.5391326,5.0254364,4.515108,4.890953,5.179101,1.0240245,0.26230872,3.4176989,17.837656,0.95,3.0591683,0.10954872,1.2133737,2.5385618,17.728107,5.5690064,2.5696332,5362.9287,6.9204245,4.6751904,2.9621975,3.6531231,6.043578,3.958227,1.2495979,3.9782276,0.6298017,3.4883735,-87.52716,3.8,12.552494,143.79376,-0.008268355,0.8722972,-10.305633,19.591944,-24.202911,3.0530639,4.93
e47c1f0c-c9bd-4932-b2a8-78b879e947a9,103.93579,149.86554,73.37804,73.37804,0.13889885,-0.7059488,-49.57923,0.25968933,8.022766,0.49660492,3.495855,1528.6954,120.53659,226.72346,-1.3394833,4943.9863,7.012994,4.4281607,3.2060616,3.8284628,4.60311,3.8069322,0.99565685,2623.2998,3.7970161,3.3023567,2.9963055,3.2741861,3.3068984,0.8007107,0.15765204,6057.1343,5.586076,5.0201344,4.690162,4.9852962,5.0335565,0.8959136,0.19055694,0.0,0.0,0.0,0.0,1.0,5.0,14.031369,179.0,0.59649444,2.9833333,2.0230713,7.3906136,0.7375,2.340977,0.08419539,0.86382747,4.0016947,7.306418,2.4753149,1.9837003,4849.494,6.2626886,4.4529667,3.8253956,4.127393,4.4117193,2.437293,0.6142573,2615.698,3.7898517,3.2975535,2.988276,3.268402,3.3049529,0.80157566,0.15774243,0.9381202,3.2073188,0.6125,0.7425466,0.018553222,0.38928276,1.2862066,3.1887655,0.356577,0.61527807,980.25037,2.3278875,2.0183873,1.8049514,1.9936417,2.0425212,0.5229361,0.102417745,6073.2188,5.5738597,5.026605,4.656118,4.995661,5.0643597,0.9177418,0.19576533,2.5829597,14.031369,0.74583334,3.6794581,0.058524303,1.0073392,5.6279593,13.972845,5.4995723,3.4816637,4912.551,6.9644823,4.4127717,3.2381248,3.7488174,4.650215,3.7263575,0.99820244,4.0247107,0.3032266,3.7931297,-86.41126,2.9833333,14.031369,173.29166,8.717709,2.6025007,-10.682129,18.10552,-24.80501,4.0653963,6.79
8c46f5bb-ab4e-41c8-a1bd-7a8b834f1360,68.977486,123.97534,97.80912,97.80912,0.33035088,-0.81771135,-50.252216,0.42508888,3.1886098,0.40833855,3.4501288,1010.3781,122.94435,29.051054,-0.9180107,6381.9717,7.0947533,5.022603,3.5845785,3.9199996,6.159362,3.5101748,1.1683338,2724.041,3.8143322,3.3651521,2.9722304,3.3255696,3.4199252,0.8421018,0.16100727,6120.954,5.594975,5.0452847,4.732252,4.889618,5.232034,0.8627229,0.22154275,0.0,0.0,0.0,0.0,1.0,5.0,9.829319,230.0,0.4431622,3.8333333,2.3454382,6.2970815,0.57916665,1.9692299,0.17912488,0.94039375,2.2706974,6.1179566,2.3203897,1.6036501,5625.5967,6.35406,4.763765,3.8279092,4.043434,5.7213,2.526151,0.8640188,2706.8782,3.8037376,3.3544044,2.9622705,3.309997,3.4169006,0.84146714,0.16318369,0.69855344,3.4028249,0.57916665,0.61278933,0.030595988,0.23535064,1.3292191,3.3722289,0.1880343,0.6692427,986.48035,2.3556907,2.0242639,1.7572715,2.0064979,2.0590541,0.5984192,0.1126555,6073.867,5.5967283,5.02524,4.680726,4.8561053,5.2105656,0.9160023,0.23396598,3.2486405,9.829319,0.9583333,2.8842452,0.13327,1.6709214,2.6163652,9.696049,4.001054,2.3394563,6272.67,7.067317,4.9421315,3.1510694,3.796452,6.3398914,3.9162476,1.3082279,7.0664463,0.53234375,3.8293788,-81.53623,3.8333333,9.829319,172.62358,6.2266726,-0.8539581,-7.5574346,18.793898,-24.30224,3.8110063,-10.17
c3dd30a1-1f9e-437b-acdf-e30670889660,104.207146,158.99098,82.273575,82.273575,0.09719086,-0.6697774,-50.34344,0.4149227,8.547649,0.4902401,4.7290773,1378.84,106.92796,311.72467,-1.298626,5238.8193,7.0641937,4.542028,3.1488113,3.864732,5.5969,3.9153824,1.0947133,2684.277,4.0182157,3.336953,2.8507595,3.2819433,3.4161282,1.1674562,0.22188532,6096.982,5.7499104,5.035012,4.5934014,4.9572096,5.1304092,1.1565089,0.22966602,0.0,0.0,0.0,0.0,1.0,5.0,14.2791815,180.0,0.5269854,3.0,1.831001,7.391328,0.59583336,2.072962,0.057766005,0.26389092,3.697609,7.333562,2.4993465,2.2013714,5061.331,6.393462,4.545102,3.992904,4.102211,4.806657,2.4005582,0.6564506,2673.951,4.0053988,3.3305414,2.844392,3.277639,3.4151628,1.1610067,0.22125773,0.783069,4.1495833,0.6041667,0.8900608,0.012166884,0.20493618,1.8821133,4.1374164,0.69012463,0.9183047,1006.5307,2.5169122,2.0423033,1.7299618,2.001481,2.0936637,0.78695047,0.15124683,6099.0693,5.747516,5.0354657,4.545277,4.974235,5.1412168,1.202239,0.23848638,2.666192,14.2791815,0.75,3.3824613,0.044839155,0.36495087,5.137182,14.234343,5.3615193,3.6022446,5252.3896,7.0525274,4.5524235,3.1611176,3.897466,5.492303,3.8914099,1.0772161,3.9173405,0.68676245,4.9437757,-84.454094,3.0,14.2791815,174.10771,9.030018,1.2251471,-10.993308,17.86048,-24.480352,4.116358,-0.65
a4bcb7ad-c113-49b7-96f3-396702f04414,49.420784,155.68452,94.7824,94.7824,0.14850807,-0.8439932,-27.020313,0.5853615,7.0093913,0.40354347,3.9427612,1145.516,113.055,281.31088,-0.63062286,4860.908,7.035863,4.360443,3.2111404,3.7675216,4.892353,3.8247225,1.1136959,2723.9421,3.9094133,3.3632715,2.8962958,3.3173068,3.405295,1.0131176,0.19535282,6024.7734,5.663873,5.0039854,4.490301,4.9589777,5.030324,1.1735721,0.25170285,0.0,0.0,0.0,0.0,1.0,5.0,11.433855,196.0,0.1518066,3.2666667,1.7191787,6.867103,0.6,2.2710106,0.08193194,0.9224121,3.4811876,6.785171,2.9612644,1.8517946,4927.085,6.3830476,4.469431,3.7319613,4.032735,4.6339784,2.6510863,0.74411803,2712.0295,3.9023333,3.3558497,2.891948,3.3122268,3.4023545,1.0103853,0.19594869,0.7847315,3.7619393,0.6041667,0.7961725,0.027908867,0.3603996,1.5678955,3.7340305,0.47166365,0.75219554,998.5055,2.4216797,2.0354996,1.7370617,2.010569,2.0548956,0.684618,0.13107628,6034.294,5.671344,5.0073347,4.4545765,4.938994,5.056162,1.2167673,0.26359922,2.0327334,11.433855,0.81666666,3.4116125,0.2443302,1.3904108,4.5086827,11.189525,5.7146225,2.8674176,4869.607,7.0872493,4.3464923,3.2455173,3.474714,5.0482664,3.841732,1.1823837,3.9065032,0.19112423,4.435916,-82.89059,3.2666667,11.433855,167.73994,10.150336,-0.8492088,-5.194473,18.924156,-24.452288,3.5815954,6.98
65c52ed2-612d-4818-8444-7a778828401e,61.305878,119.97278,66.72523,66.72523,0.12575531,-0.6482668,-66.55904,0.0520401,4.7102733,0.4070263,4.024558,936.4174,118.21763,268.92654,-1.2857342,4729.788,7.0557995,4.3114176,3.2286308,3.6130185,4.4918966,3.8271687,1.0578891,2637.8208,3.8952305,3.3092,2.8892846,3.2611122,3.3228233,1.0059459,0.2002882,5993.0596,5.646635,4.991223,4.5084405,4.951922,5.030066,1.1381946,0.24244389,0.0,0.0,0.0,0.0,1.0,5.0,12.13147,184.0,0.9844918,3.0666666,1.7522447,7.7067866,0.75416666,2.1514964,0.04871165,0.59124756,4.2297716,7.658075,2.0327215,2.1228895,4773.1006,6.380706,4.4063916,3.656988,4.093107,4.2729745,2.723718,0.68675435,2627.3218,3.8896058,3.3024802,2.883853,3.245045,3.3190756,1.0057528,0.2019866,0.8047106,3.7955432,0.6166667,0.71819127,0.037663605,0.27798507,1.4580206,3.7578795,0.3320491,0.7291147,979.2593,2.4109058,2.01586,1.7474504,1.9874682,2.0247443,0.6634555,0.12866694,6005.451,5.648831,4.9957867,4.4681053,4.9517803,5.048392,1.1807256,0.25461847,1.9801501,12.13147,0.76666665,3.0842702,0.052476026,0.83989435,4.976505,12.078994,4.540532,3.0146132,4873.2603,7.0697036,4.3755116,3.266927,3.612163,4.578457,3.8027766,1.0771022,3.7759948,0.17034808,4.399495,-80.46253,3.0666666,12.13147,164.41331,4.4332123,1.9069289,-11.130265,18.219845,-24.642036,4.5105305,12.01
0c831527-3a85-41a9-8ff3-0baafff4493c,73.8558,101.75805,43.980755,43.980755,0.13933754,-0.6599264,-72.1353,0.20684242,2.2224998,0.42684174,3.9602349,844.9519,114.7737,246.92686,-1.1647434,4698.4575,7.0012403,4.3090677,3.1770031,3.564447,4.377576,3.824237,1.0044099,2677.5898,3.883345,3.3344455,2.854861,3.300381,3.3914287,1.0284839,0.19518717,5947.3105,5.641461,4.972245,4.41971,4.9768643,5.0071115,1.2217507,0.23924598,0.0,0.0,0.0,0.0,1.0,5.0,12.226739,179.0,1.1902311,2.9833333,1.6022,8.263503,0.7291667,2.1867805,0.023255894,0.48924977,5.052779,8.240247,1.6028922,2.238431,4699.484,6.3686094,4.3763356,3.5890386,4.0920095,4.2423167,2.7795708,0.6548791,2672.0283,3.8747966,3.3310397,2.852973,3.295082,3.38811,1.0218236,0.19397242,0.7085021,3.763466,0.60833335,0.69104093,0.029119734,0.10785176,1.6357216,3.7343462,0.31208807,0.83053064,974.0547,2.406107,2.0106552,1.7235672,1.9955382,2.040997,0.6825397,0.125808,5956.5703,5.6405163,4.9757314,4.3853116,4.9728036,5.0253234,1.2552047,0.24726547,2.4002047,12.226739,0.74583334,3.2975733,0.030568218,0.9735687,6.128476,12.196171,3.688044,3.0603201,4738.3315,7.101002,4.3127165,3.2916667,3.468674,4.4119487,3.8093355,1.0693563,3.722226,0.21656306,4.4374323,-83.67847,2.9833333,12.226739,164.88376,2.6046178,2.6989744,-11.63721,18.388346,-24.589762,4.5380487,9.26
f51068a6-946d-4afa-b934-6eef6dc623d1,66.050224,99.38949,62.463737,62.463737,0.11122131,-0.63259363,-79.63479,0.11514664,2.145481,0.45505142,3.9354727,1042.8348,112.34179,231.90169,-1.1761074,4769.0317,7.0157213,4.3424735,3.216644,3.631806,4.436026,3.7990773,1.0069202,2657.2817,3.85462,3.3218927,2.8546302,3.2960665,3.3764145,0.99998975,0.19245195,5941.1045,5.57744,4.9701223,4.451399,4.9306707,5.0154815,1.1260409,0.22908759,0.0,0.0,0.0,0.0,1.0,5.0,11.755768,178.0,1.2758627,2.9666667,1.6167091,8.0418625,0.73333335,2.191198,0.047710523,1.0349475,4.852456,7.994152,1.26068,2.1050587,4607.9688,6.2614083,4.3373923,3.6274142,4.0898795,4.2336116,2.633994,0.62201244,2643.3809,3.8509848,3.3130827,2.8468268,3.285358,3.3681827,1.004158,0.19382954,0.68307376,3.3808663,0.6166667,0.6762788,0.033947263,0.46014574,1.3766803,3.346919,0.18521534,0.72170097,967.896,2.3604286,2.0047023,1.7323148,1.9930613,2.0352886,0.62811375,0.118610114,5940.125,5.5795636,4.9692774,4.4183984,4.9156284,5.047847,1.1611652,0.23833105,1.8538988,11.755768,0.7416667,3.2011206,0.19554546,1.5637228,5.9093623,11.560223,3.4774976,2.8226314,4669.923,6.9638414,4.292541,3.3290093,3.4859214,4.379711,3.6348321,1.015925,4.094677,0.18811768,4.1041946,-85.02436,2.9666667,11.755768,164.75798,1.8755149,0.97784036,-11.563925,18.252378,-24.838541,4.6641827,9.23
b61ec089-9028-45e2-b8fa-ce20dbcf32c5,56.303097,99.15331,84.07497,84.07497,0.3652935,-0.80321074,-68.41299,0.36405182,1.9521903,0.41968727,3.4276483,670.61365,115.20369,14.458007,-0.9583225,5940.1562,7.101148,4.80249,3.2522988,3.6541243,6.2094126,3.8488493,1.298745,2709.8584,3.8301132,3.3557637,2.9467864,3.3247752,3.423179,0.88332677,0.17299114,6056.8413,5.621391,5.017004,4.5711083,4.8465657,5.23149,1.0502825,0.25789487,0.0,0.0,0.0,0.0,1.0,5.0,10.325063,218.0,0.83799696,3.6333334,2.1913846,7.525285,0.8833333,2.34454,0.106247835,1.4189364,2.866213,7.419037,2.9016266,2.0081575,5417.914,6.37178,4.6628876,3.660709,4.0516176,5.5998335,2.711071,0.9122061,2685.5503,3.8235154,3.34039,2.9316936,3.3053837,3.4137504,0.89182186,0.17773141,0.6625849,3.3464458,0.6,0.65749395,0.026525924,0.36995652,1.3208072,3.3199198,0.27662727,0.66259813,988.6339,2.3660698,2.0266528,1.7925192,2.0058677,2.0575037,0.5735506,0.10948159,6020.2354,5.6268573,5.000707,4.500975,4.8113356,5.214819,1.1258821,0.27792275,3.3434289,10.325063,0.90833336,3.4321833,0.09859305,2.352632,3.3567986,10.22647,4.675873,2.622011,5999.757,7.1044946,4.808768,3.0498922,3.6665504,6.2882547,4.0546026,1.3692118,4.3835287,0.35009798,3.960471,-87.3002,3.6333334,10.325063,169.1664,3.7784383,0.39213178,-9.6008625,18.91745,-24.56711,4.220201,2.24
76ac3f65-1964-48ea-bbd4-d930d5cfd592,13.395932,72.65938,87.82226,87.82226,-0.038434982,-0.46869707,-57.771828,0.1973381,3.6062047,0.48200417,3.4695194,609.8906,114.77098,248.45305,-0.9534874,5334.94,7.08715,4.590589,3.2815151,3.8320186,5.186241,3.805635,1.0748996,2696.5874,3.8508983,3.3454506,2.8660636,3.311592,3.4043524,0.9848347,0.2091386,6058.321,5.59411,5.0172887,4.43623,4.9357195,5.0923586,1.1578798,0.2642251,0.0,0.0,0.0,0.0,1.0,5.0,8.089677,197.0,1.6301622,3.2833333,1.6361583,7.2063828,0.825,2.2838705,0.08847778,1.3186136,3.397453,7.117905,2.7832568,1.8968469,5031.591,6.346002,4.512901,3.5980175,4.0622573,4.808225,2.7479846,0.77375084,2688.817,3.83842,3.3405852,2.861412,3.2964025,3.40083,0.97700787,0.20950855,0.78942883,3.370845,0.6166667,0.74815935,0.055169597,0.3938884,1.2100686,3.3156755,0.59925145,0.67288184,997.3589,2.3525243,2.0340424,1.7418659,2.016206,2.049987,0.6106584,0.13540238,6054.331,5.5944977,5.01503,4.4035983,4.9166694,5.0808907,1.1908994,0.27541155,1.8756135,8.089677,0.8208333,2.837246,0.18498929,2.0951698,4.166299,7.9046874,3.2119014,1.964273,5501.587,7.064348,4.657948,3.2699854,3.8652506,5.4120984,3.7943628,1.1076093,4.050552,0.2584828,3.904209,-83.15187,3.2833333,8.089677,147.2055,4.3110466,0.1639366,-6.843309,18.42243,-24.712896,5.1813855,16.87
be05f139-5df3-4604-af56-204d7268be29,18.722967,92.86865,104.6497,104.6497,0.12181473,-0.5401263,-69.593185,0.49131203,3.942375,0.38785934,3.964176,651.5922,114.646965,272.0787,-1.0821342,5200.1274,7.0346055,4.5343575,3.3315368,3.9327562,5.1632113,3.7030687,1.0520453,2667.675,3.8599212,3.328238,2.8606207,3.3285666,3.3735461,0.9993005,0.19530636,6044.3906,5.6465564,5.01315,4.540107,4.9809604,5.051128,1.1064496,0.23084465,0.0,0.0,0.0,0.0,1.0,5.0,8.672765,198.0,1.5098627,3.3,1.5418842,6.9862065,0.6,1.9471256,0.03356975,0.5857685,3.1005988,6.9526367,2.560251,1.9293649,5168.15,6.4612393,4.571303,3.8253906,4.0741606,4.9272566,2.6358488,0.79821545,2651.2893,3.8563683,3.3178084,2.850009,3.3097982,3.373907,1.0063593,0.19795741,0.73477906,3.8731894,0.6041667,0.63908905,0.027247818,0.20763731,1.4826748,3.8459415,0.13126542,0.82128596,975.6317,2.3906243,2.0125036,1.7372272,2.0122263,2.034399,0.6533971,0.12231723,6060.2646,5.6630445,5.01901,4.509969,4.9713354,5.092581,1.1530752,0.24625859,1.929394,8.672765,0.825,2.457928,0.08150142,0.5608606,3.6303375,8.591264,3.7111197,2.3160424,5649.2354,7.1688147,4.710067,3.4772904,3.968329,5.5583997,3.6915243,1.1635079,4.1422048,0.2248255,4.2868137,-79.30644,3.3,8.672765,140.29332,2.925739,-0.7648086,-8.128467,18.47051,-24.395857,4.905498,4.29
c4db0162-a137-4ca5-8000-2443a5adc872,80.09328,150.1285,77.084175,77.084175,0.14535141,-0.67427397,-46.313942,0.37542725,10.103988,0.47670746,3.583238,1015.3969,114.11665,228.29451,-1.2651081,4633.6143,6.9231873,4.2790585,3.1514525,3.6815612,4.28236,3.7717347,0.9981915,2653.8428,3.792542,3.3199012,2.859512,3.2505867,3.3746135,0.9330299,0.18956381,5958.117,5.574182,4.9760923,4.3875647,4.9114027,5.0265727,1.1866174,0.25296423,0.0,0.0,0.0,0.0,1.0,5.0,12.33982,180.0,0.5760124,3.0,1.9383868,8.287204,0.57916665,2.7120428,0.063926086,1.3364303,4.687506,8.223278,2.8858476,2.0210986,4714.6504,6.2628174,4.3770447,3.5055428,3.9725585,4.4433336,2.7572746,0.697034,2636.5366,3.7886727,3.3089488,2.8517876,3.2425933,3.3559036,0.9368851,0.19086395,0.901259,3.0934181,0.5875,0.81318766,0.03721798,0.40045947,1.1785655,3.0562,0.77246654,0.6218616,994.88965,2.3403254,2.032457,1.7781029,1.9699285,2.0780766,0.5622225,0.12037992,5944.627,5.5618024,4.9697065,4.3478875,4.8674726,5.0472846,1.2139149,0.26701123,2.2759173,12.33982,0.75,4.333544,0.29109898,2.305226,6.3844786,12.048721,6.368552,3.2042212,4619.6143,6.975516,4.2509384,3.0537648,3.4764755,4.5555573,3.921751,1.0853187,3.9903421,0.25402167,4.2423105,-85.19867,3.0,12.33982,163.0129,8.307552,1.9050978,-8.923359,17.990704,-24.407307,4.05786,-10.03
007a7681-9c1b-4d2a-b88e-77fae81131c7,49.205734,73.285545,3.9886792,3.9886792,0.097803116,-0.68216467,-83.48242,0.058849335,0.74008936,0.52557945,3.6913846,1113.635,119.63162,244.77217,-0.84848976,4643.2803,7.1185856,4.2683196,3.217757,3.6043098,4.288527,3.9008286,1.0622842,2634.5288,3.8639152,3.309143,2.9453926,3.2943566,3.3243716,0.9185226,0.16363202,5963.032,5.621916,4.980263,4.552106,4.9392967,5.010806,1.0698099,0.20722787,0.0,0.0,0.0,0.0,1.0,5.0,11.399807,175.0,1.3546093,2.9166667,2.0220068,9.168216,0.7125,2.4522786,0.028284505,1.6851627,5.235448,9.139932,0.86649716,2.2140956,4664.7583,6.3640065,4.3636155,3.690806,4.0858383,4.275721,2.6732006,0.62876934,2616.2422,3.85358,3.2975612,2.9315836,3.2848494,3.3144314,0.92199636,0.16461979,0.64132184,3.4320364,0.6,0.74399006,0.024688063,0.6368111,1.4789921,3.4073484,0.21883526,0.72095054,969.4852,2.3789246,2.0069995,1.7847012,1.9879622,2.0207381,0.5942234,0.107118204,5960.9253,5.6179442,4.9789705,4.509582,4.9276137,5.0444527,1.1083622,0.21688381,2.5647542,11.399807,0.7291667,3.356827,0.078930214,2.2144258,6.3040795,11.320877,2.3440485,2.7078896,4549.9604,7.0825534,4.2239323,3.3197753,3.4877942,4.292104,3.762778,1.0566772,4.012688,0.22537713,3.9831445,-83.38494,2.9166667,11.399807,165.48964,0.090007775,1.2908362,-11.326131,18.765144,-24.687561,4.674546,2.84
ce060167-ad96-4db7-871d-839bacc37246,7.8812046,49.19734,-75.91724,-75.91724,-0.23380852,-0.51504374,-87.03711,-0.067575455,0.6201553,0.34191132,3.8946745,883.9771,116.93401,250.96983,-0.6713867,4774.9004,7.010519,4.349506,3.3003895,3.734201,4.3384695,3.7101295,0.9885407,2596.4976,3.8350148,3.2842972,2.8746634,3.2531662,3.316776,0.96035147,0.1792565,5943.092,5.561165,4.9717894,4.4954944,4.9694963,5.003873,1.0656705,0.2102122,0.0,0.0,0.0,0.0,1.0,5.0,8.598655,171.0,1.7723975,2.85,1.5178025,8.0674,0.7083333,1.8373972,0.010546313,0.20517723,5.025796,8.056853,0.60081345,2.2796493,4620.437,6.2133384,4.3526735,3.7043695,4.1477213,4.202401,2.5089688,0.5532233,2584.6992,3.827463,3.2767563,2.8671887,3.245317,3.3087602,0.9602742,0.18013737,0.8189604,3.5451045,0.6041667,0.65969646,0.032796837,0.16857377,1.3877966,3.5123076,0.26345494,0.76188165,940.4785,2.3452225,1.9762677,1.7175378,1.962526,1.9987258,0.6276847,0.11413415,5970.9326,5.55558,4.9831743,4.464685,4.9903893,5.027604,1.0908952,0.21647558,1.7806517,8.598655,0.7125,2.200559,0.036980532,0.24415036,5.867562,8.561674,0.90987176,2.5475724,5028.3613,6.941811,4.5061975,3.690681,4.1139774,4.267631,3.25113,0.8035461,4.127595,0.16730548,4.0671873,-82.077324,2.85,8.598655,172.81378,-0.4310989,0.10814666,-8.58716,18.804209,-24.933626,5.1157146,7.04
eea5bc53-ff82-4e2c-8aa0-dae12386e2d9,153.88573,155.84868,-71.775345,-71.775345,0.1810894,-0.9611697,-40.703438,0.27759933,-13.18056,0.4900093,3.6600993,45084.598,107.64641,12.304229,-0.21334267,5375.1465,7.0444813,4.584193,2.754533,3.7931201,5.558974,4.2899485,1.1754202,2701.7412,3.8619363,3.3479276,2.7923465,3.3099139,3.3967214,1.0695899,0.220534,6026.92,5.637434,5.003899,4.5476503,4.9030385,5.059678,1.0897837,0.27047095,0.0,0.0,0.0,0.0,1.0,5.0,19.619696,232.0,0.014241934,3.8666666,2.0948172,19.808836,0.96666664,2.420607,0.045420967,0.6774427,2.5992742,19.763414,4.310893,2.6953034,5124.717,6.3782196,4.5518665,3.6646972,4.08317,4.907467,2.7135224,0.7959249,2690.1516,3.8594658,3.3406365,2.8291633,3.3050525,3.3941138,1.0303025,0.22161211,0.8340352,18.09634,0.9791667,1.0709003,0.03806107,0.26530033,1.4076725,18.058279,1.7765933,2.051254,990.56226,2.3924003,2.0263062,1.5858403,2.0029042,2.0844893,0.8065599,0.14637695,6026.8853,5.643355,5.0033765,4.5085077,4.902054,5.064789,1.1348472,0.27973318,2.8574393,19.619696,0.96666664,3.213357,0.06141205,0.77017784,3.057554,19.558283,6.168257,3.0818267,5476.895,7.0967054,4.618769,2.8666732,3.701712,5.5641656,4.230032,1.2195755,3.6380987,0.5117177,4.189739,-90.82799,3.8666666,19.619696,160.53114,-14.1275015,4.6516223,-12.794866,19.47958,-24.506222,3.219015,14.36
6a7a9736-de6d-480f-ac61-f9799ca061f1,50.809296,80.470184,-39.06766,-39.06766,-0.047195435,-0.5766249,-77.26518,0.07156372,0.039424893,0.46720695,3.579497,1236.3387,116.673676,228.25789,-0.98539734,4664.9697,7.043122,4.271526,3.1987782,3.4578195,4.589424,3.8443437,1.0915308,2659.2656,3.8558533,3.3242111,2.9265232,3.3019805,3.3664227,0.9293301,0.17290035,5939.0327,5.6185527,4.970064,4.6000166,4.8526464,5.035043,1.0185361,0.2107914,0.0,0.0,0.0,0.0,1.0,5.0,10.547131,169.0,1.5429065,2.8166666,2.109975,7.70182,0.7,2.1095374,0.03870519,1.1823002,4.639648,7.6631145,0.5062252,2.1156824,4682.666,6.277773,4.3747663,3.7595992,4.0577836,4.3310213,2.5181737,0.61035025,2642.0894,3.8445134,3.3134398,2.920072,3.2921834,3.3530126,0.92444134,0.17268685,0.7511894,3.2709832,0.57916665,0.6518435,0.024012515,0.26046452,1.4042484,3.2469707,0.19147189,0.7526468,966.12756,2.3899424,2.0028992,1.7466125,1.9883392,2.0283866,0.64332986,0.118010044,5943.8906,5.6116815,4.9716816,4.568361,4.8405166,5.0794067,1.0433207,0.22045368,3.5554,10.547131,0.70416665,3.3454223,0.018651197,2.0299063,6.133101,10.52848,1.6632831,2.6808143,4642.5967,7.0066586,4.267469,3.199499,3.4847603,4.5847483,3.8071597,1.06436,3.5152402,0.51444954,4.080248,-81.344826,2.8166666,10.547131,164.97237,-1.4653014,1.8051337,-10.28768,18.496931,-24.8066,4.861524,7.34
726056e8-93e9-4ddb-b003-c76423ec8712,78.45137,152.06732,83.9441,83.9441,0.16128159,-0.8150091,-36.910713,0.33146667,10.231532,0.43770218,3.591871,2922.1643,118.81576,239.2163,-1.060957,4872.755,7.051354,4.3773475,3.2770755,3.6230173,4.578105,3.7742784,1.0686331,2748.6282,3.861596,3.3794818,2.9699538,3.3211274,3.4309876,0.89164233,0.17810401,6033.052,5.625023,5.0082884,4.616285,4.8739877,5.153041,1.008738,0.23401436,0.0,0.0,0.0,0.0,1.0,5.0,12.600139,186.0,0.25613546,3.1,1.8160312,7.392044,0.75416666,2.3481126,0.060256533,1.0286248,3.850971,7.3317876,2.6968236,2.0138295,4779.1504,6.325634,4.405687,3.780943,3.980285,4.466819,2.544691,0.70926046,2732.9138,3.8538988,3.3696818,2.9606385,3.3030562,3.4259965,0.89326024,0.17996421,0.57557184,3.4621217,0.60833335,0.6240317,0.019333964,0.11871792,1.3399025,3.4427876,0.4619345,0.7224034,1010.8756,2.3856535,2.0478072,1.7585045,1.9946084,2.1048062,0.627149,0.13589334,5992.535,5.6203394,4.990877,4.574595,4.8434005,5.169186,1.0457444,0.24503389,2.994467,12.600139,0.775,3.940267,0.17346616,2.0548124,5.2589545,12.426673,5.4528337,2.9152467,4781.848,7.029389,4.324953,3.2308683,3.5575752,4.5878916,3.7985206,1.1041503,4.5151634,0.34600988,4.0832806,-85.60741,3.1,12.600139,156.48001,10.0185,1.06287,-7.567262,18.291676,-24.756418,3.7953598,4.93
67855330-dfa3-4743-a9e4-42c73f7dba4c,35.74355,71.72966,21.276365,21.276365,0.0548954,-0.66099596,-87.936676,0.03883171,2.0448875,0.3400631,3.739979,1523.9875,115.8867,238.63951,-0.8846588,4742.171,7.080031,4.2868237,3.2423341,3.4226747,5.0489054,3.8376968,1.1756662,2677.1804,3.8495657,3.3347585,2.897864,3.3150015,3.397254,0.95170164,0.1852156,5846.1494,5.599509,4.929971,4.5771666,4.7746115,5.0176554,1.0223422,0.2331067,0.0,0.0,0.0,0.0,1.0,5.0,10.756781,180.0,1.4442816,3.0,2.264656,9.21825,0.7375,2.3053644,0.064582966,1.4709547,4.110665,9.153667,1.3751824,2.1689293,4653.258,6.2897615,4.349166,3.6365623,3.993028,4.39183,2.6531992,0.68798995,2662.615,3.836116,3.325641,2.892428,3.3130949,3.385445,0.94368815,0.18531743,0.6204674,3.5023365,0.6125,0.6483673,0.018747136,0.32050893,1.4482874,3.4835894,0.20420578,0.7047539,970.333,2.378008,2.006991,1.731966,1.9981072,2.0417285,0.64604187,0.122645825,5819.91,5.588998,4.9183764,4.526733,4.750093,5.0330067,1.0622649,0.24330147,3.0709188,10.756781,0.75,3.2987716,0.12536499,2.1419525,4.74702,10.631415,3.2351954,2.6277509,4642.325,7.0109725,4.2404346,3.0575786,3.3330681,5.0093307,3.953394,1.1669327,3.9223132,0.3912921,4.0654993,-84.07354,3.0,10.756781,160.5221,0.14053345,0.3608894,-10.749806,18.6873,-24.691597,4.825388,9.79
53f4b5a1-8802-41b2-b79c-1e69f6214a89,49.554993,148.17624,77.57645,77.57645,0.15524673,-0.4846859,-55.7059,0.8018131,5.163173,0.49795723,3.7747905,498.6162,120.20412,262.72568,-1.3044434,4720.0303,7.0428553,4.291042,3.218618,3.530673,4.9841557,3.8242373,1.1197101,2713.3452,3.853972,3.358482,2.9715886,3.3188524,3.3909202,0.88238335,0.16187902,5966.825,5.6185913,4.9815197,4.6901274,4.8506756,5.0383134,0.92846394,0.21502495,0.0,0.0,0.0,0.0,1.0,5.0,10.822699,190.0,0.94672036,3.1666667,1.6848508,7.217052,0.6,2.2453814,0.04180345,1.0386205,3.2143412,7.1752486,3.0437126,1.8374072,4940.6143,6.407103,4.4741,3.7840035,4.0268326,4.6845994,2.6230996,0.7538674,2695.376,3.8420377,3.3471823,2.9626467,3.2968159,3.3916676,0.87939095,0.16463725,0.50024647,3.5157945,0.6041667,0.7088441,0.07139311,0.22269447,1.4539281,3.4444015,0.6585075,0.7071357,987.63806,2.3621967,2.0259233,1.7883934,1.993929,2.0423453,0.5738033,0.10389128,5967.088,5.624807,4.9808044,4.6422844,4.842446,5.0809813,0.9825225,0.23336363,2.5882447,10.822699,0.7916667,3.4778988,0.16974907,1.4784093,4.0738244,10.652949,5.7711167,2.7474535,4936.9526,7.115233,4.3714733,3.083796,3.527976,5.196165,4.031437,1.2086608,3.560595,0.35273015,4.0866423,-86.46485,3.1666667,10.822699,169.62605,5.9551616,1.3118933,-8.94124,18.384624,-24.14436,4.374233,5.97
1a024edf-0ee1-44cb-92b7-b09f040c6060,68.73815,138.126,83.0568,83.0568,0.19979858,-0.71878386,-54.277603,0.3604641,7.0447536,0.42448425,4.119737,1068.5519,112.90343,301.17047,-1.2048264,5030.631,7.0252824,4.4374914,3.1602912,3.6936214,5.0474663,3.8649912,1.1267791,2672.1792,3.9140198,3.331251,2.8764615,3.2900262,3.370972,1.0375583,0.19195338,6028.477,5.652888,5.006442,4.5486846,4.9759836,5.016632,1.1042032,0.23278989,0.0,0.0,0.0,0.0,1.0,5.0,12.806107,191.0,0.6157286,3.1833334,1.8199022,7.6653852,0.78333336,2.3485072,0.06598916,0.84555614,3.5400345,7.599396,3.1885355,1.9146074,4959.2827,6.402407,4.4874387,3.7764294,4.102786,4.567401,2.6259778,0.7256531,2662.087,3.9094033,3.3249812,2.8797114,3.290397,3.3547528,1.0296919,0.19112484,0.6648863,4.1225014,0.60833335,0.7807671,0.01917071,0.38968638,1.6306142,4.1033306,0.43788135,0.80408365,984.8833,2.4312582,2.0218668,1.7513194,1.9973952,2.0478814,0.6799388,0.12543952,6035.289,5.6656666,5.0087657,4.506654,4.988001,5.0361333,1.1590128,0.24353561,2.3049052,12.806107,0.79583335,3.479743,0.24923158,1.1394761,4.234645,12.556875,6.239946,3.0082612,5080.7495,7.08786,4.457622,3.2181742,3.6755967,5.0877295,3.869686,1.1399093,3.9597588,0.21187562,4.4052887,-80.12786,3.1833334,12.806107,175.45015,7.4221225,0.9038543,-10.396707,18.467373,-24.358454,4.012379,9.76
6817d12b-67c1-4fa0-ae2f-31f94f1a4079,58.117554,80.821655,43.029915,43.029915,0.112607956,-0.7613096,-80.37255,0.109874725,1.7923163,0.37125015,3.6920927,943.27106,119.63566,285.71915,-0.84539795,4614.5474,7.0334897,4.2678165,3.1974978,3.555073,4.452882,3.8359919,1.0064887,2714.034,3.8848894,3.358016,2.9565895,3.3270242,3.402162,0.9282999,0.17945129,5988.5117,5.638008,4.990146,4.5240664,4.978487,5.0237293,1.1139417,0.22488156,0.0,0.0,0.0,0.0,1.0,5.0,12.611148,179.0,1.1626508,2.9833333,1.1359637,9.570931,0.7291667,2.079709,0.06789443,0.62503725,5.3130593,9.503037,1.2447752,2.34139,4603.9736,6.356287,4.3369303,3.63792,4.0848637,4.219351,2.718367,0.61176807,2704.6094,3.8777533,3.3520558,2.947065,3.330253,3.395546,0.93068814,0.18146026,0.6881349,3.8574996,0.62083334,0.68222594,0.0118652815,0.14931439,1.4605237,3.8456342,0.43093076,0.82429314,985.6948,2.4096112,2.0228436,1.7652302,2.0112033,2.0443666,0.64438105,0.12314658,5996.858,5.6374097,4.9933696,4.500263,4.974587,5.036208,1.1371465,0.23059432,1.4770154,12.611148,0.74583334,3.2382083,0.08476152,1.7926469,6.392928,12.526386,3.2902424,3.0063417,4558.6357,7.083187,4.2337084,3.2869303,3.472127,4.4673605,3.7962568,1.0344225,4.012779,0.1845742,4.1310596,-81.48011,2.9833333,12.611148,151.90588,1.4392089,1.5417479,-12.433533,18.628677,-24.827826,4.629376,19.9
d0165b2f-3a56-4bbf-8139-e0fcbe027718,57.376083,77.39018,-6.983634,-6.983634,0.074142456,-0.68885183,-83.44029,0.05745697,1.0727692,0.3655281,3.5190938,1338.3662,117.665436,246.16469,-0.88614273,4559.218,7.0140467,4.216435,3.2002168,3.4852767,4.7235775,3.81383,1.1038213,2710.8833,3.8536737,3.3566096,2.940196,3.3254533,3.4058623,0.91347766,0.16887277,5918.158,5.600791,4.961641,4.6312165,4.884653,5.0159183,0.96957445,0.2027674,0.0,0.0,0.0,0.0,1.0,5.0,11.732645,177.0,1.3164694,2.95,1.6593063,8.735254,0.725,2.0160716,0.07857152,0.4433047,4.687787,8.656683,1.273889,2.1734407,4695.8057,6.3401103,4.37832,3.7966619,4.057349,4.298684,2.5434484,0.6294152,2694.2827,3.844752,3.346265,2.928359,3.3232903,3.3937864,0.91639304,0.16936816,0.5769694,3.555413,0.60833335,0.6328463,0.014188251,0.20042992,1.5404884,3.5412247,0.2134978,0.75496083,975.66833,2.3713207,2.0130548,1.7369493,2.008966,2.030764,0.6343714,0.11355462,5921.3784,5.6018395,4.962652,4.589275,4.89957,5.043677,1.0125647,0.21093072,2.4046113,11.732645,0.7375,2.9715698,0.06456136,0.6243269,5.7201447,11.668084,3.1371953,2.9521022,4530.7373,7.033483,4.202817,3.3302069,3.4616396,4.6943927,3.7032762,1.1020004,3.493165,0.398365,3.8939092,-83.242676,2.95,11.732645,160.98755,-0.16296385,1.3303756,-11.655835,18.66026,-24.761906,4.677286,14.05
2728f7a1-8a3d-417b-9529-a0eb30fef92e,50.21299,132.81223,85.35516,85.35516,0.13585472,-0.5631628,-64.46943,0.16297722,5.780353,0.44396973,3.6230705,542.64557,110.498795,266.51642,-1.434597,4589.177,6.9909625,4.2422843,3.3090067,3.5445359,4.327688,3.6819558,1.0604702,2722.3438,3.8774462,3.362166,2.8835258,3.3396447,3.4042783,0.9939203,0.19733174,5990.745,5.634416,4.9895887,4.437036,4.94097,5.033547,1.1973801,0.255812,0.0,0.0,0.0,0.0,1.0,5.0,10.225506,183.0,0.9902384,3.05,1.5804056,7.5758724,0.6,2.1329484,0.009544717,0.62744254,4.1466722,7.5663276,2.1772738,2.113522,4739.791,6.3172035,4.3895955,3.61034,4.0742764,4.221256,2.7068634,0.6932377,2716.016,3.8714945,3.358259,2.8780704,3.3356924,3.3987734,0.9934242,0.19705294,0.75047016,3.6770768,0.6041667,0.6209898,0.006611269,0.14027086,1.3781695,3.6704655,0.21504872,0.77729255,989.8109,2.3850121,2.0268173,1.7356387,2.0099325,2.0472023,0.6493734,0.12737314,5988.15,5.6342773,4.9883413,4.4122725,4.9399977,5.0299535,1.2220049,0.25898987,2.1246383,10.225506,0.7625,2.9745967,0.07150749,1.0270193,5.2203107,10.153998,3.5264184,2.7463276,4639.419,6.969733,4.2616935,3.3495579,3.5422094,4.4787307,3.6201754,1.0811479,3.9149246,0.20749193,4.146638,-87.14195,3.05,10.225506,165.95186,4.392643,0.35688397,-9.227041,18.0664,-24.716503,4.4777412,10.8
98f14996-2622-4aba-bf4e-011f02dcade4,64.79234,83.08492,-36.076538,-36.076538,0.005836487,-0.623302,-78.74887,0.09083748,0.1756668,0.40954018,3.7572525,896.83997,124.6077,234.97694,-1.0034752,4619.8667,7.1106477,4.2657766,3.1679473,3.640822,4.3254604,3.9427004,1.0259616,2588.5684,3.8257668,3.2807631,2.9785643,3.2292652,3.3033018,0.84720254,0.14931326,5968.918,5.6203074,4.9833517,4.588418,4.951047,4.9949837,1.0318894,0.19157764,0.0,0.0,0.0,0.0,1.0,5.0,11.00549,176.0,1.5233223,2.9333334,0.9840099,7.7574806,0.6041667,2.0738444,0.067794226,0.6568693,5.452515,7.6896863,1.2019831,2.3155215,4625.6406,6.3169804,4.3498077,3.7501123,4.0984383,4.228916,2.566868,0.5938681,2581.018,3.8221536,3.2759633,2.980778,3.216735,3.2988222,0.8413756,0.14935564,0.5412743,3.4999971,0.60833335,0.64262015,0.028223123,0.1067413,1.5232707,3.471774,0.39919442,0.78100044,969.53015,2.4075592,2.0070293,1.7828445,1.9746093,2.0195003,0.6247146,0.10743578,6008.248,5.619327,4.9996357,4.5639477,4.9675827,5.035054,1.0553794,0.19494186,1.4231231,11.00549,0.73333335,3.2414272,0.15526043,1.6391617,6.6955276,10.85023,3.207896,2.903061,4677.5366,7.0638313,4.3049374,3.3079436,3.573533,4.3825603,3.7558877,0.9783933,4.066565,0.18355615,4.1038513,-81.74715,2.9333334,11.00549,164.42993,-1.2644576,1.7354964,-10.793981,18.537333,-24.608498,4.7529635,6.02
d4492b96-97c5-474c-9c20-31282797b2e9,53.75539,138.17294,77.96014,77.96014,0.15950966,-0.56123877,-63.960472,0.47706985,6.308784,0.47891808,3.9852545,734.3215,112.64332,254.01259,-1.3904591,5112.5244,6.979211,4.487134,3.2076752,3.6818333,4.8255706,3.7715356,1.0806537,2736.3118,3.8907347,3.3717153,2.9011266,3.3418803,3.3977818,0.98960805,0.18120338,6060.615,5.648914,5.019797,4.516321,4.9614344,5.017739,1.1325927,0.23281446,0.0,0.0,0.0,0.0,1.0,5.0,11.564055,192.0,0.9446726,3.2,1.5516247,7.271503,0.6041667,2.3032415,0.061702922,1.2194259,3.488002,7.2098002,2.9539132,1.8968233,4989.541,6.388659,4.499713,3.834222,4.0905066,4.5335474,2.554437,0.73643607,2720.6064,3.8829315,3.3619032,2.8884811,3.3337548,3.3835537,0.99445033,0.18294096,0.60431224,3.7071471,0.60833335,0.74913424,0.028431615,0.5617149,1.4872544,3.6787155,0.3432556,0.7529575,996.87756,2.408093,2.0343034,1.7320309,2.0009434,2.057879,0.6760621,0.12355737,6052.702,5.651613,5.015959,4.468498,4.9616003,5.0298605,1.183115,0.24443881,1.3494254,11.564055,0.8,3.2042906,0.2570537,1.6103836,4.107592,11.307002,5.74976,2.7840164,5187.808,7.086881,4.50234,3.1924775,3.595004,5.02429,3.8944037,1.1596572,4.280252,0.109838314,4.481678,-80.954506,3.2,11.564055,167.96402,4.964847,1.0589218,-10.390204,18.195179,-24.27988,4.3653727,13.35
c8d8235b-4f27-4a73-95ca-21a0d93ff320,28.655027,98.01808,-176.55386,-176.55386,0.090423584,-0.69992924,-82.183754,0.08507156,2.0201683,0.4105301,3.9008472,1100.0447,114.9723,74.90249,-1.1038418,5972.1133,7.0699286,4.851025,3.3129382,3.8970945,6.0752,3.7569904,1.1624817,2737.4736,3.8791,3.3725183,2.904299,3.3730664,3.4209175,0.97480106,0.17960988,6061.0723,5.6413445,5.0199475,4.569109,4.9479227,5.1885443,1.0722356,0.23365746,0.0,0.0,0.0,0.0,1.0,5.0,8.350574,214.0,1.1283939,3.5666666,1.9784721,6.558305,0.5875,1.9572463,0.06416315,0.60686225,2.8016973,6.4941416,2.441953,1.7472547,5406.0195,6.3834314,4.6745453,3.783612,4.102206,5.4927406,2.5998194,0.8207981,2727.571,3.8731542,3.3663504,2.8926568,3.3696976,3.409814,0.98049736,0.18045622,0.821387,3.7729862,0.59166664,0.78667057,0.040979113,0.38641116,1.6498332,3.732007,0.28905097,0.786436,990.04395,2.4202242,2.027674,1.769002,2.0109506,2.049626,0.6512222,0.11713757,6061.0225,5.6506734,5.0197215,4.5284176,4.961193,5.1666083,1.1222558,0.23803583,2.5768523,8.350574,0.89166665,2.6036623,0.1073803,0.7823474,3.2157786,8.243194,3.8396704,2.298799,5953.9707,7.106895,4.818624,3.2410305,3.8782067,6.1594353,3.8658645,1.2605855,3.8994405,0.35526267,4.2560434,-78.817955,3.5666666,8.350574,168.92395,-0.06826401,-1.1335945,-8.272991,18.572056,-24.740576,4.548762,-1.54
aa164861-4240-4e7d-a9c3-5e4d5bd1e300,65.44725,112.37549,71.62224,71.62224,0.08501625,-0.56542444,-75.82894,0.11937523,2.6875875,0.48647118,3.7914917,941.45087,118.48374,236.53792,-1.3486996,4644.558,7.0917883,4.248369,3.235027,3.457583,4.784047,3.8567612,1.1417886,2653.6814,3.8776298,3.3206055,2.9281132,3.2995594,3.3535717,0.94951653,0.17488596,5884.848,5.627571,4.94717,4.657313,4.804657,5.0157747,0.97025824,0.21380797,0.0,0.0,0.0,0.0,1.0,5.0,11.922059,177.0,1.3244634,2.95,2.0696592,8.107316,0.73333335,2.2345343,0.043047972,1.267775,4.2704773,8.064268,1.3302249,2.0236835,4670.287,6.3306274,4.3573623,3.7586215,3.9552243,4.357045,2.572006,0.68769383,2629.151,3.86816,3.305187,2.9205654,3.2938838,3.331278,0.94759464,0.17473727,0.65092236,3.5341825,0.6,0.6815785,0.021962076,0.34982234,1.5070629,3.5122204,0.21850641,0.76547277,972.3992,2.3971407,2.0092275,1.7342277,1.9944893,2.0354867,0.6629131,0.12111068,5868.7266,5.6208515,4.939929,4.6191115,4.7816153,5.0468984,1.00174,0.22387883,3.0781152,11.922059,0.7375,3.4498134,0.13424194,1.846168,5.374934,11.787817,3.500036,2.8907804,4613.0093,7.050166,4.2309937,3.0839171,3.4365306,4.835,3.966249,1.1487217,3.9181547,0.40723434,4.0216684,-83.87955,2.95,11.922059,168.8542,2.7698705,0.92021936,-11.559261,18.25106,-24.86813,4.654699,5.6
ef2096a0-57fb-4bfc-90c6-b37aa7d57bb9,63.98727,145.38667,75.98773,75.98773,0.17419624,-0.6265378,-52.14608,0.44391823,6.661033,0.43320847,3.6955545,1593.0859,120.96875,230.88911,-1.3568268,4655.6846,7.0981903,4.2701597,3.2464108,3.5800588,4.749357,3.8517795,1.0790831,2688.4026,3.8832574,3.3426497,2.9520519,3.3116333,3.3767705,0.9312055,0.1684375,5919.1934,5.6359453,4.961837,4.6456532,4.8631344,5.0178094,0.9902921,0.20852216,0.0,0.0,0.0,0.0,1.0,5.0,10.967877,186.0,0.72851276,3.1,1.8517627,6.71569,0.60833335,2.1301959,0.028294126,0.9006726,3.6428282,6.687396,2.12552,1.8847455,4795.0845,6.343031,4.4182324,3.8316312,4.0605783,4.5027857,2.5113997,0.6773039,2677.0356,3.867773,3.3356159,2.9481916,3.3078976,3.3696933,0.9195814,0.16727674,0.5680699,3.5362847,0.6125,0.6394876,0.026613483,0.23467524,1.5456492,3.5096712,0.2095562,0.79375184,973.94336,2.406248,2.0109775,1.7427226,2.0023098,2.03904,0.66352546,0.11860594,5922.675,5.6253586,4.9630117,4.6039467,4.8671217,5.04224,1.0214119,0.21523435,2.515694,10.967877,0.775,3.4855752,0.051898625,1.9945277,4.761066,10.915978,4.671013,2.7779274,4732.451,7.0574074,4.2925887,3.2510061,3.4830954,4.915248,3.8064013,1.1367614,3.7139065,0.2913242,4.1590548,-80.91949,3.1,10.967877,172.57027,6.53017,1.6296386,-8.659994,18.135933,-24.339102,4.076721,12.4
92fec131-78a8-4efd-a8fe-41487e8ba495,62.08608,156.31194,91.93566,91.93566,0.14667892,-0.63071537,-44.556248,1.0710869,6.4524074,0.43587112,3.9046094,484.51782,115.59711,255.14418,-0.8368778,5145.9434,7.040044,4.5095015,3.1884224,3.8480556,4.8901367,3.8516214,1.0515828,2674.433,3.860639,3.3325012,2.8773782,3.3129275,3.3490162,0.98326087,0.19469729,6036.951,5.629155,5.0098023,4.526982,4.9530377,5.032114,1.1021733,0.23631337,0.0,0.0,0.0,0.0,1.0,5.0,11.440149,192.0,0.6446228,3.2,1.7171378,6.7967997,0.6041667,2.136531,0.021007624,0.72493863,3.4184422,6.775792,2.6856058,1.8302697,5030.116,6.392581,4.521255,3.7847712,4.1238317,4.658609,2.6078098,0.7190752,2663.06,3.8554313,3.3252764,2.8684363,3.309644,3.3495169,0.986995,0.19652078,0.7362938,3.6868117,0.60833335,0.7154542,0.0047779563,0.34627932,1.4163251,3.6820338,0.36291853,0.7069486,988.2822,2.3760972,2.025638,1.7481964,2.0077245,2.0542948,0.62790084,0.12096589,6059.333,5.6351037,5.018511,4.4986596,4.9567633,5.062294,1.1364441,0.24853094,2.158424,11.440149,0.8,3.2986083,0.10699157,0.911906,4.455262,11.333158,5.668841,2.8888657,5375.3467,7.1028867,4.6085744,3.3124092,3.88631,5.1183376,3.7904775,1.0762508,3.924157,0.21012795,4.258547,-85.606926,3.2,11.440149,165.75214,8.147163,-0.27534485,-8.026514,18.836542,-23.878521,4.0631313,4.54
b90fd602-80f0-452b-a8c1-16c2cf0d3eef,55.024128,123.24718,-3.3556318,-3.3556318,0.34819984,-0.90227175,-64.88931,0.0003376007,1.2430285,0.5877228,4.56218,1520.4336,112.4922,70.029144,-0.68626213,5255.9653,7.230859,4.5700364,3.2347996,3.846886,5.345345,3.9960592,1.0948298,2736.3896,4.0254908,3.3835359,2.883495,3.359748,3.4606905,1.1419957,0.22162846,6072.9883,5.7903852,5.0453057,4.623726,4.9738283,5.1602993,1.1666594,0.2483064,0.0,0.0,0.0,0.0,1.0,5.0,12.552494,232.0,0.26997757,3.8666666,1.5993724,7.619688,0.96666664,2.2058506,0.01806647,0.45825556,3.8469343,7.6016216,2.9697685,2.1838078,5070.0596,6.5911593,4.562779,4.0368166,4.1425877,4.678592,2.5543427,0.69557095,2723.9827,4.0153975,3.3758316,2.873158,3.3544133,3.459,1.1422396,0.22150896,0.71254534,4.655601,0.96666664,0.93006235,0.019289216,0.20028888,1.9108549,4.636312,0.8941674,0.9494298,1007.6349,2.5319097,2.0515633,1.7360394,2.0281136,2.1226258,0.7958703,0.15763217,6098.96,5.805626,5.055868,4.592208,5.0094414,5.1658077,1.213418,0.2531316,2.075828,14.198504,0.96666664,3.5729022,0.09126693,1.718995,4.5036407,14.107238,6.166019,3.315872,5335.6455,7.3371353,4.601462,3.3202486,3.8491757,5.3544264,4.0168867,1.1158947,4.053267,0.39638677,4.9585958,-86.90677,3.8666666,12.552494,168.4872,-0.008268355,0.8722972,-10.305633,18.591085,-24.957108,3.7549098,22.96
